id,group_key,image_path,object_type,center_x,center_y,bbox_width,bbox_height,area_ratio,aspect_ratio,past_dx,past_dy,past_motion_ratio,future_correction_dx_1,future_correction_dy_1,future_correction_dx_2,future_correction_dy_2,future_correction_dx_3,future_correction_dy_3,future_correction_dx_4,future_correction_dy_4,future_correction_dx_5,future_correction_dy_5,future_correction_dx_6,future_correction_dy_6,future_correction_dx_7,future_correction_dy_7,future_correction_dx_8,future_correction_dy_8
0043e356c28e5726,b0fe05f41b,images/train/0043e356c28e5726.jpg,USV,0.33932291666666664,0.4646139705882353,0.0703125,0.06158088235294118,0.004329905790441176,2.014925373134328,-0.006510416666666667,-0.011029411764705883,0.18219532220653034,-0.12026155678271006,-0.021029343262550394,-0.23526577774978252,-0.03154401489382559,-0.376556677795043,-0.05257335815637598,-0.49681823457775304,-0.07886003723456397,-0.6328517988073759,-0.07886003723456397,-0.7636280272213611,-0.08411737305020157,-0.899661591450984,-0.08937470886583918,-0.9778644617085933,-0.11566138794402717
006177b46b0dec86,b6cf3a91b7,images/train/006177b46b0dec86.jpg,Boat,0.4010416666666667,0.41360294117647056,0.07604166666666666,0.0900735294117647,0.006849341299019608,1.489795918367347,0.004166666666666667,-0.008731617647058824,0.10383006373814882,0.0,0.0015675153642338915,0.0041800409712903774,0.003135030728467783,0.008360081942580755,0.004702546092701675,0.008360081942580755,0.006270061456935566,0.008360081942580755,0.012017617792459835,0.008360081942580755,0.013585133156693727,0.008360081942580755,0.015152648520927618,0.008360081942580755,0.01672016388516151
0118a17a17f26e0c,3c1c8b0c56,images/train/0118a17a17f26e0c.jpg,Boat,0.26838235294117646,0.4416360294117647,0.11213235294117647,0.019301470588235295,0.002164319312283737,5.809523809523809,0.0013786764705882354,0.004595588235294118,0.10313205952464768,-0.0037043474048137483,-0.0024695649365424985,0.0024695649365424985,0.004939129873084997,-0.0012347824682712493,0.0024695649365424985,-0.004939129873084997,0.0,0.02099130196061124,-0.012347824682712493,0.01728695455579749,-0.004939129873084997,0.03333912664332373,-0.0074086948096274965,0.029634779238509986,-0.009878259746169994
011f7623f5535dca,b0fe05f41b,images/train/011f7623f5535dca.jpg,USV,0.24791666666666667,0.4811580882352941,0.090625,0.08363970588235294,0.007579848345588235,1.9120879120879122,-0.015625,-0.008272058823529412,0.24890818807989648,0.009933783547903955,0.00894040519311356,0.01986756709580791,0.013907296967065538,0.03377486406287345,0.018874188741017515,0.043708647610777404,0.027814593934131077,0.05364243115868136,0.036754999127244635,0.06357621470658531,0.04569540432035819,0.07748351167365085,0.05463580951347176,0.08741729522155481,0.06357621470658531
013c2a11c888a05b,b9351a7480,images/train/013c2a11c888a05b.jpg,Boat,0.5057291666666667,0.5833333333333334,0.18958333333333333,0.08888888888888889,0.01685185185185185,3.7916666666666665,-0.005989583333333334,0.009259259259259259,0.08152513994605248,-0.0003343441347741507,-0.0013373765390966028,0.002006064808644904,-0.0026747530781932056,0.004346473752063959,-0.0013373765390966028,0.004012129617289808,-0.0026747530781932056,0.0063525385607088635,-0.004012129617289808,0.008692947504127918,-0.005349506156386411,0.011033356447546973,-0.006686882695483014,0.010699012312772822,-0.008024259234579617
017920bb3810f65f,6fde253657,images/train/017920bb3810f65f.jpg,USV,0.7153645833333333,0.7791666666666667,0.044270833333333336,0.04722222222222222,0.0020905671296296297,1.6666666666666667,0.0036458333333333334,0.014814814814814815,0.2652499854601702,0.0018985212481408905,0.0,-0.003797042496281781,0.007594084992563562,-0.0018985212481408905,0.015188169985127124,-0.007594084992563562,0.015188169985127124,-0.005695563744422672,0.015188169985127124,-0.011391127488845344,0.022782254977690687,-0.009492606240704452,0.022782254977690687,-0.015188169985127124,0.030376339970254247
032e0d0e3c7cd849,b0fe05f41b,images/train/032e0d0e3c7cd849.jpg,USV,0.32421875,0.53125,0.09427083333333333,0.08272058823529412,0.007798138786764706,2.011111111111111,-0.017447916666666667,-0.01332720588235294,0.28600463191740005,-0.002448440076678482,0.002448440076678482,-0.0009793760306713926,0.0009793760306713926,0.0004896880153356963,-0.0004896880153356963,0.0019587520613427853,-0.005876256184028356,0.0034278161073498744,-0.011262824352721015,0.004896880153356964,-0.012731888398728105,0.006365944199364052,-0.018118456567420765,-0.007835008245371141,-0.023505024736113423
03836174becf4caa,b0fe05f41b,images/train/03836174becf4caa.jpg,USV,0.5953125,0.4329044117647059,0.06145833333333333,0.058823529411764705,0.0036151960784313727,1.84375,-0.0015625,-0.0009191176470588235,0.036388906858723875,0.004315193521398391,0.0014383978404661304,0.008630387042796782,0.002876795680932261,0.0014383978404661304,0.004315193521398391,0.005753591361864522,0.005753591361864522,-0.0071919892023306516,0.0071919892023306516,-0.014383978404661303,0.020137569766525823,-0.021575967606991955,0.021575967606991955,-0.034521548171187126,0.034521548171187126
038f6e5938c9583d,b6cf3a91b7,images/train/038f6e5938c9583d.jpg,Boat,0.4390625,0.4921875,0.046875,0.05238970588235294,0.002455767463235294,1.5789473684210527,-0.0010416666666666667,0.003676470588235294,0.06243905410544627,-0.003490449235764129,0.0,0.0,-0.006980898471528258,-0.003490449235764129,-0.006980898471528258,-0.006980898471528258,-0.006980898471528258,-0.010471347707292388,-0.013961796943056517,-0.013961796943056517,-0.020942695414584777,-0.017452246178820647,-0.020942695414584777,-0.020942695414584777,-0.020942695414584777
039864c34a16da91,96ae008b89,images/train/039864c34a16da91.jpg,Boat,0.22552083333333334,0.43425925925925923,0.04583333333333333,0.06481481481481481,0.002970679012345679,1.2571428571428571,-0.004166666666666667,0.001388888888888889,0.10370568995898986,0.025482359571881278,0.00398161868310645,0.04459412925079224,0.0015926474732425799,-0.1656353372172283,-0.007166913629591609,-0.159264747324258,0.0031852949464851598,-0.1656353372172283,-0.00557426615634903,-0.17837651700316895,-0.0015926474732425799,-0.1656353372172283,0.00875956110283419,-0.20385887657505022,0.012741179785940639
039ea4df08ea3508,72d433a56e,images/train/039ea4df08ea3508.jpg,Boat,0.03125,0.1714154411764706,0.0625,0.04503676470588235,0.002814797794117647,2.4489795918367347,0.016666666666666666,0.010569852941176471,0.44344239362355176,-0.006520506636966263,0.0008150633296207829,-0.013041013273932527,-0.0048903799777246975,-0.01956151991089879,0.0024451899888623487,-0.03260253318483132,-0.0032602533184831316,-0.045643546458763846,-0.008965696625828612,-0.03260253318483132,-0.014671139933174093,0.0,-0.020376583240519573,0.013041013273932527,-0.013041013273932527
03b6b9889141a1f5,1d2277871a,images/train/03b6b9889141a1f5.jpg,USV,0.46875,0.36018518518518516,0.0375,0.03333333333333333,0.00125,2.0,-0.0020833333333333333,0.005555555555555556,0.14163943093313291,0.009820927516479826,-0.004910463758239913,0.0,0.0,-0.02946278254943948,0.004910463758239913,-0.039283710065919304,0.0,-0.05892556509887896,-0.004910463758239913,-0.07856742013183861,0.0,-0.08838834764831845,-0.004910463758239913,-0.11785113019775792,0.0
04584d77e3284438,b9351a7480,images/train/04584d77e3284438.jpg,Boat,0.6221354166666667,0.5990740740740741,0.2598958333333333,0.13703703703703704,0.03561535493827161,3.3716216216216215,0.0036458333333333334,-0.006481481481481481,0.03642771308888463,-0.0013799080150858005,-0.00045996933836193354,-0.004599693383619335,-0.0009199386767238671,-0.005979601398705136,-0.0050596627219812685,-0.00919938676723867,-0.005519632060343202,-0.01057929478232447,-0.005979601398705136,-0.013799080150858005,-0.006439570737067069,-0.015178988165943806,-0.01057929478232447,-0.020238650887925074,-0.011039264120686404
048a2a9e477f7ff3,b6cf3a91b7,images/train/048a2a9e477f7ff3.jpg,Boat,0.3846354166666667,0.5321691176470589,0.07135416666666666,0.06801470588235294,0.004853132659313726,1.8513513513513513,-0.006510416666666667,0.008272058823529412,0.15297729140863756,0.0006207316272017102,-0.0012414632544034204,-0.003724389763210261,0.0024829265088068407,-0.008069511153622233,0.0012414632544034204,-0.017380485561647886,0.0,-0.021725606952059856,0.003724389763210261,-0.026070728342471827,0.0024829265088068407,-0.04034755576811116,0.0012414632544034204,-0.04469267715852313,-0.0049658530176136815
05484106a881d0b7,b0fe05f41b,images/train/05484106a881d0b7.jpg,USV,0.2421875,0.484375,0.08333333333333333,0.07904411764705882,0.006587009803921569,1.8604651162790697,0.007552083333333333,-0.001838235294117647,0.12478178627526741,0.0015984242331339223,-0.006393696932535689,-0.0010656161554226148,-0.004262464621690459,-0.007992121165669611,-0.006393696932535689,-0.014918626175916608,-0.004262464621690459,-0.009057737321092227,-0.0021312323108452296,-0.0031968484662678446,-0.008524929243380918,0.002664040388556537,-0.006393696932535689,0.008524929243380918,-0.008524929243380918
05576c9e01652c94,b6cf3a91b7,images/train/05576c9e01652c94.jpg,Boat,0.4356770833333333,0.49494485294117646,0.04739583333333333,0.05238970588235294,0.002483053768382353,1.5964912280701755,-0.0015625,0.00045955882352941176,0.0422291891336237,-0.0017356089820735339,-0.0008678044910367669,-0.0034712179641470677,-0.0017356089820735339,0.0017356089820735339,-0.002603413473110301,-0.006942435928294135,-0.0034712179641470677,-0.0017356089820735339,-0.004339022455183835,0.0034712179641470677,-0.012149262874514738,-0.005206826946220602,-0.013017067365551504,0.0,-0.02082730778488241
05ee91e42df8b21d,b9351a7480,images/train/05ee91e42df8b21d.jpg,Boat,0.5375,0.43148148148148147,0.14375,0.08148148148148149,0.011712962962962963,3.1363636363636362,-0.004166666666666667,0.011111111111111112,0.09254134140073664,0.0,0.0032082937646209083,-0.0032082937646209083,0.0032082937646209083,-0.0032082937646209083,0.006416587529241817,-0.0032082937646209083,0.006416587529241817,-0.009624881293862726,0.009624881293862726,-0.009624881293862726,0.009624881293862726,-0.012833175058483633,0.009624881293862726,-0.012833175058483633,0.009624881293862726
061073b45b5514f3,1d2277871a,images/train/061073b45b5514f3.jpg,USV,0.34401041666666665,0.48333333333333334,0.0390625,0.03333333333333333,0.0013020833333333333,2.0833333333333335,-0.013802083333333333,-0.0125,0.5723570499195345,0.025259074277046125,-0.006014065304058602,0.060140653040586016,-0.021650635094610966,0.08539972731763214,-0.027664700398669567,0.12990381056766578,-0.04330127018922193,0.17440789381769944,-0.058937839979774295,0.20928947258123934,-0.06495190528383289,0.23454854685828547,-0.08058847507438525,0.29829763908130663,-0.08660254037844387
065b4e669931e8f6,b9351a7480,images/train/065b4e669931e8f6.jpg,Boat,0.4075520833333333,0.6027777777777777,0.1453125,0.09074074074074075,0.01318576388888889,2.8469387755102042,-0.00703125,-0.03287037037037037,0.22969036158417008,0.0011339297053588437,-0.0034017891160765313,-0.0007559531369058958,-0.006803578232153063,-0.0026458359791706352,-0.010205367348229593,-0.004535718821435375,-0.013607156464306125,-0.0034017891160765313,-0.01096132048513549,-0.0052916719583412705,-0.01436310960121202,-0.00718155480060601,-0.017764898717288553,-0.00907143764287075,-0.021166687833365082
065f4dee40f49174,c230f95bbd,images/train/065f4dee40f49174.jpg,USV,0.42604166666666665,0.6226851851851852,0.10104166666666667,0.09722222222222222,0.00982349537037037,1.8476190476190477,-0.005989583333333334,-0.012037037037037037,0.12160964292696028,-0.0004379096371056532,0.0008758192742113065,-0.004379096371056533,0.001751638548422613,-0.004817006008162186,0.006130734919479145,-0.008758192742113065,0.003503277096845226,-0.009196102379218718,0.007882373467901759,-0.009634012016324371,0.008758192742113065,-0.01357519875027525,0.016640566210014824,-0.014013108387380903,0.021019662581071356
066de988b38847f7,b9351a7480,images/train/066de988b38847f7.jpg,Boat,0.43203125,0.49074074074074076,0.04739583333333333,0.053703703703703705,0.0025453317901234567,1.5689655172413792,-0.0015625,-0.002777777777777778,0.05839848217828566,0.005161745344908442,0.005161745344908442,0.003441163563272295,0.003441163563272295,0.0017205817816361474,0.0017205817816361474,0.00688232712654459,0.0,0.005161745344908442,0.005161745344908442,0.010323490689816884,-0.003441163563272295,0.008602908908180737,0.0017205817816361474,0.00688232712654459,-0.00688232712654459
067471425942f1a5,b0fe05f41b,images/train/067471425942f1a5.jpg,USV,0.39010416666666664,0.47058823529411764,0.08020833333333334,0.07352941176470588,0.005897671568627451,1.925,0.021354166666666667,-0.004595588235294118,0.37212098298003293,-0.0011261718283694486,-0.003378515485108346,-0.011261718283694487,-0.006757030970216692,-0.021397264739019525,-0.005630859141847243,-0.02702812388086677,-0.004504687313477794,-0.05067773227662519,-0.00788320279858614,-0.06982265335890582,-0.011261718283694487,-0.08896757444118644,-0.014640233768802833,-0.10811249552346708,-0.018018749253911177
0676943ab19879a6,b9351a7480,images/train/0676943ab19879a6.jpg,Boat,0.4901041666666667,0.38935185185185184,0.10208333333333333,0.049074074074074076,0.005009645061728395,3.69811320754717,0.002864583333333333,-0.025,0.2703500348010041,0.007971818443450702,0.023302238527009744,0.0061321680334236175,0.04660447705401949,0.01410398647687432,0.06990671558102923,0.01717007049358613,0.08830321968130009,0.020236154510297935,0.12141692706178762,0.01839650410027085,0.14962490001553627,0.02146258811698266,0.1827386073960238,0.02452867213369447,0.21585231477651132
06ab9dc729fd7871,f126b8aae2,images/train/06ab9dc729fd7871.jpg,USV,0.5567708333333333,0.5712962962962963,0.07395833333333333,0.06851851851851852,0.0050675154320987655,1.9189189189189189,-0.009114583333333334,-0.0032407407407407406,0.1740983624773136,-0.003048526605619409,-0.0006097053211238818,-0.006097053211238818,-0.006097053211238818,-0.004267937247867172,-0.0018291159633716453,-0.007316463853486581,-0.007316463853486581,-0.005487347890114936,-0.012803811743601517,-0.0134135170647254,-0.02316880220270751,-0.011584401101353755,-0.028656150092822446,-0.019510570275964218,-0.043898783120919486
06e0681f590e1ac3,c230f95bbd,images/train/06e0681f590e1ac3.jpg,USV,0.3229166666666667,0.6398148148148148,0.1125,0.08888888888888889,0.01,2.25,-0.0013020833333333333,0.006481481481481481,0.05161829426152259,0.002170138888888889,0.0008680555555555555,0.0008680555555555555,0.001736111111111111,0.0030381944444444445,-0.0008680555555555555,0.005208333333333333,-0.003472222222222222,0.007378472222222222,-0.0026041666666666665,0.009548611111111112,-0.001736111111111111,0.01171875,-0.0008680555555555555,0.013888888888888888,-0.003472222222222222
0734fb8d983c1952,b9351a7480,images/train/0734fb8d983c1952.jpg,Boat,0.48854166666666665,0.4703703703703704,0.03333333333333333,0.016666666666666666,0.0005555555555555556,3.5555555555555554,0.0020833333333333333,-0.001851851851851852,0.13176156917368248,-0.014731391274719742,0.007365695637359871,0.0,0.0,-0.014731391274719742,-0.007365695637359871,0.0,0.0,-0.014731391274719742,0.007365695637359871,0.0,0.014731391274719742,0.0,-0.007365695637359871,0.0,-0.014731391274719742
074b98471f114057,6fde253657,images/train/074b98471f114057.jpg,USV,0.653125,0.6083333333333333,0.07708333333333334,0.07777777777777778,0.0059953703703703705,1.7619047619047619,0.0018229166666666667,-0.009722222222222222,0.09926531923891448,0.0005605437526048244,0.007287068783862718,0.0056054375260482445,0.010089787546886839,0.010650331299491665,0.012892506309910961,0.011210875052096489,0.020179575093773678,0.016255768825539908,0.027466643877636397,0.02130066259898333,0.03026936264066052,0.021861206351588152,0.03755643142452324,0.02690610012503157,0.040359150187547356
0756bba1dfc58350,6fde253657,images/train/0756bba1dfc58350.jpg,USV,0.7278645833333334,0.4074074074074074,0.0609375,0.06481481481481481,0.003949652777777778,1.6714285714285715,0.00390625,0.01574074074074074,0.20531699188101105,-0.004834327925961012,0.009668655851922024,-0.03176844065631522,0.024862257904942345,-0.04765266098447283,0.04005585995796267,-0.06906182751372875,0.05524946201098299,-0.09047099404298466,0.07044306406400332,-0.10635521437114226,0.08011171991592533,-0.13328932710149646,0.11740510677333886,-0.16022343983185067,0.14917354742965408
076799067808344b,96ae008b89,images/train/076799067808344b.jpg,Boat,0.22682291666666668,0.4361111111111111,0.04739583333333333,0.06481481481481481,0.003071952160493827,1.3,-0.0013020833333333333,-0.000925925925925926,0.03373644270990934,0.003915437586192095,0.0015661750344768378,0.00783087517238419,0.0031323500689536756,0.005481612620668932,-0.00783087517238419,0.0031323500689536756,-0.006264700137907351,0.007047787655145771,-0.010963225241337865,0.0046985251034305136,-0.01566175034476838,0.0023492625517152568,-0.014095575310291542,0.0,-0.025058800551629404
07aef39268b935f6,c230f95bbd,images/train/07aef39268b935f6.jpg,USV,0.06041666666666667,0.8625,0.12083333333333333,0.10833333333333334,0.013090277777777777,1.982905982905983,0.020833333333333332,-0.005555555555555556,0.24550182581407215,0.003034821003038457,-0.013656694513673058,0.006069642006076914,-0.027313389027346115,0.006069642006076914,-0.04097008354101917,0.009104463009115372,-0.0424874940425384,0.045522315045576855,-0.059179009559249915,0.0849749880850768,-0.07587052507596143,0.12139284012153828,-0.09256204059267294,0.15781069215799978,-0.106218735106346
09214edc1de67d21,c230f95bbd,images/train/09214edc1de67d21.jpg,USV,0.37473958333333335,0.5800925925925926,0.08385416666666666,0.0712962962962963,0.005978491512345679,2.090909090909091,0.00546875,-0.004629629629629629,0.10445045502945542,-0.0028066723815264798,0.0056133447630529595,-0.0011226689526105918,0.0022453379052211836,0.0005613344763052959,0.007858682668274143,0.0022453379052211836,0.013472027431327102,-0.0005613344763052959,0.010104020573495326,-0.0033680068578317754,0.015717365336548286,-0.0016840034289158877,0.01234935847871651,0.0,0.01796270324176947
095663501f926eac,c230f95bbd,images/train/095663501f926eac.jpg,USV,0.40182291666666664,0.5819444444444445,0.0796875,0.06944444444444445,0.005533854166666667,2.04,0.0036458333333333334,0.0,0.06534640392130713,0.0011669000700233415,0.0,0.002333800140046683,0.0,-0.0011669000700233415,0.0,-0.004667600280093366,0.0,-0.0035007002100700246,-0.009335200560186732,-0.002333800140046683,-0.009335200560186732,-0.0011669000700233415,-0.009335200560186732,-0.009335200560186732,-0.018670401120373464
09bc43f84ce18e89,ace8fc6a18,images/train/09bc43f84ce18e89.jpg,Boat,0.2786458333333333,0.37775735294117646,0.06041666666666667,0.0974264705882353,0.005886182598039216,1.0943396226415094,-0.0020833333333333333,-0.003676470588235294,0.05101443274928474,-0.00450908141692554,-0.00450908141692554,-0.00901816283385108,0.0,-0.0225454070846277,-0.00450908141692554,-0.02705448850155324,-0.00450908141692554,-0.031563569918478786,-0.00450908141692554,-0.0450908141692554,0.0,-0.04959989558618094,-0.00450908141692554,-0.058618058420032024,0.0
09c830e30c0e90dc,ace8fc6a18,images/train/09c830e30c0e90dc.jpg,Boat,0.11302083333333333,0.39981617647058826,0.09166666666666666,0.07352941176470588,0.006740196078431373,2.2,-0.007291666666666667,0.003676470588235294,0.12270622715175535,-0.0021068745701976316,0.0,0.004213749140395263,0.0,0.0063206237105928945,-0.004213749140395263,0.008427498280790527,0.0,0.010534372850988157,-0.004213749140395263,0.012641247421185789,-0.004213749140395263,0.018961871131778683,-0.004213749140395263,0.016854996561581053,-0.004213749140395263
09e330dfcd21a344,055abdf17e,images/train/09e330dfcd21a344.jpg,USV,0.5192708333333333,0.2324074074074074,0.03958333333333333,0.03888888888888889,0.0015393518518518519,1.8095238095238095,-0.006510416666666667,-0.005555555555555556,0.2454153555543227,-0.007743666059114876,-0.004424952033779929,-0.0066374280506698935,-0.008849904067559857,-0.005531190042224911,-0.013274856101339787,-0.004424952033779929,0.0,-0.0033187140253349468,-0.004424952033779929,-0.011062380084449822,-0.008849904067559857,-0.018806046143564698,-0.004424952033779929,-0.026549712202679574,-0.008849904067559857
09e982040d6d67fd,b0fe05f41b,images/train/09e982040d6d67fd.jpg,USV,0.5979166666666667,0.5657169117647058,0.06666666666666667,0.06893382352941177,0.004595588235294118,1.7066666666666668,0.015885416666666666,0.0013786764705882354,0.31166555258267903,0.001913663861549358,0.00318943976924893,0.003827327723098716,0.011481983169296148,0.005740991584648074,0.00956831930774679,0.002551551815399144,0.007654655446197432,-0.000637887953849786,0.005740991584648074,-0.003827327723098716,0.003827327723098716,0.008292543400047217,0.0070167674923476454,0.020412414523193152,0.010206207261596576
0a679c3fde290e9e,f126b8aae2,images/train/0a679c3fde290e9e.jpg,USV,0.4583333333333333,0.3537037037037037,0.08229166666666667,0.07962962962962963,0.006552854938271605,1.8372093023255813,0.006510416666666667,0.002777777777777778,0.11027903698986152,0.0037531877335253393,0.0010723393524358113,0.0075063754670506785,0.006434036114614868,0.0069702057908327735,0.003217018057307434,0.010723393524358112,0.00857871481948649,0.014476581257883453,0.005361696762179056,0.013940411581665547,0.010723393524358112,0.02198295672493413,0.01608509028653717,0.02573614445845947,0.021446787048716224
0a7650d1e94176ea,b9351a7480,images/train/0a7650d1e94176ea.jpg,Boat,0.3971354166666667,0.5560185185185185,0.0796875,0.10092592592592593,0.008042534722222222,1.4036697247706422,0.0018229166666666667,-0.000925925925925926,0.02818700774130959,0.00048397290992154354,-0.00677562073890161,-0.0029038374595292613,-0.0058076749190585225,-0.006291647828980066,-0.004839729099215435,-0.0058076749190585225,-0.011615349838117045,-0.009195485288509327,-0.010647404018273958,-0.012583295657960132,-0.00967945819843087,-0.015971106027410937,-0.01645507893733248,-0.01935891639686174,-0.02323069967623409
0afc495d837b7330,b6cf3a91b7,images/train/0afc495d837b7330.jpg,Boat,0.0875,0.7458639705882353,0.175,0.1130514705882353,0.019784007352941176,2.731707317073171,-0.007291666666666667,-0.00505514705882353,0.07398984193288162,0.006148763917718284,-0.001537190979429571,0.012297527835436568,-0.003074381958859142,0.01844629175315485,-0.004611572938288713,0.024595055670873136,-0.006148763917718284,0.03074381958859142,-0.007685954897147855,0.0368925835063097,-0.009223145876577426,0.04304134742402799,-0.010760336856006997,0.04919011134174627,-0.014757033402523882
0b048325cfd857fa,055abdf17e,images/train/0b048325cfd857fa.jpg,USV,0.34140625,0.5893518518518519,0.08177083333333333,0.08981481481481482,0.00734423225308642,1.6185567010309279,0.00078125,0.005092592592592593,0.04619617173262321,0.0025322951799613682,0.0025322951799613682,0.0010129180719845473,0.0010129180719845473,-0.0005064590359922736,0.0035452132519459153,0.0020258361439690945,0.006077508431907284,-0.035958591555451426,0.01671314818774503,-0.06989134696693376,0.03140046023152097,-0.16459918669748894,0.07444947829086422,-0.2593070264280441,0.12155016863814568
0b479f278046af72,f21beac8ce,images/train/0b479f278046af72.jpg,USV,0.5473958333333333,0.4583333333333333,0.22395833333333334,0.27037037037037037,0.060551697530864194,1.4726027397260273,-0.00234375,-0.001388888888888889,0.01338645571312339,0.00017638204104351445,-0.0008819102052175722,-0.0024693485746092023,-0.0003527640820870289,-0.0022929665335656877,0.00017638204104351445,-0.004938697149218405,-0.0007055281641740578,-0.00476231510817489,-0.00158743836939163,-0.007408045723827607,-0.0010582922462610866,-0.008642720011132208,-0.001940202451478659,-0.00987739429843681,-0.002822112656696231
0bcd74f7bee43ea3,72d433a56e,images/train/0bcd74f7bee43ea3.jpg,Boat,0.19791666666666666,0.28125,0.08333333333333333,0.04411764705882353,0.003676470588235294,3.3333333333333335,-0.0020833333333333333,0.012408088235294117,0.16066674230634456,-0.00570544330734548,0.0035659020670909254,-0.00570544330734548,-0.00427908248050911,-0.01711632992203644,-0.000713180413418185,-0.028527216536727403,0.00285272165367274,-0.03423265984407288,0.006418623720763665,-0.05134898976610932,0.00427908248050911,-0.057054433073454806,0.002139541240254555,-0.07417076299549125,0.00570544330734548
0c316d3079e2fa74,055abdf17e,images/train/0c316d3079e2fa74.jpg,USV,0.4703125,0.4587962962962963,0.05,0.04351851851851852,0.0021759259259259258,2.0425531914893615,0.00390625,0.001851851851851852,0.115556393773101,0.008374096886841756,0.011165462515789006,-0.005582731257894503,0.029774566708770683,0.025122290660525265,0.0037218208385963354,0.026052745870174348,0.0,0.0344268427570161,0.011165462515789006,0.04280093964385786,-0.007443641677192671,0.0288441114991216,-0.011165462515789006,0.044661850063156025,-0.014887283354385342
0c47fb76db9741e4,c230f95bbd,images/train/0c47fb76db9741e4.jpg,USV,0.43359375,0.5458333333333333,0.14114583333333333,0.10648148148148148,0.015029417438271605,2.356521739130435,-0.0005208333333333333,0.001388888888888889,0.010211936717986822,-0.0021242112379900925,0.0017701760316584103,-0.004248422475980185,0.0007080704126633642,-0.0035403520633168206,-0.0003540352063316821,-0.0056645633013069135,0.004248422475980185,-0.004956492888643549,0.0031863168569851385,-0.009912985777287098,0.0021242112379900925,-0.01203719701527719,0.0010621056189950462,-0.01699368990392074,0.0
0c7d2d1af6b1cae6,3c1c8b0c56,images/train/0c7d2d1af6b1cae6.jpg,Boat,0.3005514705882353,0.40762867647058826,0.11213235294117647,0.017463235294117647,0.00195819366349481,6.421052631578948,-0.011029411764705883,0.004595588235294118,0.27001422005822157,0.010385162309931598,0.007788871732448699,0.0,0.005192581154965799,0.010385162309931598,0.0025962905774828994,0.010385162309931598,0.010385162309931598,0.010385162309931598,-0.0025962905774828994,0.020770324619863195,0.005192581154965799,0.031155486929794796,-0.007788871732448699,0.04154064923972639,0.0
0cb95a15ffe70534,b6cf3a91b7,images/train/0cb95a15ffe70534.jpg,Boat,0.4161458333333333,0.5055147058823529,0.075,0.09558823529411764,0.007169117647058823,1.3846153846153846,0.0013020833333333333,0.022058823529411766,0.19717726254121662,0.0015321573057670626,0.0,-0.0010214382038447084,0.0,-0.0035750337134564797,-0.008171505630757667,-0.0061286292230682505,-0.008171505630757667,-0.008682224732680021,-0.008171505630757667,-0.015321573057670627,-0.012257258446136501,-0.0178751685672824,-0.016343011261515335,-0.02042876407689417,-0.024514516892273002
0cfc90b809093ce4,b9351a7480,images/train/0cfc90b809093ce4.jpg,Boat,0.56171875,0.6351851851851852,0.29635416666666664,0.13333333333333333,0.03951388888888889,3.951388888888889,0.0005208333333333333,-0.012037037037037037,0.04554986366678267,-0.00043668938348991515,0.002183446917449576,-0.0008733787669798303,0.004366893834899152,-0.0013100681504697453,0.0048035832183890665,-0.0017467575339596606,0.005240272601878981,-0.002183446917449576,0.005676961985368897,-0.0026201363009394907,0.007860408902818472,0.00043668938348991515,0.010043855820268049,0.0017467575339596606,0.013974060271677285
0d030870007fec79,6fde253657,images/train/0d030870007fec79.jpg,USV,0.7994791666666666,0.40694444444444444,0.057291666666666664,0.06944444444444445,0.003978587962962963,1.4666666666666666,0.0,0.014351851851851852,0.1706493835945859,0.0,0.0006881023532039754,0.0,0.012385842357671558,0.0,0.013073944710875533,0.0,0.024771684715343117,0.0,0.02545978706854709,0.0,0.03715752707301467,-0.005504818825631803,0.03784562942621865,-0.005504818825631803,0.049543369430686234
0d646701c9fce9e4,3c1c8b0c56,images/train/0d646701c9fce9e4.jpg,Boat,0.3538602941176471,0.6263786764705882,0.1323529411764706,0.02665441176470588,0.003527789792387543,4.9655172413793105,0.008272058823529412,0.0013786764705882354,0.14119258063930346,-0.0019343264393442904,-0.0029014896590164358,-0.011605958636065743,-0.0058029793180328715,-0.0058029793180328715,-0.008704468977049308,-0.015474611514754323,-0.011605958636065743,-0.017408937954098615,-0.02224475405245934,-0.011605958636065743,-0.025146243711475776,-0.013540285075410033,-0.02804773337049221,-0.015474611514754323,-0.023211917272131486
0db621db11ba4482,b9351a7480,images/train/0db621db11ba4482.jpg,Boat,0.41302083333333334,0.4337962962962963,0.07395833333333333,0.09351851851851851,0.006916473765432099,1.4059405940594059,-0.00026041666666666666,0.015277777777777777,0.13784099336033812,0.0005218854130225873,0.0036531978911581112,0.0010437708260451746,0.003131312478135524,0.001565656239067762,0.0026094270651129364,0.002087541652090349,0.006262624956271048,0.0026094270651129364,0.00991582284742916,0.003131312478135524,0.01774410404276797,0.0036531978911581112,0.02139730193392608,0.012525249912542096,0.02922558312926489
0dc43016f107ffcc,c230f95bbd,images/train/0dc43016f107ffcc.jpg,USV,0.48515625,0.5736111111111111,0.3109375,0.31203703703703706,0.0970240162037037,1.771513353115727,0.0013020833333333333,0.0023148148148148147,0.007882298737330942,-0.002926154116465057,0.0004180220166378653,-0.00473758285522914,0.0008360440332757306,-0.005434286216292249,0.00013934067221262178,-0.008360440332757306,0.0005573626888504871,-0.009057143693820414,-0.00013934067221262178,-0.011983297810285473,-0.0008360440332757306,-0.012680001171348581,-0.0004180220166378653,-0.014491429910112664,0.0
0e6a07253cfc0efd,6fde253657,images/train/0e6a07253cfc0efd.jpg,USV,0.6697916666666667,0.625462962962963,0.052083333333333336,0.05462962962962963,0.0028452932098765433,1.694915254237288,-0.0018229166666666667,0.001388888888888889,0.04957446034647345,0.005695764855411044,-0.0024410420808904476,0.004882084161780895,-0.004882084161780895,0.010577849017191939,-0.007323126242671342,0.00976416832356179,-0.00976416832356179,0.008950487629931642,-0.012205210404452238,0.0016273613872602984,-0.021155698034383878,0.007323126242671342,-0.017087294566233133,0.013018891098082387,-0.013018891098082387
0f8096e4d09dd0e9,b9351a7480,images/train/0f8096e4d09dd0e9.jpg,Boat,0.4739583333333333,0.6333333333333333,0.175,0.09074074074074075,0.01587962962962963,3.4285714285714284,-0.005729166666666666,0.0023148148148148147,0.062165040219255174,-0.0006888542409021961,-0.0017221356022554901,-0.0041331254454131765,-0.0034442712045109803,-0.004821979686315372,-0.005166406806766471,-0.005510833927217569,-0.0068885424090219605,-0.0034442712045109803,-0.008610678011277451,-0.0068885424090219605,-0.007577396649924157,-0.007577396649924157,-0.009299532252179646,-0.011021667854435138,-0.008266250890826353
0ff45916277c590c,b9351a7480,images/train/0ff45916277c590c.jpg,Boat,0.37604166666666666,0.44675925925925924,0.084375,0.08611111111111111,0.007265625,1.7419354838709677,-0.0010416666666666667,-0.000462962962962963,0.01679559847014283,-0.0020367654864076844,0.0005091913716019211,-0.004073530972815369,0.0010183827432038422,-0.0020367654864076844,0.0015275741148057633,0.0,0.0020367654864076844,0.0020367654864076844,0.0025459568580096055,0.012220592918446106,0.0030551482296115266,0.01833088937766916,0.0035643396012134477,0.02851471680970758,0.004073530972815369
1014da1fc7e425b9,b9351a7480,images/train/1014da1fc7e425b9.jpg,Boat,0.6223958333333334,0.2875,0.13645833333333332,0.13796296296296295,0.01882619598765432,1.7583892617449663,0.0015625,0.012962962962962963,0.07246580994754037,-0.0018979618903065998,-0.008857155488097465,-0.0037959237806131996,-0.015183695122452798,-0.005693885670919799,-0.02151023475680813,-0.007591847561226399,-0.030367390244905597,-0.006959193597790866,-0.03669392987926093,-0.0037959237806131996,-0.048081701221100524,-0.005693885670919799,-0.056938856709197995,-0.002530615853742133,-0.06579601219729546
104e019e369210eb,c230f95bbd,images/train/104e019e369210eb.jpg,USV,0.22994791666666667,0.5300925925925926,0.09635416666666667,0.08055555555555556,0.0077618634259259255,2.1264367816091956,-0.00078125,-0.0060185185185185185,0.05258168691965443,0.013301428704909812,-0.0014779365227677568,0.022661693349105606,-0.0029558730455355136,0.032021957993301396,-0.00443380956830327,0.04532338669821121,-0.005911746091071027,0.054683651342407005,-0.007389682613838784,0.06798508004731682,-0.004926455075892523,0.07734534469151261,-0.0024632275379462614,0.0867056093357084,-0.0039411640607140185
105b31fa75b74cac,6fde253657,images/train/105b31fa75b74cac.jpg,USV,0.8286458333333333,0.537962962962963,0.05625,0.06296296296296296,0.0035416666666666665,1.588235294117647,-0.00703125,0.000925925925925926,0.15796310343852543,-0.0036465627188229425,-0.001458625087529177,0.004375875262587531,-0.002917250175058354,0.0007293125437645885,-0.004375875262587531,-0.002917250175058354,-0.005834500350116708,-0.0007293125437645885,-0.007293125437645885,0.001458625087529177,-0.002917250175058354,-0.0021879376312937656,-0.010210375612704239,0.005834500350116708,-0.011669000700233415
105e99ff7c1ba893,b0fe05f41b,images/train/105e99ff7c1ba893.jpg,USV,0.36223958333333334,0.5583639705882353,0.09635416666666667,0.08547794117647059,0.008236155790441176,1.989247311827957,0.0015625,0.003216911764705882,0.03514407594198133,-0.0028589326813903615,0.0004764887802317269,-0.005717865362780723,0.004764887802317269,-0.004764887802317269,0.0014294663406951807,-0.00762382048370763,0.005717865362780723,-0.01810657364880562,-0.0014294663406951807,-0.028589326813903613,-0.008576798044171084,-0.039072079979001605,-0.015724129747646986,-0.05336674338595341,-0.019059551209269075
106c45e77c874e6d,1d2277871a,images/train/106c45e77c874e6d.jpg,USV,0.3296875,0.4310185185185185,0.07916666666666666,0.07685185185185185,0.006084104938271605,1.8313253012048192,0.016145833333333335,0.004166666666666667,0.27888746500282274,0.001112882140305879,-0.0050079696313764565,0.002225764280611758,-0.010015939262752913,-0.001112882140305879,-0.010572380332905851,-0.004451528561223516,-0.015580349964282309,-0.007790174982141154,-0.016136791034435247,-0.006677292841835275,-0.016693232104588188,-0.010015939262752913,-0.021701201735964643,-0.01335458568367055,-0.022257642806117584
111426e44c657415,b6cf3a91b7,images/train/111426e44c657415.jpg,Boat,0.07578125,0.6783088235294118,0.1515625,0.11764705882352941,0.017830882352941176,2.2734375,-0.0005208333333333333,-0.0059742647058823525,0.034075448175847664,0.0006476770877263112,-0.0009715156315894668,0.0012953541754526223,-0.0019430312631789335,0.0019430312631789335,-0.0003238385438631556,0.0025907083509052447,-0.0012953541754526223,0.0058290937895368,-0.002266869807042089,0.006476770877263112,-0.003238385438631556,0.0071244479649894225,-0.001619192719315778,0.010362833403620979,-0.0025907083509052447
112b5ef12402b8f8,b9351a7480,images/train/112b5ef12402b8f8.jpg,Boat,0.42994791666666665,0.48564814814814816,0.0484375,0.05462962962962963,0.0026461226851851854,1.576271186440678,-0.00078125,-0.001851851851851852,0.033749902969168445,-0.004218737871146056,0.0033749902969168444,-0.0016874951484584222,-0.006749980593833689,-0.005906233019604477,-0.0033749902969168444,-0.0033749902969168444,0.0,-0.014343708761896588,0.0033749902969168444,-0.011812466039208954,0.006749980593833689,-0.04978110687952345,0.0033749902969168444,-0.07424978653217057,0.0
12a47be8ee8bac85,b6cf3a91b7,images/train/12a47be8ee8bac85.jpg,Boat,0.41171875,0.6217830882352942,0.14635416666666667,0.09283088235294118,0.013586186427696078,2.782178217821782,-0.00546875,-0.024356617647058824,0.1691990179363483,-0.0040809272773485745,-0.0100168214989465,-0.005193907443898186,-0.020033642997893,-0.00927483472124676,-0.030050464496839503,-0.016323709109394298,-0.040067285995786,-0.01743668927594391,-0.05008410749473251,-0.021517616553292485,-0.060100928993679005,-0.025598543830641057,-0.0701177504926255,-0.029679471107989634,-0.080134571991572
12dd7edd232530ca,72d433a56e,images/train/12dd7edd232530ca.jpg,Boat,0.14947916666666666,0.22564338235294118,0.08333333333333333,0.04503676470588235,0.003753063725490196,3.2653061224489797,0.013020833333333334,0.004595588235294118,0.2879377767249482,-0.0014117310982894552,-0.0014117310982894552,-0.0028234621965789104,0.0028234621965789104,-0.004235193294868366,0.007058655491447276,0.005646924393157821,0.011293848786315641,0.004235193294868366,0.015529042081184006,0.014117310982894551,0.01976423537605237,0.012705579884605096,0.018352504277762915,0.022587697572631283,0.022587697572631283
13caa13b21b32f78,2b50dc5ca4,images/train/13caa13b21b32f78.jpg,USV,0.22239583333333332,0.537962962962963,0.065625,0.04259259259259259,0.0027951388888888887,2.739130434782609,0.0049479166666666664,-0.000462962962962963,0.1249568593602337,0.004104741699161983,0.0008209483398323965,0.001641896679664793,0.001641896679664793,0.005746638378826776,0.00246284501949719,0.003283793359329586,0.003283793359329586,0.007388535058491569,0.004104741699161983,0.00492569003899438,0.00492569003899438,0.022165605175474706,0.005746638378826776,0.032837933593295864,0.006567586718659172
141e88ef13aae07a,3c1c8b0c56,images/train/141e88ef13aae07a.jpg,Boat,0.36994485294117646,0.6079963235294118,0.11672794117647059,0.02849264705882353,0.0033258880298442906,4.096774193548387,-0.004136029411764706,-0.002297794117647059,0.08204275386666957,0.008964783780699703,-0.0029882612602332346,0.009960870867444115,-0.005976522520466469,0.01892565464814382,-0.016933480474654997,0.01992174173488823,-0.011953045040932938,0.03685522220954322,-0.006972609607210881,0.021913915908377053,-0.017929567561399407,0.030878699689076756,-0.01294913212767735,0.08765566363350821,-0.06374957355164233
14b05c224647eae1,1cec08390c,images/train/14b05c224647eae1.jpg,Boat,0.21223958333333334,0.44393382352941174,0.024479166666666666,0.012867647058823529,0.00031498927696078433,3.357142857142857,0.0020833333333333333,0.00045955882352941176,0.157149764976658,-0.019492029389636262,-0.0024365036737045327,0.0,-0.0048730073474090654,-0.019492029389636262,-0.007309511021113598,0.0,-0.009746014694818131,-0.019492029389636262,-0.012182518368522664,-0.019492029389636262,-0.014619022042227196,-0.019492029389636262,-0.01705552571593173,-0.038984058779272523,-0.019492029389636262
14d3628e8c13c66b,ace8fc6a18,images/train/14d3628e8c13c66b.jpg,Boat,0.04765625,0.39108455882352944,0.0953125,0.1130514705882353,0.010775218290441176,1.4878048780487805,0.00859375,0.019301470588235295,0.17800933983915568,0.07623475457347553,0.015830167616350112,0.2424515145451517,0.031660335232700225,0.40533560765022786,0.04415783598245031,0.568219700755304,0.06332067046540045,0.7377691275935802,0.0858161718149506,0.8739918857658561,0.09164833883150064,0.996883976471732,0.10414583958125073,1.0997800659780077,0.10997800659780077
14e65488d83cf9ad,b9351a7480,images/train/14e65488d83cf9ad.jpg,Boat,0.5216145833333333,0.48518518518518516,0.27239583333333334,0.13333333333333333,0.036319444444444446,3.6319444444444446,-0.0010416666666666667,0.02638888888888889,0.10410689808567254,0.0009109780613471377,-0.0020497006380310596,0.0,-0.004099401276062119,0.0009109780613471377,-0.0025051896687046287,0.0018219561226942753,-0.010020758674818515,-0.004554890306735689,-0.012070459312849575,-0.007287824490777101,-0.014120159950880635,-0.01184271479751279,-0.01799181671160597,-0.018219561226942755,-0.02004151734963703
14fd7cadb94c663f,96ae008b89,images/train/14fd7cadb94c663f.jpg,Boat,0.16953125,0.48518518518518516,0.05260416666666667,0.08148148148148149,0.004286265432098766,1.1477272727272727,0.0015625,0.0032407407407407406,0.04889646292328966,-0.003977674532873315,-0.004640620288352201,0.002651783021915543,-0.009281240576704403,-0.0013258915109577716,-0.003314728777394429,-0.005303566043831086,-0.00795534906574663,-0.003977674532873315,-0.01259596935409883,-0.00795534906574663,-0.017236589642451033,-0.011933023598619944,-0.02187720993080323,-0.01591069813149326,-0.01591069813149326
1534daefe310c4d0,b6cf3a91b7,images/train/1534daefe310c4d0.jpg,Boat,0.08020833333333334,0.7072610294117647,0.16041666666666668,0.1130514705882353,0.01813534007352941,2.5040650406504064,-0.0015625,-0.011029411764705883,0.06355032873673212,-0.0006422174458928233,0.002568869783571293,-0.0012844348917856465,0.005137739567142586,-0.0019266523376784699,0.005137739567142586,-0.002568869783571293,0.0077066093507138795,-0.0032110872294641166,0.0077066093507138795,-0.0012844348917856465,0.0077066093507138795,-0.0019266523376784699,0.010275479134285172,0.0,0.012844348917856466
15437053c47c9503,f91b246954,images/train/15437053c47c9503.jpg,USV,0.27578125,0.4287037037037037,0.06197916666666667,0.06851851851851852,0.004246720679012345,1.6081081081081081,0.0125,-0.003703703703703704,0.2592814894208657,0.0,0.0,-0.010656403571953759,0.0,-0.005328201785976879,0.005328201785976879,0.0,0.0,-0.021312807143907517,0.005328201785976879,-0.03196921071586128,0.010656403571953759,-0.042625614287815035,0.010656403571953759,-0.0532820178597688,0.010656403571953759
154b5a3e90a757a3,b0fe05f41b,images/train/154b5a3e90a757a3.jpg,USV,0.34296875,0.5349264705882353,0.0703125,0.05698529411764706,0.0040067784926470585,2.1774193548387095,-0.0013020833333333333,-0.003676470588235294,0.05155873800584221,0.0034157595613747553,0.005465215298199608,0.001366303824549902,0.005465215298199608,0.004782063385924657,0.005465215298199608,0.002732607649099804,0.010930430596399216,0.00614836721047456,0.005465215298199608,0.0040989114736497065,0.010930430596399216,0.007514671035024461,0.010930430596399216,0.005465215298199608,0.010930430596399216
1577ceb387f65c45,f126b8aae2,images/train/1577ceb387f65c45.jpg,USV,0.66796875,0.39166666666666666,0.0421875,0.05,0.002109375,1.5,0.0546875,-0.01898148148148148,1.6176078744499225,0.005670115145331431,-0.006615134336220003,0.018900383817771437,-0.005670115145331431,0.024570498963102868,-0.012285249481551434,0.037800767635542874,-0.018900383817771437,0.043470882780874305,-0.02551551815399144,0.05670115145331431,-0.032130652490211443,0.06993142012575432,-0.03874578682643145,0.07560153527108575,-0.037800767635542874
15c50b1a889b678b,c230f95bbd,images/train/15c50b1a889b678b.jpg,USV,0.42864583333333334,0.5486111111111112,0.13854166666666667,0.10462962962962963,0.014495563271604938,2.353982300884956,-0.002864583333333333,0.001388888888888889,0.03288225859539892,-0.0018024780371263822,-0.0010814868222758292,-0.0036049560742527644,-0.0021629736445516585,-0.005407434111379146,-0.00036049560742527643,-0.007209912148505529,0.0014419824297011057,-0.009012390185631911,0.00036049560742527643,-0.010814868222758293,-0.0007209912148505529,-0.015501311119286886,0.0010814868222758292,-0.017303789156413268,0.0
15e006e275604c27,6fde253657,images/train/15e006e275604c27.jpg,USV,0.6682291666666667,0.6,0.07395833333333333,0.07407407407407407,0.0054783950617283955,1.775,0.0036458333333333334,0.001388888888888889,0.06716728118639187,0.0011727916016262524,-0.0017591874024393786,0.0023455832032525047,-0.0035183748048787573,-0.005863958008131262,0.004104770605691884,-0.004691166406505009,0.0023455832032525047,-0.0035183748048787573,0.005277562207318135,-0.0023455832032525047,0.0035183748048787573,-0.005863958008131262,0.006450353808944388,-0.004691166406505009,0.009382332813010019
1629f006f80734da,6fde253657,images/train/1629f006f80734da.jpg,USV,0.7114583333333333,0.6944444444444444,0.040625,0.044444444444444446,0.0018055555555555555,1.625,-0.0013020833333333333,0.006481481481481481,0.12147816447594376,-0.0030643146115341253,0.002042876407689417,0.002042876407689417,0.004085752815378834,-0.009192943834602375,-0.002042876407689417,-0.004085752815378834,0.0,-0.007150067426912959,0.002042876407689417,-0.010214382038447085,0.004085752815378834,-0.013278696649981209,-0.002042876407689417,-0.024514516892273002,0.0
163e15fbb1157a82,6fde253657,images/train/163e15fbb1157a82.jpg,USV,0.6807291666666667,0.49444444444444446,0.035416666666666666,0.03888888888888889,0.0013773148148148147,1.619047619047619,-0.008333333333333333,-0.022222222222222223,0.539737460818354,0.0,0.009356014857063997,0.009356014857063997,0.009356014857063997,0.009356014857063997,0.009356014857063997,0.02806804457119199,0.02806804457119199,0.04678007428531998,0.04678007428531998,0.06549210399944798,0.06549210399944798,0.07484811885651198,0.08420413371357598,0.09356014857063996,0.10291616342770396
16afbdf114fc4876,96ae008b89,images/train/16afbdf114fc4876.jpg,Boat,0.16666666666666666,0.4393518518518518,0.08229166666666667,0.09537037037037037,0.007848186728395061,1.5339805825242718,-0.005729166666666666,0.0,0.08622744730107393,0.006859001489858153,0.0,0.013718002979716306,0.0,0.01665757504679837,0.003919429422776088,0.023516576536656526,0.003919429422776088,0.038214436872066854,0.003919429422776088,0.04899286778470109,0.0,0.06369072812011142,-0.003919429422776088,0.07838858845552175,-0.007838858845552176
16cb20ce4df890f5,b9351a7480,images/train/16cb20ce4df890f5.jpg,Boat,0.37447916666666664,0.41574074074074074,0.10208333333333333,0.11481481481481481,0.01172067901234568,1.5806451612903225,-0.0018229166666666667,0.008333333333333333,0.06194204537193182,-0.0004009046920240511,0.005612665688336716,0.0024054281521443065,0.004810856304288613,-0.0012027140760721533,0.010423521992625329,-0.0016036187680962045,0.009621712608577226,0.023653376829419016,0.02164885336929876,0.042495897354549415,0.036883231666212705,0.06775289295206464,0.04570313489074183,0.08980265101338746,0.05773027565146336
16dabc6be1ea0dad,6fde253657,images/train/16dabc6be1ea0dad.jpg,USV,0.5734375,0.6578703703703703,0.059375,0.06388888888888888,0.003793402777777778,1.6521739130434783,-0.003125,-0.005555555555555556,0.09567297464698796,0.002818792047882243,-0.002818792047882243,0.005637584095764486,0.0,0.002818792047882243,-0.002818792047882243,0.0,-0.005637584095764486,-0.002818792047882243,-0.002818792047882243,0.0,-0.005637584095764486,0.002818792047882243,-0.008456376143646728,0.0,-0.011275168191528972
171bcf0902c361e1,b6cf3a91b7,images/train/171bcf0902c361e1.jpg,Boat,0.4153645833333333,0.5422794117647058,0.07552083333333333,0.09558823529411764,0.00721890318627451,1.3942307692307692,-0.00078125,0.017463235294117647,0.15520372510501204,-0.0066164144107796335,-0.003053729728052139,-0.013232828821559267,-0.01017909909350713,-0.01577760359493605,-0.013232828821559267,-0.022394018005715683,-0.02442983782441711,-0.029010432416495317,-0.027483567552469248,-0.035626846827274954,-0.034608936917924236,-0.03817162160065173,-0.03766266664597638,-0.04885967564883422,-0.04885967564883422
172c9bd5d218edf9,b6cf3a91b7,images/train/172c9bd5d218edf9.jpg,Boat,0.39765625,0.5505514705882353,0.0796875,0.10294117647058823,0.008203125,1.3660714285714286,0.0,-0.004595588235294118,0.0381957707095088,0.0,0.0009548942677377201,0.0,0.0019097885354754402,0.0,-0.0009548942677377201,-0.0038195770709508804,-0.0038195770709508804,-0.0038195770709508804,-0.00668425987416404,-0.007639154141901761,-0.0095489426773772,-0.007639154141901761,-0.00859404840963948,-0.015278308283803521,-0.011458731212852642
1749b45d97af3125,b0fe05f41b,images/train/1749b45d97af3125.jpg,USV,0.3338541666666667,0.5349264705882353,0.07083333333333333,0.05698529411764706,0.004036458333333334,2.193548387096774,0.00390625,0.0009191176470588235,0.08239909590336898,0.0006806356904203627,-0.0013612713808407253,0.0013612713808407253,0.008167628285044352,0.002041907071261088,0.006806356904203626,-0.0027225427616814507,0.005445085523362901,-0.002041907071261088,0.009528899665885077,-0.0013612713808407253,0.013612713808407253,-0.0006806356904203627,0.012251442427566527,-0.005445085523362901,0.016335256570088705
178e82db592488ab,f126b8aae2,images/train/178e82db592488ab.jpg,USV,0.5166666666666667,0.4981481481481482,0.06354166666666666,0.05740740740740741,0.0036477623456790125,1.967741935483871,0.0026041666666666665,0.003703703703703704,0.0736234506130297,0.0043117692170463184,0.0,0.002874512811364212,0.0,0.0071862820284105304,0.0,0.005749025622728424,-0.005749025622728424,0.010060794839774742,0.0,0.008623538434092637,-0.005749025622728424,0.012935307651138955,0.0,0.011498051245456848,-0.005749025622728424
1835890af69eec83,c230f95bbd,images/train/1835890af69eec83.jpg,USV,0.44973958333333336,0.5481481481481482,0.23697916666666666,0.24074074074074073,0.05705054012345679,1.75,-0.005989583333333334,-0.004166666666666667,0.03590397637957042,0.0012719958226272072,0.00018171368894674388,0.003997701156828365,0.0018171368894674387,0.005269696979455572,0.0019988505784141824,0.005087983290508829,0.0021805642673609267,0.006359979113136035,0.0023622779563076705,0.007631974935763243,0.003997701156828365,0.0103576802699644,0.004179414845775109,0.011629676092591608,0.004361128534721853
18ad21d6c715f9b4,c230f95bbd,images/train/18ad21d6c715f9b4.jpg,USV,0.43723958333333335,0.5027777777777778,0.10885416666666667,0.10185185185185185,0.011086998456790124,1.9,0.00026041666666666666,0.000925925925925926,0.007373700960489207,-0.00041220241483523395,-0.0008244048296704679,-0.0008244048296704679,-0.0016488096593409358,-0.0012366072445057017,0.0008244048296704679,0.004946428978022807,0.0032976193186818716,0.0045342265631875735,0.0024732144890114035,0.004122024148352339,0.004946428978022807,0.010305060370880848,0.004122024148352339,0.009892857956045614,0.006595238637363743
198e90cd6ad81ae8,6fde253657,images/train/198e90cd6ad81ae8.jpg,USV,0.71484375,0.8032407407407407,0.0421875,0.04722222222222222,0.0019921875,1.588235294117647,-0.0015625,-0.018518518518518517,0.31465457923930235,0.005834500350116707,-0.0077793338001556096,0.0038896669000778048,-0.015558667600311219,0.009724167250194512,-0.023338001400466827,0.015558667600311219,-0.031117335200622438,0.005834500350116707,-0.038896669000778046,0.011669000700233413,-0.062234670401244876,0.0019448334500389024,-0.07001400420140048,0.0077793338001556096,-0.07779333800155609
1994924e29561f24,6fde253657,images/train/1994924e29561f24.jpg,USV,0.6674479166666667,0.6138888888888889,0.06927083333333334,0.07037037037037037,0.004874614197530864,1.75,-0.002864583333333333,0.0032407407407407406,0.06484281319797121,-0.0031082604688258816,0.005594868843886587,-0.006216520937651763,0.011189737687773173,-0.009324781406477644,0.00683817303141694,-0.007459825125182116,0.012433041875303526,-0.010568085594007997,0.013054693969068703,-0.01367634606283388,0.01367634606283388,-0.02175782328178117,0.014297998156599056,-0.029839300500728465,0.014919650250364232
19b847c150870978,b9351a7480,images/train/19b847c150870978.jpg,Boat,0.6078125,0.5569444444444445,0.23020833333333332,0.1361111111111111,0.03133391203703704,3.006802721088435,-0.007291666666666667,-0.011574074074074073,0.07363015230842833,-0.002942330552041552,-0.0017163594886909054,-0.005884661104083104,-0.003432718977381811,-0.006865437954763622,-0.0031875247647116817,-0.009807768506805174,-0.002942330552041552,-0.012750099058846727,-0.004658690040732457,-0.013730875909527243,-0.0063750495294233635,-0.016673206461568797,-0.008091409018114268,-0.017653983312249315,-0.009807768506805174
19d668aa64b03719,c230f95bbd,images/train/19d668aa64b03719.jpg,USV,0.296875,0.45787037037037037,0.14895833333333333,0.11203703703703703,0.016688850308641975,2.3636363636363638,-0.032552083333333336,-0.004166666666666667,0.3368426684636227,0.009743215615729203,0.003023756570398718,0.014110863995194019,0.008735296758929631,0.021166295992791028,0.014446836947460542,0.028221727990388037,0.020158377135991456,0.03527715998798504,0.023182133706390173,0.042332591985582056,0.03158145751305328,0.03863688951065029,0.04535634855598077,0.034941187035718524,0.059131239598908265
1b02d6e091bc1136,1d2277871a,images/train/1b02d6e091bc1136.jpg,USV,0.44895833333333335,0.4625,0.026041666666666668,0.025,0.0006510416666666666,1.8518518518518519,-0.0018229166666666667,0.0,0.09525793444156803,0.011907241805196004,0.0,-0.003402069087198858,0.0,-0.005103103630798287,0.0,-0.006804138174397716,-0.027216552697590865,-0.008505172717997146,-0.027216552697590865,-0.02381448361039201,-0.027216552697590865,-0.025515518153991435,-0.027216552697590865,-0.0408248290463863,-0.027216552697590865
1b0d4156dd362d45,6fde253657,images/train/1b0d4156dd362d45.jpg,USV,0.66796875,0.6259259259259259,0.050520833333333334,0.053703703703703705,0.002713155864197531,1.6724137931034482,-0.0005208333333333333,0.0,0.013332148306149432,0.014998666844418113,0.013332148306149432,0.01666518538268679,0.013332148306149432,0.01833170392095547,0.013332148306149432,0.026664296612298865,0.019998222459224148,0.028330815150567543,0.026664296612298865,0.029997333688836225,0.026664296612298865,0.031663852227104904,0.026664296612298865,0.03333037076537358,0.03333037076537358
1b18aef6fea6ec78,1d2277871a,images/train/1b18aef6fea6ec78.jpg,USV,0.38567708333333334,0.3731481481481482,0.08802083333333334,0.10555555555555556,0.009291087962962963,1.4824561403508771,-0.0005208333333333333,0.003703703703703704,0.02970494022004742,0.0009005632803670134,-0.0036022531214680536,-0.005403379682202081,0.0,-0.004502816401835068,-0.0036022531214680536,-0.007204506242936107,-0.007204506242936107,-0.013508449205505202,-0.0036022531214680536,-0.012607885925138188,-0.007204506242936107,-0.01891182888770728,-0.007204506242936107,-0.021613518728808324,-0.007204506242936107
1b2a84debad951d3,b9351a7480,images/train/1b2a84debad951d3.jpg,Boat,0.45989583333333334,0.6370370370370371,0.16979166666666667,0.09074074074074075,0.015407021604938271,3.326530612244898,-0.007291666666666667,0.002777777777777778,0.08010416406334922,-0.0013986793749784952,0.0006993396874892476,-0.0027973587499569904,0.0013986793749784952,-0.004196038124935486,0.004895377812424734,-0.008392076249870971,0.008392076249870971,-0.009790755624849467,0.00909141593736022,-0.013986793749784952,0.009790755624849467,-0.012588114374806458,0.013287454062295706,-0.016784152499741942,0.016784152499741942
1b3d8ab42dbe4ed2,b6cf3a91b7,images/train/1b3d8ab42dbe4ed2.jpg,Boat,0.37734375,0.39889705882352944,0.10052083333333334,0.11397058823529412,0.01145641850490196,1.5564516129032258,0.0010416666666666667,0.0013786764705882354,0.016160340664606126,-0.0016160340664606125,-0.0012120255498454593,0.0,0.0008080170332303063,-0.0016160340664606125,0.002828059616306072,-0.003232068132921225,0.004848102199381837,-0.004848102199381837,0.0068681447824576036,-0.009696204398763675,0.012120255498454595,-0.011312238465224288,0.017372366214451585,-0.0129282725316849,0.016160340664606126
1b52b8da729ad06c,6fde253657,images/train/1b52b8da729ad06c.jpg,USV,0.69765625,0.4361111111111111,0.03802083333333333,0.044444444444444446,0.0016898148148148148,1.5208333333333333,0.019270833333333334,-0.013888888888888888,0.674469180762981,-0.0021116793074983935,-0.010558396537491967,0.004223358614996787,-0.012670075844990362,-0.014781755152488755,-0.006335037922495181,-0.033786868919974296,0.008446717229993574,-0.05279198268745984,0.014781755152488755,-0.07179709645494538,0.021116793074983934,-0.09080221022243093,0.03589854822747269,-0.1013606067599229,0.04223358614996787
1b96b7f3f4669708,b9351a7480,images/train/1b96b7f3f4669708.jpg,Boat,0.6015625,0.2962962962962963,0.16875,0.12222222222222222,0.020625,2.4545454545454546,-0.017447916666666667,0.022222222222222223,0.19926973393168526,-0.01118207164993198,0.0169242165512484,-0.02236414329986396,0.0338484331024968,-0.031128469728189022,0.04835490443213829,-0.037475050934907175,0.06044363054017286,-0.04623937736323224,0.07736784709142126,-0.05258595856995039,0.08945657319945584,-0.05893253977666854,0.10638078975070424,-0.058025885318565944,0.11121628019391806
1bec5b2ff721e755,96ae008b89,images/train/1bec5b2ff721e755.jpg,Boat,0.16223958333333333,0.46944444444444444,0.049479166666666664,0.08148148148148149,0.004031635802469136,1.0795454545454546,-0.0018229166666666667,-0.006944444444444444,0.09051950013287867,-0.006152043364591038,-0.006152043364591038,-0.0013671207476868973,-0.006835603738434486,-0.002050681121530346,-0.007519164112277935,0.0027342414953737946,-0.013671207476868973,-0.003417801869217243,-0.008886284859964833,0.0013671207476868973,-0.00956984523380828,0.006152043364591038,-0.01025340560765173,0.01640544897224277,-0.010936965981495178
1d1afaef47d42457,b9351a7480,images/train/1d1afaef47d42457.jpg,Boat,0.34322916666666664,0.43333333333333335,0.11875,0.09444444444444444,0.011215277777777777,2.235294117647059,0.0036458333333333334,-0.006481481481481481,0.06491506980871001,0.0008196765368381602,-0.0008196765368381602,0.0016393530736763203,-0.0016393530736763203,-0.0008196765368381602,0.0008196765368381602,0.0032787061473526407,0.0,0.004098382684190801,0.0024590296105144807,0.004918059221028961,0.0016393530736763203,0.005737735757867121,0.004098382684190801,0.009836118442057923,0.0032787061473526407
1d2602595bbd920d,b0fe05f41b,images/train/1d2602595bbd920d.jpg,USV,0.5934895833333333,0.4375,0.06197916666666667,0.058823529411764705,0.0036458333333333334,1.859375,0.00234375,0.0,0.051564290457836885,-0.0007161707008032901,0.0,-0.0014323414016065802,0.0,-0.0021485121024098705,-0.005729365606426321,-0.0028646828032131604,-0.005729365606426321,-0.0035808535040164507,-0.011458731212852642,-0.004297024204819741,-0.011458731212852642,-0.010742560512049353,-0.011458731212852642,-0.017188096819278964,-0.011458731212852642
1d27109cea94f0df,ace8fc6a18,images/train/1d27109cea94f0df.jpg,Boat,0.24713541666666666,0.3350183823529412,0.06302083333333333,0.11672794117647059,0.0073562921262254905,0.952755905511811,-0.0026041666666666665,0.004136029411764706,0.05426436760640008,-0.003025079009373115,0.003529258844268634,0.0020167193395820766,0.003025079009373115,-0.0010083596697910383,0.006554337853641749,0.0,0.010083596697910382,0.0010083596697910383,0.009579416863014865,0.0020167193395820766,0.013108675707283498,0.007058517688537268,0.008571057193223826,0.004033438679164153,0.01210031603749246
1d6739ec31d7341f,b0fe05f41b,images/train/1d6739ec31d7341f.jpg,USV,0.27630208333333334,0.5050551470588235,0.06822916666666666,0.057904411764705885,0.003950769761029412,2.0793650793650795,0.00390625,0.006433823529411764,0.11292890828064092,0.006191795500160872,-0.009631681889139135,0.017887409222686966,-0.00825572733354783,0.018575386500482616,-0.017887409222686966,0.024767182000643487,-0.01651145466709566,0.02545515927843914,-0.026143136556234795,0.031646954778600016,-0.024767182000643487,0.04884638672349133,-0.034398863889782624,0.060542000446017416,-0.04403054577892176
1d81b02e8c1a51e0,c230f95bbd,images/train/1d81b02e8c1a51e0.jpg,USV,0.4083333333333333,0.4634259259259259,0.13645833333333332,0.10277777777777777,0.01402488425925926,2.3603603603603602,-0.011979166666666667,-0.004629629629629629,0.1380202301660163,-0.0007329897101163908,0.0007329897101163908,-0.0014659794202327816,-0.0014659794202327816,0.003664948550581954,0.0021989691303491723,0.005863917680931126,0.005863917680931126,0.010994845651745862,0.003664948550581954,0.013193814782095034,0.007329897101163908,0.01832474275290977,0.010994845651745862,0.017591753042793378,0.011727835361862253
1d9400f53e142799,b6cf3a91b7,images/train/1d9400f53e142799.jpg,Boat,0.35104166666666664,0.5560661764705882,0.08125,0.07169117647058823,0.005824908088235294,2.0,0.0067708333333333336,-0.0013786764705882354,0.11863304822642146,-0.0011331839442092109,-0.002832959860523027,0.0022663678884184218,-0.005665919721046054,0.0011331839442092109,-0.0039661438047322375,-0.009065471553673687,0.0022663678884184218,-0.019264127051556584,0.008498879581569082,-0.03399551832627633,0.01473139127471974,-0.04419417382415922,0.016431167191033557,-0.05439282932204212,0.02719641466102106
1e33d81773898077,f21beac8ce,images/train/1e33d81773898077.jpg,USV,0.5552083333333333,0.4773148148148148,0.04583333333333333,0.04722222222222222,0.0021643518518518518,1.7254901960784315,-0.0005208333333333333,0.008333333333333333,0.1351700585985409,0.001865879481332913,-0.001865879481332913,-0.003731758962665826,-0.003731758962665826,-0.009329397406664565,-0.005597638443998739,-0.007463517925331652,-0.014927035850663304,-0.005597638443998739,-0.03171995118265952,-0.011195276887997478,-0.05597638443998739,-0.016792915331996217,-0.07276929977198361,-0.014927035850663304,-0.08956221510397983
1e4ed4659c1b2ad3,3c1c8b0c56,images/train/1e4ed4659c1b2ad3.jpg,Boat,0.17601102941176472,0.47472426470588236,0.22886029411764705,0.030330882352941176,0.006941534656141868,7.545454545454546,0.003216911764705882,0.0027573529411764708,0.050853731266175005,0.006205344303014017,0.006894827003348909,0.0013789654006697816,0.0027579308013395633,0.0020684481010046726,-0.0013789654006697816,0.00827379240401869,-0.005515861602679127,0.0034474135016744544,-0.009652757804688472,0.009652757804688472,-0.0027579308013395633,0.010342240505023362,-0.006894827003348909,0.01654758480803738,-0.011031723205358253
1ede45dde50dca14,b9351a7480,images/train/1ede45dde50dca14.jpg,Boat,0.41953125,0.6541666666666667,0.15260416666666668,0.09166666666666666,0.013988715277777777,2.95959595959596,-0.004427083333333333,-0.012037037037037037,0.09119735728441393,-0.002568778454097135,0.0007339367011706101,0.0007339367011706101,0.0014678734023412202,0.0011009050517559152,-0.0036696835058530504,-0.0014678734023412202,-0.008807240414047322,-0.0011009050517559152,-0.01688054412692403,-0.0036696835058530504,-0.024953847839800744,-0.006238461959950186,-0.03302715155267746,-0.005871493609364881,-0.04110045526555416
1f01645a1551b6b3,1d2277871a,images/train/1f01645a1551b6b3.jpg,USV,0.41328125,0.40185185185185185,0.050520833333333334,0.046296296296296294,0.0023389274691358024,1.94,0.00234375,-0.003703703703703704,0.08645361070611053,-0.0008974476982721725,0.0,-0.001794895396544345,0.0,-0.0026923430948165177,0.0,-0.00358979079308869,-0.00717958158617738,-0.004487238491360863,0.0,-0.0053846861896330355,-0.00717958158617738,-0.006282133887905208,-0.00717958158617738,-0.00717958158617738,-0.00717958158617738
1f745bf4ad15a51c,f126b8aae2,images/train/1f745bf4ad15a51c.jpg,USV,0.5947916666666667,0.5143518518518518,0.078125,0.07314814814814814,0.005714699074074074,1.8987341772151898,0.01171875,0.01712962962962963,0.26758807059999173,-0.0028707200760914086,0.001722432045654845,-0.0011482880304365633,-0.0011482880304365633,-0.008612160228274225,-0.0040190081065279715,-0.011482880304365634,-0.00688972818261938,-0.014353600380457042,-0.009760448258710789,-0.01722432045654845,-0.008038016213055943,-0.03387449689787862,-0.02009504053263986,-0.05052467333920879,-0.03215206485222377
2006ff691b237dcc,b0fe05f41b,images/train/2006ff691b237dcc.jpg,USV,0.34296875,0.4774816176470588,0.08072916666666667,0.07261029411764706,0.005861768535539216,1.9620253164556962,0.023177083333333334,0.00045955882352941176,0.4021684790038715,0.008472115769419893,-0.005083269461651936,0.021462693282530396,-0.005648077179613262,0.01637942382087846,-0.0062128848975745886,0.03840692482137018,-0.006777692615535915,0.04236057884709947,-0.01637942382087846,0.03727730938544753,-0.016944231538839786,0.04123096341117682,-0.026545962744182333,0.0451846174369061,-0.02711077046214366
2011a2419c26a713,3c1c8b0c56,images/train/2011a2419c26a713.jpg,Boat,0.36443014705882354,0.5560661764705882,0.08547794117647059,0.01838235294117647,0.0015712856833910035,4.65,0.00505514705882353,0.004595588235294118,0.1723493576294058,0.00724592024625263,-0.01449184049250526,0.01449184049250526,-0.005796736197002104,0.010144288344753682,-0.020288576689507364,0.01739020859100631,-0.011593472394004208,0.02463612883725894,-0.026085312886509466,0.020288576689507364,-0.01739020859100631,0.0391279693297642,-0.008695104295503155,0.06956083436402524,-0.03478041718201262
2018123145c5d1ef,b9351a7480,images/train/2018123145c5d1ef.jpg,Boat,0.40390625,0.47685185185185186,0.06614583333333333,0.07222222222222222,0.004777199074074074,1.6282051282051282,-0.022395833333333334,-0.006944444444444444,0.438557783578919,-0.001255916745888223,0.0043957086106087805,0.002511833491776446,0.003767750237664669,0.006279583729441115,0.0031397918647205576,0.005023666983552892,0.007535500475329338,0.008791417221217561,0.006907542102385226,0.04772483634375247,0.011303250712994007,0.09168192244984028,0.02072262630715568,0.1306153415723752,0.02009466793421157
204c0bc0791551ed,c230f95bbd,images/train/204c0bc0791551ed.jpg,USV,0.3848958333333333,0.5773148148148148,0.08333333333333333,0.0712962962962963,0.005941358024691358,2.0779220779220777,0.0046875,0.0,0.08108437164260031,-0.0011261718283694486,0.0,-0.002252343656738897,0.0,-0.003378515485108346,0.0,0.0,0.0,-0.0011261718283694486,0.004504687313477794,-0.002252343656738897,0.009009374626955589,-0.003378515485108346,0.009009374626955589,-0.004504687313477794,0.009009374626955589
20733e40ce64b045,b6cf3a91b7,images/train/20733e40ce64b045.jpg,Boat,0.21119791666666668,0.7306985294117647,0.14322916666666666,0.09926470588235294,0.014217601102941176,2.5462962962962963,-0.008333333333333333,0.0009191176470588235,0.09302257066539633,-0.002901294265928297,0.002175970699446223,0.0,0.004351941398892446,0.0,0.006527912098338669,-0.002901294265928297,0.011605177063713189,-0.005802588531856594,0.010879853497231116,-0.008703882797784892,0.013055824196677338,-0.008703882797784892,0.01523179489612356,-0.011605177063713189,0.014506471329641486
20c1d3b3f6d2ada9,4642ebc223,images/train/20c1d3b3f6d2ada9.jpg,USV,0.5809895833333333,0.5477941176470589,0.050520833333333334,0.04779411764705882,0.0024145986519607844,1.8653846153846154,0.0010416666666666667,-0.0013786764705882354,0.035200794814759524,0.010560238444427857,0.0026400596111069642,0.007040158962951905,-0.0017600397407379763,0.017600397407379762,0.0008800198703689881,0.021120476888855714,0.0035200794814759526,0.024640556370331666,-0.0008800198703689881,0.02816063585180762,0.0017600397407379763,0.03168071533328357,0.0044000993518449405,0.04224095377771143,0.0
20cdbc7b64a4e604,6fde253657,images/train/20cdbc7b64a4e604.jpg,USV,0.62421875,0.6236111111111111,0.058854166666666666,0.062037037037037036,0.0036511381172839507,1.6865671641791045,0.0,0.001851851851851852,0.022985469156961,0.00574636728924025,-0.008619550933860376,0.0114927345784805,-0.0114927345784805,0.022985469156961,-0.014365918223100627,0.022985469156961,-0.017239101867720753,0.034478203735441505,-0.02011228551234088,0.045970938313922,-0.022985469156961,0.057463672892402506,-0.02011228551234088,0.06895640747088301,-0.028731836446201253
2134ee17b8925e7a,b6cf3a91b7,images/train/2134ee17b8925e7a.jpg,Boat,0.4075520833333333,0.5422794117647058,0.0828125,0.10661764705882353,0.008829273897058823,1.3706896551724137,0.0026041666666666665,0.007352941176470588,0.06946522496860767,-0.0009204123900111125,0.0,-0.005522474340066675,0.00368164956004445,-0.0027612371700333374,0.00368164956004445,-0.0073632991200889,0.00368164956004445,-0.008283711510100012,0.00368164956004445,-0.009204123900111124,0.0073632991200889,-0.010124536290122237,0.0073632991200889,-0.0147265982401778,0.0073632991200889
21d0ce12b3484058,c230f95bbd,images/train/21d0ce12b3484058.jpg,USV,0.33359375,0.6347222222222222,0.1078125,0.08611111111111111,0.009283854166666666,2.225806451612903,0.00390625,-0.00787037037037037,0.08170053808405894,0.004054113281853849,0.0004504570313170943,0.004504570313170943,0.0009009140626341886,0.004955027344488037,-0.005855941407122226,0.005405484375805131,-0.005405484375805131,0.005855941407122226,-0.004955027344488037,0.00630639843843932,-0.008108226563707698,0.006756855469756414,-0.007657769532390603,0.010810968751610263,-0.010810968751610263
22202738c774dc43,72d433a56e,images/train/22202738c774dc43.jpg,Boat,0.290625,0.3492647058823529,0.084375,0.04595588235294118,0.003877527573529412,3.24,0.005729166666666666,-0.002297794117647059,0.1253390463630942,-0.004166666666666667,-0.0020833333333333333,-0.008333333333333333,0.001388888888888889,-0.006944444444444444,-0.00625,-0.011111111111111112,-0.002777777777777778,-0.015277777777777777,-0.004861111111111111,-0.013888888888888888,-0.006944444444444444,-0.0125,-0.003472222222222222,-0.016666666666666666,-0.005555555555555556
2250998c285884c5,f21beac8ce,images/train/2250998c285884c5.jpg,USV,0.33177083333333335,0.5333333333333333,0.25833333333333336,0.2740740740740741,0.07080246913580247,1.6756756756756757,0.0036458333333333334,-0.008333333333333333,0.029756714788064288,0.0016311478333189907,0.00032622956666379817,0.001957377399982789,-0.0006524591333275963,0.007503280033267357,0.0009786886999913944,0.013049182666551926,0.0,0.018595085299836493,0.00032622956666379817,0.02283606966646587,-0.0006524591333275963,0.028381972299750438,0.0009786886999913944,0.03392787493303501,0.0013049182666551927
225e458ad910577c,b6cf3a91b7,images/train/225e458ad910577c.jpg,Boat,0.33229166666666665,0.4664522058823529,0.12083333333333333,0.09650735294117647,0.011661305147058824,2.2095238095238097,-0.0018229166666666667,-0.007352941176470588,0.05594757691705676,0.006006654253425699,0.0,0.008809759571691025,0.0,0.011612864889956352,0.0,0.014415970208221678,0.0,0.020422624461647377,0.0,0.023225729779912704,-0.003203548935160373,0.02602883509817803,-0.003203548935160373,0.032035489351603726,-0.003203548935160373
225e61a5084b4c7d,b6cf3a91b7,images/train/225e61a5084b4c7d.jpg,Boat,0.22682291666666668,0.46369485294117646,0.19114583333333332,0.1792279411764706,0.034258674172794115,1.882051282051282,-0.005989583333333334,0.003216911764705882,0.044934879949068175,0.0016354140313715201,0.003971719790473691,0.005139872670024777,0.006074394973665646,0.006775286701396297,0.010046114764139337,0.014017834554613029,0.014017834554613029,0.023129427015111496,0.01798955434508672,0.05093146554842734,0.021961274135560413,0.08807872711815186,0.025932993926034105,0.15886879161894765,0.03177375832378953
2264ee38a16812d6,b0fe05f41b,images/train/2264ee38a16812d6.jpg,USV,0.33203125,0.5202205882352942,0.06927083333333334,0.05698529411764706,0.00394741881127451,2.1451612903225805,-0.004427083333333333,-0.003676470588235294,0.10345123789671323,0.0006882692265793409,0.0055061538126347275,0.0013765384531586819,0.0055061538126347275,0.002064807679738023,0.0055061538126347275,0.0027530769063173637,0.011012307625269455,0.008947499945531432,0.0055061538126347275,0.009635769172110772,0.011012307625269455,0.015830192211324843,0.0055061538126347275,0.016518461437904183,0.011012307625269455
24303284b104cd51,b6cf3a91b7,images/train/24303284b104cd51.jpg,Boat,0.42239583333333336,0.6608455882352942,0.15416666666666667,0.09191176470588236,0.014169730392156863,2.96,-0.004427083333333333,-0.0055147058823529415,0.06047391664672129,-0.0025429170975210464,-0.001453095484297741,-0.0021796432264466112,-0.008718572905786445,-0.004722560323967658,-0.013077859358679668,-0.001453095484297741,-0.01743714581157289,-0.003996012581818788,-0.021796432264466113,-0.003632738710744352,-0.029061909685954818,-0.006175655808265399,-0.042139769044634484,-0.008718572905786445,-0.058123819371909635
248395a405cfd5a2,b6cf3a91b7,images/train/248395a405cfd5a2.jpg,Boat,0.5981770833333333,0.6240808823529411,0.2838541666666667,0.13419117647058823,0.038090724571078434,3.732876712328767,0.00625,-0.0009191176470588235,0.042688345420462355,0.0,-0.0013294027986016873,0.0017725370648022497,-0.006203879726807874,0.0017725370648022497,-0.007533282525409562,0.0017725370648022497,-0.010635222388813498,0.0017725370648022497,-0.011964625187415185,0.0,-0.011521490921214624,0.0,-0.011078356655014061,0.0,-0.014180296518417998
24ed9e25555434e5,1cec08390c,images/train/24ed9e25555434e5.jpg,Boat,0.43828125,0.4852941176470588,0.050520833333333334,0.029411764705882353,0.001485906862745098,3.03125,0.008854166666666666,0.0,0.3051322174125387,-0.002243619245680432,0.0,-0.004487238491360864,0.0,-0.006730857737041295,0.0,0.0,0.0,-0.002243619245680432,0.0,-0.004487238491360864,0.0,-0.01570533471976302,0.0,-0.02692343094816518,0.0
2538f9780d1a24b5,ace8fc6a18,images/train/2538f9780d1a24b5.jpg,Boat,0.36354166666666665,0.4016544117647059,0.03229166666666667,0.04595588235294118,0.0014839920343137254,1.24,0.0033854166666666668,0.00045955882352941176,0.11708833169600992,-0.005612665688336716,-0.0011225331376673432,-0.0022450662753346865,-0.0022450662753346865,-0.007857731963671403,-0.0033675994130020295,-0.004490132550669373,0.004490132550669373,-0.0011225331376673432,0.0033675994130020295,0.0022450662753346865,0.011225331376673432,0.005612665688336716,0.019083063340344833,0.008980265101338746,0.01796053020267749
2542d00aa6306537,f91b246954,images/train/2542d00aa6306537.jpg,USV,0.14791666666666667,0.4444444444444444,0.071875,0.07407407407407407,0.005324074074074074,1.725,0.005989583333333334,-0.003703703703703704,0.11588115476204708,0.010112170929419512,-0.004758668672668006,0.015465673186171019,0.0,0.030336512788258538,0.0,0.03569001504501004,0.0,0.04104351730176155,0.0,0.051155688231181065,0.0,0.07078519650593659,0.0,0.09517337345336012,0.004758668672668006
26187df70e70662a,3c1c8b0c56,images/train/26187df70e70662a.jpg,Boat,0.3000919117647059,0.5450367647058824,0.12775735294117646,0.02022058823529412,0.0025833288278546713,6.318181818181818,0.0,-0.00045955882352941176,0.009041724370633414,0.0,0.0011302155463291767,0.0,0.0022604310926583535,0.0,-0.005651077731645884,0.0,-0.004520862185316707,0.0,-0.012432371009620944,0.0,-0.011302155463291767,0.0,-0.01017193991696259,0.009041724370633414,-0.009041724370633414
263d92b0519c5667,3c1c8b0c56,images/train/263d92b0519c5667.jpg,Boat,0.3635110294117647,0.3713235294117647,0.109375,0.016544117647058824,0.001809512867647059,6.611111111111111,-0.0013786764705882354,0.004136029411764706,0.10249000771134847,0.0040512732722010275,-0.0013504244240670092,-0.0027008488481340184,-0.0027008488481340184,-0.020256366361005137,0.006752122120335046,-0.01620509308880411,0.005401697696268037,-0.03376061060167523,0.0040512732722010275,-0.05131612811454635,0.0027008488481340184,-0.058068250234881394,0.012153819816603083,-0.05401697696268037,0.010803395392536073
265c26125954ce91,f126b8aae2,images/train/265c26125954ce91.jpg,USV,0.5934895833333333,0.5587962962962963,0.0765625,0.06944444444444445,0.005316840277777778,1.96,-0.00390625,0.003703703703703704,0.08095238095238096,-0.0005952380952380953,0.004761904761904762,-0.0011904761904761906,0.0,-0.006547619047619048,0.004761904761904762,-0.007142857142857143,0.0,-0.007738095238095238,0.004761904761904762,-0.008333333333333333,0.0,-0.008928571428571428,0.004761904761904762,-0.009523809523809525,0.0
267c15cbc8b5230b,b0fe05f41b,images/train/267c15cbc8b5230b.jpg,USV,0.31171875,0.4765625,0.06927083333333334,0.057904411764705885,0.004011086856617647,2.111111111111111,0.0010416666666666667,-0.003676470588235294,0.04885611200405496,0.008193419066805778,0.005462279377870518,0.005462279377870518,0.0,0.002731139688935259,0.005462279377870518,0.010924558755741037,0.0,0.008193419066805778,0.005462279377870518,0.005462279377870518,0.0,0.013655698444676297,0.0,0.010924558755741037,0.0
26a7291ff6922e4e,6fde253657,images/train/26a7291ff6922e4e.jpg,USV,0.63203125,0.612037037037037,0.058854166666666666,0.06481481481481481,0.003814621913580247,1.6142857142857143,-0.0026041666666666665,0.0023148148148148147,0.06285455689428364,-0.0042164118573373875,0.0021082059286686937,0.0028109412382249254,0.0042164118573373875,-0.0014054706191124627,0.006324617786006082,-0.005621882476449851,0.008432823714674775,-0.009838294333787238,0.01054102964334347,-0.014054706191124627,0.012649235572012163,-0.007027353095562313,0.014757441500680857,-0.011243764952899702,0.022487529905799403
26be218a8b8d7f0b,ace8fc6a18,images/train/26be218a8b8d7f0b.jpg,Boat,0.34375,0.5358455882352942,0.030208333333333334,0.042279411764705885,0.0012771905637254902,1.2608695652173914,0.0010416666666666667,0.00045955882352941176,0.03991182184814897,-0.004840019329139789,-0.0012100048322849473,-0.009680038658279579,-0.0024200096645698947,-0.004840019329139789,-0.0036300144968548424,0.0,-0.004840019329139789,-0.004840019329139789,-0.0060500241614247375,-0.009680038658279579,-0.007260028993709685,0.004840019329139789,-0.01815007248427421,0.0,-0.019360077316559157
27132ac96b66c734,b0fe05f41b,images/train/27132ac96b66c734.jpg,USV,0.29765625,0.5280330882352942,0.07135416666666666,0.057904411764705885,0.004131721047794117,2.1746031746031744,0.0026041666666666665,0.0009191176470588235,0.05488530926378309,-0.0013454868410846387,-0.0013454868410846387,-0.0026909736821692774,-0.0026909736821692774,0.0013454868410846387,-0.004036460523253916,0.005381947364338555,-0.005381947364338555,0.004036460523253916,-0.012109381569761749,0.0026909736821692774,-0.018836815775184944,0.006727434205423194,-0.02018230261626958,0.01076389472867711,-0.02152778945735422
275959250f95d414,3c1c8b0c56,images/train/275959250f95d414.jpg,Boat,0.29503676470588236,0.5307904411764706,0.11764705882352941,0.02297794117647059,0.0027032871972318337,5.12,-0.003216911764705882,-0.001838235294117647,0.07126096406869611,-0.0011048543456039805,0.004419417382415922,0.006629126073623883,0.008838834764831844,0.005524271728019902,0.013258252147247766,0.004419417382415922,0.017677669529663688,0.0033145630368119415,0.013258252147247766,0.002209708691207961,0.017677669529663688,0.009943689110435824,0.022097086912079608,0.0,0.026516504294495532
27b4d7774cb605b4,b6cf3a91b7,images/train/27b4d7774cb605b4.jpg,Boat,0.26145833333333335,0.44255514705882354,0.15520833333333334,0.15533088235294118,0.02410864736519608,1.7633136094674555,-0.033854166666666664,0.008272058823529412,0.29240549405884975,-0.0016710128260485353,0.00612704702884463,0.0033420256520970706,0.01225409405768926,0.01281109833303877,0.016153123985135843,0.02450818811537852,0.02228017101398047,0.03397726079632022,0.0284072180428251,0.05458641898425216,0.03453426507166973,0.07296756007078604,0.04288932920191241,0.09357671825871798,0.04901637623075704
27e8ade7f92b05cc,1d2277871a,images/train/27e8ade7f92b05cc.jpg,USV,0.43411458333333336,0.3763888888888889,0.04114583333333333,0.03425925925925926,0.0014096257716049382,2.135135135135135,0.0046875,-0.002777777777777778,0.17547160441177062,-0.002312041394271856,0.0069361241828155675,0.004624082788543712,-0.004624082788543712,0.01156020697135928,0.002312041394271856,0.009248165577087424,-0.009248165577087424,0.0069361241828155675,-0.002312041394271856,0.004624082788543712,-0.013872248365631135,0.020808372548446703,-0.025432455336990414,0.018496331154174848,-0.018496331154174848
2881d719ea5fdecc,96ae008b89,images/train/2881d719ea5fdecc.jpg,Boat,0.22109375,0.3763888888888889,0.19322916666666667,0.10277777777777777,0.019859664351851852,3.3423423423423424,-0.01953125,-0.006944444444444444,0.18845145424827645,0.005851742054154195,-0.0003079864239028524,0.01663126689075403,-0.0006159728478057048,0.02741079172735386,-0.0009239592717085572,0.04311809934639933,-0.006159728478057048,0.07360875531278172,0.0033878506629313764,0.10163551988794128,0.01539932119514262,0.12719839307187805,0.024946900336131044,0.15768904903826042,0.02956669669467383
289695da86ccdefe,c230f95bbd,images/train/289695da86ccdefe.jpg,USV,0.2591145833333333,0.5532407407407407,0.09739583333333333,0.0824074074074074,0.00802613811728395,2.101123595505618,-0.011458333333333333,-0.001388888888888889,0.17092831073910844,-0.0058136041446140265,-0.006298071156665195,-0.0077514721928187025,-0.004844670120511689,-0.009689340241023378,-0.011142741277176885,-0.011627208289228053,-0.013565076337432728,-0.01744081243384208,-0.015987411397688573,-0.023254416578456106,-0.018409746457944416,-0.02519228462666078,-0.020832081518200263,-0.027130152674865456,-0.023254416578456106
28d8b76abf39ecf5,c230f95bbd,images/train/28d8b76abf39ecf5.jpg,USV,0.41302083333333334,0.5046296296296297,0.11458333333333333,0.12037037037037036,0.013792438271604939,1.6923076923076923,0.006510416666666667,-0.004166666666666667,0.0785578046493706,-0.0003695702474931766,0.0033261322274385895,0.0022174214849590597,0.003695702474931766,-0.0011087107424795298,0.007021834702370356,0.0014782809899727065,0.004434842969918119,0.0011087107424795298,0.007760975197356709,0.0007391404949863532,0.008130545444849886,0.0033261322274385895,0.011456677672288475,0.0,0.014782809899727065
29368f62fed68fb9,b6cf3a91b7,images/train/29368f62fed68fb9.jpg,Boat,0.2671875,0.7196691176470589,0.11666666666666667,0.08823529411764706,0.010294117647058823,2.3333333333333335,-0.00390625,0.002297794117647059,0.05391137182362142,-0.00042620681686717264,-0.0021310340843358633,-0.0008524136337343453,-0.004262068168671727,-0.001278620450601518,-0.006393102253007589,-0.0017048272674686905,-0.008524136337343453,0.001278620450601518,-0.010655170421679317,0.0008524136337343453,-0.005966895436140417,0.00042620681686717264,-0.004688274985538899,0.0,-0.006819309069874762
297d3674007bb038,b9351a7480,images/train/297d3674007bb038.jpg,Boat,0.5447916666666667,0.49166666666666664,0.2,0.09259259259259259,0.018518518518518517,3.84,-0.0010416666666666667,0.004629629629629629,0.027481054079735247,-0.003827327723098716,-0.000637887953849786,-0.002551551815399144,0.001275775907699572,-0.00637887953849786,0.00318943976924893,-0.005103103630798288,0.005103103630798288,-0.008930431353897003,0.0070167674923476454,-0.007654655446197432,0.008930431353897003,-0.011481983169296148,0.010844095215446362,-0.010206207261596576,0.01275775907699572
2a023bded61ffede,72d433a56e,images/train/2a023bded61ffede.jpg,Boat,0.31588541666666664,0.3382352941176471,0.08489583333333334,0.04411764705882353,0.003745404411764706,3.3958333333333335,0.007552083333333333,-0.003676470588235294,0.17005126738084697,-0.026143716204542155,0.0,-0.08620360478254441,-0.02826347697788341,-0.16887427494285337,-0.07348504014249686,-0.2798084220810458,-0.1300119940982637,-0.4303114369882749,-0.20914972963633724,-0.6203833196645409,-0.3108982467567175,-0.8161078977363835,-0.4069940684815211,-1.0061797804126493,-0.5087425856019013
2a2ceddc19c1e8d4,3c1c8b0c56,images/train/2a2ceddc19c1e8d4.jpg,Boat,0.32169117647058826,0.39889705882352944,0.11213235294117647,0.016544117647058824,0.001855130839100346,6.777777777777778,-0.009650735294117647,0.004595588235294118,0.24817182190493314,-0.004001152497902999,-0.013337174993009997,-0.008002304995805998,-0.005334869997203999,-0.012003457493708998,-0.008002304995805998,-0.016004609991611997,-0.010669739994407998,-0.009336022495106998,-0.013337174993009997,-0.013337174993009997,-0.005334869997203999,-0.017338327490913,-0.018672044990213996,-0.010669739994407998,-0.010669739994407998
2a861691dd141367,f21beac8ce,images/train/2a861691dd141367.jpg,USV,0.5830729166666667,0.5115740740740741,0.044270833333333336,0.04537037037037037,0.0020085841049382715,1.7346938775510203,0.0005208333333333333,0.000925925925925926,0.021913285395639154,0.005810637262999719,-0.0019368790876665729,0.0038737581753331457,0.011621274525999438,0.0019368790876665729,0.017431911788999156,0.0077475163506662914,0.023242549051998875,0.005810637262999719,0.029053186314998595,0.011621274525999438,0.02711630722733202,0.009684395438332865,0.04067446084099803,0.0077475163506662914,0.04648509810399775
2a9bddac23fa6279,f21beac8ce,images/train/2a9bddac23fa6279.jpg,USV,0.5731770833333333,0.5032407407407408,0.030729166666666665,0.032407407407407406,0.00099585262345679,1.6857142857142857,0.0013020833333333333,0.0032407407407407406,0.09465113719547745,-0.006876857002119712,-0.009627599802967596,-0.0027507428008478846,-0.008252228402543653,-0.009627599802967596,-0.006876857002119712,-0.016504456805087307,-0.016504456805087307,-0.02338131380720702,-0.004126114201271827,-0.03025817080932673,-0.013753714004239423,-0.037135027811446446,-0.01237834260381548,-0.04401188481356615,-0.011002971203391538
2ab1d3a9d8e6a62c,f91b246954,images/train/2ab1d3a9d8e6a62c.jpg,USV,0.17213541666666668,0.5175925925925926,0.10885416666666667,0.10185185185185185,0.011086998456790124,1.9,0.01953125,-0.000925925925925926,0.24740936978870295,-0.0012366072445057017,-0.0024732144890114035,-0.0024732144890114035,0.0016488096593409358,-0.0037098217335171054,-0.0008244048296704679,-0.004946428978022807,0.0,-0.006183036222528509,-0.0024732144890114035,-0.004122024148352339,-0.0016488096593409358,-0.008656250711539913,-0.0008244048296704679,-0.009892857956045614,-0.0032976193186818716
2b4c1043d0368f23,b0fe05f41b,images/train/2b4c1043d0368f23.jpg,USV,0.29713541666666665,0.4733455882352941,0.08177083333333333,0.07352941176470588,0.006012561274509804,1.9625,0.0203125,-0.0027573529411764708,0.34902046734282477,0.0011153603285128902,0.012268963613641791,-0.0022307206570257804,0.020076485913232023,-0.0011153603285128902,0.032345449526873814,-0.004461441314051561,0.040152971826464046,0.005576801642564451,0.04349905281200271,0.015615044599180462,0.05130657511159294,0.030114728869848034,0.054652656097131616,0.040152971826464046,0.06246017839672185
2b946c0339bba533,c230f95bbd,images/train/2b946c0339bba533.jpg,USV,0.30494791666666665,0.5648148148148148,0.09947916666666666,0.08148148148148149,0.00810570987654321,2.1704545454545454,-0.009895833333333333,-0.005555555555555556,0.1536870355704326,0.0028924992034701064,0.0019283328023134043,0.0019283328023134043,0.0038566656046268087,0.0009641664011567022,0.0019283328023134043,-0.0038566656046268087,0.0038566656046268087,-0.008677497610410319,0.005784998406940213,-0.009641664011567021,0.007713331209253617,-0.014462496017350533,0.009641664011567021,-0.015426662418507235,0.011569996813880426
2c2a554787e038f9,b6cf3a91b7,images/train/2c2a554787e038f9.jpg,Boat,0.40338541666666666,0.4508272058823529,0.08802083333333334,0.078125,0.006876627604166667,1.988235294117647,0.00078125,-0.00505514705882353,0.047565149415449405,0.00260733723339731,0.001564402340038386,0.0010429348933589239,-0.0010429348933589239,-0.0005214674466794619,0.0005214674466794619,-0.0020858697867178477,0.0020858697867178477,-0.003650272126756234,-0.0005214674466794619,-0.009386414040230317,0.0010429348933589239,-0.010950816380268702,0.00260733723339731,-0.016686958293742782,0.0041717395734356955
2ccb64a3038fa5da,f126b8aae2,images/train/2ccb64a3038fa5da.jpg,USV,0.5205729166666667,0.5013888888888889,0.059895833333333336,0.05648148148148148,0.003383005401234568,1.8852459016393444,0.00078125,0.0,0.017909250925426987,0.0037310939427972886,0.0,0.0014924375771189155,0.0,-0.0007462187885594577,-0.005969750308475662,-0.008954625462713493,-0.005969750308475662,-0.01716303213686753,-0.011939500616951324,-0.0194016885025459,-0.011939500616951324,-0.027610095176699937,-0.017909250925426987,-0.03581850185085397,-0.023879001233902648
2ce3bb88294a5772,b9351a7480,images/train/2ce3bb88294a5772.jpg,Boat,0.59140625,0.5351851851851852,0.1390625,0.13703703703703704,0.019056712962962963,1.804054054054054,0.004427083333333333,0.009259259259259259,0.06602267659892289,0.002200855700944107,-0.0037728954873327545,0.004401711401888214,-0.007545790974665509,0.004087303444610484,-0.011318686461998264,0.0037728954873327545,-0.015091581949331018,0.003458487530055025,-0.016349213778441937,0.005659343230999132,-0.02012210926577469,0.007860198931943238,-0.02641026841132928,0.007545790974665509,-0.0276679002404402
2d39f1c56da39ae9,b6cf3a91b7,images/train/2d39f1c56da39ae9.jpg,Boat,0.090625,0.6185661764705882,0.18125,0.1213235294117647,0.021989889705882355,2.6363636363636362,0.003125,-0.015165441176470588,0.08191717278746968,-0.0011664427311580297,0.004957381607421626,-0.0023328854623160594,0.005248992290211134,-0.003499328193474089,0.005540602973000641,-0.004665770924632119,0.005832213655790149,-0.005832213655790149,0.0061238243385796556,-0.004665770924632119,0.006415435021369163,-0.005832213655790149,0.009039931166474731,-0.006998656386948178,0.009331541849264238
2d8291a0d941f0a8,b9351a7480,images/train/2d8291a0d941f0a8.jpg,Boat,0.34869791666666666,0.4703703703703704,0.1265625,0.09444444444444444,0.011953125,2.3823529411764706,-0.004166666666666667,0.008333333333333333,0.07648579381935494,0.003175899724861275,-0.0007939749312153187,0.0,0.0015879498624306375,0.003175899724861275,0.0007939749312153187,0.003175899724861275,0.0,0.00635179944972255,-0.0007939749312153187,0.009527699174583825,-0.004763849587291913,0.009527699174583825,-0.005557824518507231,0.0127035988994451,-0.00635179944972255
2dae514185a7e5f0,b6cf3a91b7,images/train/2dae514185a7e5f0.jpg,Boat,0.37447916666666664,0.4039522058823529,0.09895833333333333,0.1130514705882353,0.011187385110294117,1.5447154471544715,0.0015625,-0.012408088235294117,0.09046307908639878,0.0008176748817457412,0.004497211849601577,-0.0016353497634914824,0.008994423699203153,-0.0008176748817457412,0.010220936021821765,0.0,0.014718147871423342,0.0008176748817457412,0.025756758774990847,0.0016353497634914824,0.030253970624592424,0.0024530246452372237,0.03802188200117697,0.003270699526982965,0.042519093850778546
2db9390505c7a101,6fde253657,images/train/2db9390505c7a101.jpg,USV,0.7138020833333333,0.6856481481481481,0.0421875,0.04722222222222222,0.0019921875,1.588235294117647,0.0005208333333333333,-0.009259259259259259,0.15636267421349118,0.013613834150272317,0.011669000700233413,0.011669000700233413,0.015558667600311219,0.009724167250194512,0.019448334500389023,0.0077793338001556096,0.038896669000778046,0.005834500350116707,0.05056566970101146,0.0038896669000778048,0.05445533660108927,0.0019448334500389024,0.0816830049016339,0.0,0.10113133940202292
2e02471a0b847817,b6cf3a91b7,images/train/2e02471a0b847817.jpg,Boat,0.3765625,0.4462316176470588,0.084375,0.08363970588235294,0.0070571001838235295,1.7802197802197801,-0.0015625,0.0,0.02470831055537004,0.003088538819421255,0.0,0.00205902587961417,0.0,0.001029512939807085,0.0,0.00411805175922834,0.0,0.007206590578649594,0.0,0.00617707763884251,0.0,0.009265616458263765,0.0,0.01647220703691336,0.0
2e047d942341633f,b6cf3a91b7,images/train/2e047d942341633f.jpg,Boat,0.41380208333333335,0.46139705882352944,0.07447916666666667,0.09375,0.006982421875,1.4019607843137254,0.0013020833333333333,0.02022058823529412,0.18333302170174082,0.0015525055716419933,0.002070007428855991,-0.0010350037144279955,0.004140014857711982,0.0005175018572139978,0.006210022286567973,-0.002070007428855991,0.008280029715423964,-0.00465751671492598,0.010350037144279955,0.0010350037144279955,0.012420044573135947,-0.0015525055716419933,0.014490052001991938,-0.004140014857711982,0.01656005943084793
2e9d725811f7c4c1,b9351a7480,images/train/2e9d725811f7c4c1.jpg,Boat,0.565625,0.36203703703703705,0.134375,0.08888888888888889,0.011944444444444445,2.6875,-0.012239583333333333,0.022222222222222223,0.2134308537399534,0.0091340289522133,-0.003177053548595931,0.01191395080723474,-0.009531160645787792,0.02104797975944804,-0.015885267742979655,0.02382790161446948,-0.025416428388767447,0.02978487701808685,-0.03177053548595931,0.03891890597030015,-0.038124642583151166,0.051229988471109385,-0.05083285677753489,0.06036401742332268,-0.06036401742332268
2efd371db55a11b0,b9351a7480,images/train/2efd371db55a11b0.jpg,Boat,0.3734375,0.5555555555555556,0.09166666666666666,0.08148148148148149,0.007469135802469135,2.0,-0.00026041666666666666,-0.023148148148148147,0.2009227807964423,0.008537510852394395,0.0010044130414581642,0.013057369538956134,0.0020088260829163283,0.02159488039135053,0.0030132391243744925,0.030132391243744925,0.0,0.030634597764474004,-0.0030132391243744925,0.0391721086168684,-0.0020088260829163283,0.04369196730343014,-0.0010044130414581642,0.05222947815582454,0.0
2f0e5666d5a54024,dd66390d74,images/train/2f0e5666d5a54024.jpg,Boat,0.28984375,0.5284926470588235,0.12864583333333332,0.07536764705882353,0.009695733762254901,3.0121951219512195,-0.04348958333333333,-0.016544117647058824,0.6001978706674882,-0.00043916185870991977,0.001756647434839679,-0.004391618587099197,-0.003513294869679358,-0.004830780445809118,0.001756647434839679,-0.008783237174198395,0.007026589739358716,-0.009222399032908314,-0.005269942304519037,-0.009661560891618235,0.010539884609038075,-0.006587427880648797,0.008783237174198395,-0.007026589739358716,0.014053179478717433
2f20f18d0f30a0f7,1d2277871a,images/train/2f20f18d0f30a0f7.jpg,USV,0.2669270833333333,0.4148148148148148,0.09427083333333333,0.08703703703703704,0.00820505401234568,1.925531914893617,0.01484375,0.001388888888888889,0.2187974872468418,0.0033540910141336418,-0.0014374675774858465,0.002874935154971693,0.0009583117183238976,0.006229026169105334,-0.0004791558591619488,0.005749870309943386,0.005749870309943386,0.005270714450781437,0.00814564960575313,0.004791558591619488,0.014374675774858464,0.004312402732457539,0.016770455070668207,0.0038332468732955906,0.019166234366477953
2f27a5b01cb1359b,c230f95bbd,images/train/2f27a5b01cb1359b.jpg,USV,0.40598958333333335,0.5509259259259259,0.1359375,0.10185185185185185,0.01384548611111111,2.3727272727272726,-0.0067708333333333336,-0.000462962962962963,0.07677993540870803,0.0007377231581213656,-0.00258203105342478,0.0014754463162427313,-0.002213169474364097,-0.0007377231581213656,-0.0018443078953034142,0.0029508926324854625,-0.004426338948728194,0.0007377231581213656,-0.007008370002152974,-0.0014754463162427313,-0.006639508423092291,-0.0007377231581213656,-0.009221539476517071,0.0029508926324854625,-0.014754463162427314
2f5c928b4d1c30a4,3c1c8b0c56,images/train/2f5c928b4d1c30a4.jpg,Boat,0.27527573529411764,0.4508272058823529,0.1130514705882353,0.021139705882352942,0.0023898748378027683,5.3478260869565215,0.004136029411764706,0.00505514705882353,0.1336070008727831,-0.001175069472160852,0.00587534736080426,-0.002350138944321704,-0.007050416832965112,-0.003525208416482556,-0.001175069472160852,-0.004700277888643408,0.004700277888643408,0.003525208416482556,-0.008225486305125963,0.01175069472160852,-0.002350138944321704,0.019976181026734485,-0.00587534736080426,0.02820166733186045,-0.009400555777286816
2f6460d5c4beeb85,b0fe05f41b,images/train/2f6460d5c4beeb85.jpg,USV,0.28880208333333335,0.4912683823529412,0.1015625,0.08547794117647059,0.008681353400735295,2.096774193548387,0.004427083333333333,0.011029411764705883,0.10919915509216438,0.006961654989908015,0.003712882661284275,0.01392330997981603,0.011138647983852825,0.013459199647155497,0.0148515306451371,0.016707971975779237,0.018564413306421376,0.019956744304402977,0.025990178628989925,0.019492633971742442,0.033415943951558474,0.022741406300366186,0.0297030612902742,0.0297030612902742,0.033415943951558474
2f7a754ca4fd98a4,b0fe05f41b,images/train/2f7a754ca4fd98a4.jpg,USV,0.53984375,0.4342830882352941,0.06197916666666667,0.05974264705882353,0.0037027994791666665,1.8307692307692307,0.0049479166666666664,-0.0009191176470588235,0.10861411741992315,0.00355320171178814,0.001421280684715256,0.00710640342357628,0.002842561369430512,0.004974482396503396,-0.001421280684715256,0.008527684108291536,0.0,0.012080885820079676,0.001421280684715256,-0.001421280684715256,-0.008527684108291536,-0.00355320171178814,-0.00710640342357628,0.005685122738861024,-0.005685122738861024
2fb5cace38f4707b,c230f95bbd,images/train/2fb5cace38f4707b.jpg,USV,0.05963541666666667,0.6324074074074074,0.11927083333333334,0.1111111111111111,0.013252314814814814,1.9083333333333334,-0.03307291666666667,0.0375,0.4543378181309458,0.008671605041072568,0.002639184142935129,0.023375630980282572,0.005278368285870258,0.04411207781763002,0.010933762877874106,0.06786473510404618,0.010556736571740517,0.09161739239046235,0.016212131163744366,0.10632141832967235,0.018851315306679495,0.10896060247260748,0.027522920347752063,0.1266808388608862,0.0633404194304431
3001094289baf851,b0fe05f41b,images/train/3001094289baf851.jpg,USV,0.26015625,0.47794117647058826,0.0828125,0.07536764705882353,0.006241383272058824,1.9390243902439024,0.009895833333333333,-0.003676470588235294,0.1700455169477385,0.014231408240876391,0.0,0.024083921638406197,0.0,0.029557540192589427,0.0,0.04378894843346581,0.0,0.05802035667434221,0.0,0.06787287007187201,0.0,0.09086206799944156,0.013136684530039746,0.11385126592701113,0.017515579373386325
300ee04812bbd748,b9351a7480,images/train/300ee04812bbd748.jpg,Boat,0.6200520833333333,0.5791666666666667,0.24635416666666668,0.1361111111111111,0.03353153935185185,3.2176870748299318,-0.002864583333333333,-0.010648148148148148,0.04834342824722951,-0.0011851157883970957,-0.00023702315767941913,-0.0023702315767941914,-0.00047404631535883827,-0.003555347365191287,-0.0007110694730382574,-0.004740463153588383,0.0009480926307176765,-0.005925578941985478,-0.0011851157883970957,-0.009006879991817927,0.00047404631535883827,-0.01398436630308573,0.00023702315767941913,-0.015169482091482825,0.0
30da9551044939b3,3c1c8b0c56,images/train/30da9551044939b3.jpg,Boat,0.3212316176470588,0.3460477941176471,0.109375,0.015625,0.001708984375,7.0,0.01011029411764706,0.001838235294117647,0.2485747808025049,0.0027791505368325534,-0.005558301073665107,0.027791505368325534,-0.011116602147330214,0.030570655905158086,-0.005558301073665107,0.03334980644199064,0.0,0.02501235483149298,-0.005558301073665107,0.027791505368325534,0.0,0.030570655905158086,0.005558301073665107,0.022233204294660427,0.0
30e4c271d15f4b59,b6cf3a91b7,images/train/30e4c271d15f4b59.jpg,Boat,0.54609375,0.48299632352941174,0.19947916666666668,0.09283088235294118,0.018517827052696077,3.792079207920792,0.0005208333333333333,-0.001838235294117647,0.011369069681283681,-0.0006355503162070545,0.0038133018972423267,-0.001271100632414109,0.0076266037944846534,-0.0019066509486211634,0.01143990569172698,-0.002542201264828218,0.01271100632414109,-0.0031777515810352723,0.019066509486211636,-0.0038133018972423267,0.020337610118625744,-0.004448852213449381,0.02415091201586807,-0.005084402529656436,0.027964213913110398
31669613ce2e70a2,b9351a7480,images/train/31669613ce2e70a2.jpg,Boat,0.37994791666666666,0.4476851851851852,0.0828125,0.08611111111111111,0.007131076388888889,1.7096774193548387,0.003125,0.000925925925925926,0.05002197393659264,0.002055890464547702,-0.001027945232273851,0.004111780929095404,0.002055890464547702,0.0061676713936431055,0.001027945232273851,0.008223561858190807,0.004111780929095404,0.01027945232273851,0.0071956166259169565,0.008223561858190807,0.0061676713936431055,0.01027945232273851,0.005139726161369255,0.012335342787286211,0.004111780929095404
3216f5ea654d890a,b6cf3a91b7,images/train/3216f5ea654d890a.jpg,Boat,0.5401041666666667,0.4260110294117647,0.14479166666666668,0.0818014705882353,0.011844171262254902,3.1235955056179776,-0.004427083333333333,0.010569852941176471,0.09091368364586434,0.00039734030065663787,0.00039734030065663787,0.0007946806013132757,-0.002384041803939827,-0.0019867015032831894,0.0011920209019699135,-0.0015893612026265515,0.0015893612026265515,-0.0011920209019699135,0.005165423908536292,-0.003973403006566379,0.00556276420919293,-0.003576062705909741,0.00913882691510267,-0.003178722405253103,0.009536167215759308
32da951045a17dca,b6cf3a91b7,images/train/32da951045a17dca.jpg,Boat,0.5255208333333333,0.4728860294117647,0.14479166666666668,0.07628676470588236,0.011045687806372549,3.3493975903614457,-0.00234375,0.009650735294117647,0.07520449714440505,0.0004114514272933758,0.0012343542818801273,0.007406125691280764,-0.0008229028545867515,0.011109188536921145,-0.0028801599910536304,0.011520639964214522,0.001645805709173503,0.015223702809854902,-0.0004114514272933758,0.018926765655495285,0.0008229028545867515,0.022629828501135665,-0.0012343542818801273,0.02633289134677605,-0.003291611418347006
3393d7430311a153,b6cf3a91b7,images/train/3393d7430311a153.jpg,Boat,0.446875,0.6461397058823529,0.165625,0.09191176470588236,0.015222886029411764,3.18,-0.008333333333333333,0.006433823529411764,0.09793464641562483,0.0,0.0035048259630752767,0.0,0.004205791155690332,0.0,0.004906756348305387,0.0,0.008411582311380663,0.0028038607704602213,0.01191640827445594,0.0028038607704602213,0.012617373467070996,0.0,0.013318338659686051,0.0028038607704602213,0.016823164622761327
33a639377d41209d,b6cf3a91b7,images/train/33a639377d41209d.jpg,Boat,0.5763020833333333,0.5064338235294118,0.1796875,0.13602941176470587,0.02444278492647059,2.331081081081081,0.0005208333333333333,-0.0013786764705882354,0.007978133060363683,-0.0005531839967618403,0.0008297759951427606,0.0011063679935236807,0.0016595519902855211,0.002765919983809202,0.004702063972475643,0.004425471974094723,0.005531839967618404,0.006085023964380244,0.008574351949808526,0.007744575954665765,0.01382959991904601,0.011616863931998648,0.01465937591418877,0.013276415922284169,0.019914623883426255
33c862232386a704,b6cf3a91b7,images/train/33c862232386a704.jpg,Boat,0.51484375,0.5174632352941176,0.27239583333333334,0.1323529411764706,0.03605238970588235,3.6319444444444446,-0.00546875,0.021599264705882353,0.09379093186183496,0.0011387225766839222,0.00022774451533678442,0.0022774451533678444,0.00045548903067356883,-0.0038716567607253354,-0.0011387225766839222,-0.008198802552124239,-0.0009109780613471377,-0.010703992220828868,-0.0006832335460103532,-0.013209181889533496,-0.00045548903067356883,-0.015714371558238124,-0.00022774451533678442,-0.018219561226942755,0.0
33d781600792f088,c230f95bbd,images/train/33d781600792f088.jpg,USV,0.022916666666666665,0.8689814814814815,0.04583333333333333,0.09351851851851851,0.004286265432098766,0.8712871287128713,0.009375,0.005555555555555556,0.20125618103561566,0.013258915109577716,0.018562481153408805,0.03182139626298652,0.005303566043831086,0.045080311372564234,0.002651783021915543,0.05833922648214195,0.01591069813149326,0.07159814159171968,0.018562481153408805,0.09546418878895956,-0.01591069813149326,0.12463380203003054,-0.06629457554788859,0.14849984922727044,-0.07424992461363522
34289c4ccb05f1c0,1d2277871a,images/train/34289c4ccb05f1c0.jpg,USV,0.31875,0.3851851851851852,0.052083333333333336,0.05,0.0026041666666666665,1.8518518518518519,0.0033854166666666668,-0.000925925925925926,0.08949446496437229,0.0025515518153991436,-0.005103103630798287,-0.001701034543599429,-0.003402069087198858,0.0008505172717997145,0.005103103630798287,0.003402069087198858,0.013608276348795433,0.005953620902598002,0.015309310892394862,0.001701034543599429,0.017010345435994292,0.004252586358998573,0.01871137997959372,0.006804138174397716,0.02041241452319315
344f3cf8a59bdb4c,055abdf17e,images/train/344f3cf8a59bdb4c.jpg,USV,0.3346354166666667,0.42777777777777776,0.09427083333333333,0.10555555555555556,0.009950810185185186,1.587719298245614,-0.004427083333333333,-0.006944444444444444,0.07891505267331268,0.0073966867315725104,0.0030456945365298573,0.011312579707110899,0.009572182829093837,0.01870926643868341,0.012617877365623696,0.022625159414221798,0.019144365658187674,0.026541052389760185,0.025670853950751655,0.033937739121332695,0.032197342243315635,0.037853632096871086,0.03872383053587961,0.041769525072409476,0.041769525072409476
34ea055ac92c2e3f,ace8fc6a18,images/train/34ea055ac92c2e3f.jpg,Boat,0.24713541666666666,0.3478860294117647,0.1203125,0.14430147058823528,0.01736127068014706,1.4713375796178343,0.00703125,-0.003216911764705882,0.07323252131593451,-0.0009845674094261876,-0.00032818913647539587,0.0006563782729507917,-0.0006563782729507917,0.002297323955327771,0.0016409456823769793,0.0039382696377047504,0.0013127565459015835,0.0029537022282785626,0.0036100805012293543,0.007220161002458709,0.0032818913647539587,0.008861106684835689,0.00557921532008173,0.010502052367212668,0.007876539275409501
34ee43ac0a8bbfe5,6fde253657,images/train/34ee43ac0a8bbfe5.jpg,USV,0.71484375,0.42314814814814816,0.0484375,0.05555555555555555,0.002690972222222222,1.55,-0.00390625,-0.021296296296296296,0.32385724099486,0.005856807606580721,-0.001673373601880206,0.005020120805640618,0.010040241611281236,0.010876928412221338,0.00836686800940103,0.010040241611281236,0.02008048322256247,0.009203554810341132,0.018407109620682264,0.021753856824442676,0.023427230426322884,0.020917170023502574,0.0284473512319635,0.026773977630083295,0.03346747203760412
350d24c0b0afcf29,b6cf3a91b7,images/train/350d24c0b0afcf29.jpg,Boat,0.31796875,0.42830882352941174,0.12135416666666667,0.125,0.015169270833333333,1.713235294117647,-0.022395833333333334,-0.003216911764705882,0.24235664994233166,0.0021066086010530765,0.002457710034561923,0.0014044057340353844,0.007724231537194614,0.00631982580315923,0.015799564507898076,0.005617622936141538,0.023874897478601536,0.007724231537194614,0.031950230449305,0.004213217202106153,0.04283437488807922,-0.0021066086010530765,0.05090970785878268,-0.002808811468070769,0.05617622936141538
3513fef5ddd29dd2,72d433a56e,images/train/3513fef5ddd29dd2.jpg,Boat,0.12552083333333333,0.21737132352941177,0.08333333333333333,0.04503676470588235,0.003753063725490196,3.2653061224489797,0.00859375,0.003676470588235294,0.1917461385078017,-0.0007058655491447276,-0.005646924393157821,0.009882117688026186,0.0,0.009176252138881458,0.005646924393157821,0.01976423537605237,0.0,0.030352218613223285,0.005646924393157821,0.02964635306407856,0.0,0.04023433630124947,0.005646924393157821,0.05082231953842038,0.0
359a209494434653,b6cf3a91b7,images/train/359a209494434653.jpg,Boat,0.3046875,0.7072610294117647,0.10208333333333333,0.08363970588235294,0.008538219975490195,2.1538461538461537,-0.0020833333333333333,0.001838235294117647,0.033486230781321104,-0.0037438744168639937,-0.0018719372084319969,-0.0037438744168639937,-0.0037438744168639937,-0.0074877488337279875,-0.00561581162529599,-0.0037438744168639937,-0.0037438744168639937,-0.0074877488337279875,-0.00561581162529599,-0.01123162325059198,-0.01123162325059198,-0.01123162325059198,-0.013103560459023979,-0.01871937208431997,-0.014975497667455975
3650a07fc2e8bde2,b6cf3a91b7,images/train/3650a07fc2e8bde2.jpg,Boat,0.43255208333333334,0.4921875,0.04739583333333333,0.05422794117647059,0.002570178462009804,1.5423728813559323,-0.0015625,-0.001838235294117647,0.049206783130512285,-0.0017059382661317162,0.0034118765322634324,0.0034118765322634324,-0.006823753064526865,0.0017059382661317162,-0.0034118765322634324,0.0,-0.006823753064526865,0.005117814798395149,-0.010235629596790297,0.0034118765322634324,-0.006823753064526865,0.0017059382661317162,-0.017059382661317162,0.006823753064526865,-0.01364750612905373
3683e12cba333586,6fde253657,images/train/3683e12cba333586.jpg,USV,0.69609375,0.5587962962962963,0.06510416666666667,0.06759259259259259,0.0044005594135802465,1.7123287671232876,-0.012239583333333333,0.03935185185185185,0.5083952728189529,-0.0006542799032377671,0.0019628397097133012,-0.0013085598064755343,-0.006542799032377671,0.0032713995161888355,-0.015048437774468643,0.0026171196129510686,-0.01831983729065748,0.012431318161517576,-0.02682547603274845,0.02224551671008408,-0.035331114774839426,0.04252819371045486,-0.04383675351693039,0.05234239225902137,-0.04710815303311923
36d8e1b79fe2ce52,b9351a7480,images/train/36d8e1b79fe2ce52.jpg,Boat,0.3065104166666667,0.43194444444444446,0.12864583333333332,0.13425925925925927,0.017271894290123456,1.703448275862069,-0.02265625,0.001851851851851852,0.23009931148382468,-0.008256339603897917,0.003963043009871,-0.016512679207795835,0.007926086019742,-0.022126990138446417,0.011889129029613,-0.027741301069097002,0.015852172039484,-0.035997640672994914,0.019815215049355,-0.04425398027689283,0.023778258059226,-0.049868291207543415,0.027741301069097002,-0.058124630811441334,0.031704344078968
37441c01584c7809,c230f95bbd,images/train/37441c01584c7809.jpg,USV,0.24661458333333333,0.5203703703703704,0.09427083333333333,0.07777777777777778,0.007332175925925926,2.1547619047619047,0.01171875,-0.0032407407407407406,0.1846696176050722,-0.006589378267014555,0.0035481267591616836,-0.005068752513088119,-0.0010137505026176238,0.008616879272249803,0.0025343762565440595,0.01824750904711723,0.0060825030157057435,0.027878138821984654,0.009630629774867427,0.03750876859685208,0.009123754523558614,0.043084396361249014,0.012671881282720298,0.05677002814658694,0.01622000804188198
382f4eb6dfc21588,6fde253657,images/train/382f4eb6dfc21588.jpg,USV,0.8067708333333333,0.5365740740740741,0.05416666666666667,0.062037037037037036,0.0033603395061728397,1.5522388059701493,-0.004166666666666667,-0.000462962962962963,0.09602459740370799,-0.005989849814784502,0.0007487312268480628,-0.005989849814784502,0.0014974624536961256,-0.005989849814784502,0.0022461936805441883,0.0,0.002994924907392251,-0.005989849814784502,0.003743656134240314,-0.011979699629569004,0.004492387361088377,-0.011979699629569004,0.0052411185879364395,-0.011979699629569004,0.005989849814784502
383841c8f72484c1,b6cf3a91b7,images/train/383841c8f72484c1.jpg,Boat,0.57890625,0.5137867647058824,0.19739583333333333,0.13786764705882354,0.027214499080882353,2.526666666666667,-0.00625,-0.011488970588235295,0.07267353295568019,0.004194061219900216,0.0023591594361938714,0.008388122439800432,0.004718318872387743,0.01048515304975054,0.009174508918531723,0.014679214269650756,0.013630698964675702,0.016776244879600864,0.015989858400869573,0.02097030609950108,0.018349017837063445,0.02306733670945119,0.020708177273257317,0.025164367319401297,0.025164367319401297
3876bbd5af1282b4,b6cf3a91b7,images/train/3876bbd5af1282b4.jpg,Boat,0.52890625,0.4954044117647059,0.1609375,0.07720588235294118,0.01242532169117647,3.6785714285714284,0.0018229166666666667,0.002297794117647059,0.026697277853434415,0.0034914324502680876,-0.001939684694593382,0.006982864900536175,-0.0007758738778373528,0.004267306328105441,-0.005819054083780146,0.007758738778373528,-0.007758738778373528,0.005043180205942793,-0.006594927961617499,0.008534612656210881,-0.008534612656210881,0.008922549595129557,-0.010474297350804263,0.009310486534048234,-0.012413982045397644
387d7e41625c2189,3c1c8b0c56,images/train/387d7e41625c2189.jpg,Boat,0.19898897058823528,0.5179227941176471,0.14981617647058823,0.03216911764705882,0.004819454206314879,4.6571428571428575,0.0013786764705882354,0.0,0.01985927705603684,0.004137349386674342,0.0,0.0016549397546697367,0.0,-0.0008274698773348683,0.0,0.0033098795093394733,0.006619759018678947,0.007447228896013815,0.006619759018678947,0.018204337301367102,0.006619759018678947,0.0157219276693625,0.006619759018678947,0.01985927705603684,0.006619759018678947
398686fb303ed7a1,1cec08390c,images/train/398686fb303ed7a1.jpg,Boat,0.16770833333333332,0.4287683823529412,0.03958333333333333,0.021139705882352942,0.0008367800245098039,3.3043478260869565,0.00234375,0.0009191176470588235,0.1102576553899201,0.010464231602014309,-0.002989780457718374,-0.002989780457718374,-0.005979560915436748,-0.004484670686577561,0.002989780457718374,-0.005979560915436748,0.0,-0.0074744511442959355,-0.002989780457718374,0.002989780457718374,0.005979560915436748,-0.010464231602014309,0.002989780457718374,0.0,0.0
39ed63a114ae28f6,3c1c8b0c56,images/train/39ed63a114ae28f6.jpg,Boat,0.3005514705882353,0.46691176470588236,0.11213235294117647,0.022058823529411766,0.002473507785467128,5.083333333333333,0.00505514705882353,0.004595588235294118,0.13736642791863551,0.0057751661793326,-0.0115503323586652,0.0115503323586652,-0.00462013294346608,0.0173254985379978,-0.01617046530213128,0.03234093060426256,-0.027720797660796482,0.03811609678359516,-0.0115503323586652,-0.20559591598424057,-0.05082146237812688,-0.32918447222195824,-0.07161206062372424,-0.4250522307988794,-0.08316239298238945
3aefb1e95699a4c7,1d2277871a,images/train/3aefb1e95699a4c7.jpg,USV,0.24817708333333333,0.4148148148148148,0.05572916666666667,0.05,0.0027864583333333335,1.9814814814814814,-0.016666666666666666,0.001388888888888889,0.4214420019701121,-0.01973342594909646,0.0041111304060617625,-0.02631123459879528,0.008222260812123525,-0.0328890432484941,0.012333391218185287,-0.01973342594909646,0.01644452162424705,-0.01973342594909646,0.02713346068000763,0.00657780864969882,0.031244591086069393,0.03946685189819292,0.041933530141829975,0.0657780864969882,0.04604466054789174
3b11b92101c0ed55,6fde253657,images/train/3b11b92101c0ed55.jpg,USV,0.815625,0.537962962962963,0.05520833333333333,0.06296296296296296,0.00347608024691358,1.5588235294117647,-0.00625,0.0,0.14134285422946366,0.005889285592894319,0.0,0.011778571185788638,0.0,0.017667856778682958,-0.005889285592894319,0.023557142371577276,-0.011778571185788638,0.017667856778682958,-0.011778571185788638,0.023557142371577276,-0.011778571185788638,0.029446427964471594,-0.011778571185788638,0.035335713557365915,-0.011778571185788638
3b1d0b74e40e2d2d,3c1c8b0c56,images/train/3b1d0b74e40e2d2d.jpg,Boat,0.27159926470588236,0.5174632352941176,0.11856617647058823,0.025735294117647058,0.0030513354238754327,4.607142857142857,0.04136029411764706,-0.0013786764705882354,0.7491689748140403,-0.027038306979113698,0.0031198046514361957,-0.04575713488773087,0.014559088373368913,-0.11439283721932718,0.02599837209530163,-0.19966749769191652,0.03743765581723435,-0.28494215816450585,0.04055746046867054,-0.3702168186370952,0.05199674419060326,-0.45549147910968457,0.05511654884203946,-0.5490856186527705,0.06655583256397217
3b5de981fb6f6a19,c230f95bbd,images/train/3b5de981fb6f6a19.jpg,USV,0.14244791666666667,0.8092592592592592,0.14114583333333333,0.10555555555555556,0.014898726851851852,2.3771929824561404,0.04765625,-0.03148148148148148,0.5553534838908076,0.00035558460194577257,-0.015645722485613994,0.0007111692038915451,-0.025602091340095626,0.0039114306214034986,-0.04124781382570962,0.007111692038915451,-0.05404885949575743,0.010311953456427405,-0.06969458198137142,0.010667538058373177,-0.07965095083585305,0.01102312266031895,-0.09529667332146705,0.014223384077830902,-0.10809771899151487
3bdca470fc0300ee,b6cf3a91b7,images/train/3bdca470fc0300ee.jpg,Boat,0.49609375,0.38465073529411764,0.10572916666666667,0.050551470588235295,0.005344764859068627,3.690909090909091,0.00390625,-0.00045955882352941176,0.07113688765046385,0.0005914944222812161,0.0005914944222812161,-0.0035489665336872964,0.0011829888445624322,0.0017744832668436482,0.0017744832668436482,0.007097933067374593,-0.0023659776891248644,0.00295747211140608,-0.015970349401592834,0.0035489665336872964,-0.024842765735811075,-0.0053234498005309445,-0.038447137448279045,-0.009463910756499458,-0.052051509160747016
3c4d7e72c6a42668,6fde253657,images/train/3c4d7e72c6a42668.jpg,USV,0.7236979166666667,0.7023148148148148,0.0390625,0.04351851851851852,0.0016999421296296296,1.5957446808510638,0.0018229166666666667,0.001851851851851852,0.0678964585086305,-0.007368829309332041,-0.012632278815997785,0.0021053798026662972,-0.02526455763199557,0.0031580697039994463,-0.029475317237328165,0.0042107596053325945,-0.04210759605332595,0.013684968717330933,-0.04631835565865854,0.006316139407998893,-0.05052911526399114,0.015790348519997232,-0.07158291329065411,0.016843038421330378,-0.07579367289598671
3ca4001479032c1c,3c1c8b0c56,images/train/3ca4001479032c1c.jpg,Boat,0.16773897058823528,0.46875,0.23069852941176472,0.034926470588235295,0.008057485402249135,6.605263157894737,0.006433823529411764,0.003216911764705882,0.08013539601371875,0.0012799156635038627,-0.004479704822263519,-0.0025598313270077254,0.0012799156635038627,-0.0012799156635038627,-0.0031997891587596567,0.0,-0.0025598313270077254,-0.003839746990511588,-0.001919873495255794,-0.012799156635038627,-0.0012799156635038627,-0.011519240971534764,-0.0006399578317519314,-0.015358987962046352,0.0
3cb6a7132f2806c0,b9351a7480,images/train/3cb6a7132f2806c0.jpg,Boat,0.37916666666666665,0.44675925925925924,0.084375,0.08425925925925926,0.007109375,1.7802197802197801,-0.00390625,0.0,0.0617707763884251,0.003603295289324797,0.00411805175922834,0.007206590578649594,0.0,0.006691834108746052,0.0,0.014413181157299188,0.00411805175922834,0.013898424687395647,0.00411805175922834,0.021619771735948784,0.00411805175922834,0.021105015266045243,0.00411805175922834,0.028826362314598376,0.00411805175922834
3cb6ad63f4137ddf,055abdf17e,images/train/3cb6ad63f4137ddf.jpg,USV,0.35651041666666666,0.425,0.0484375,0.044444444444444446,0.0021527777777777778,1.9375,0.0036458333333333334,0.0032407407407407406,0.11713615213161441,0.001870888562778905,0.0009354442813894525,0.00374177712555781,0.001870888562778905,0.005612665688336715,0.0028063328441683575,0.00748355425111562,0.00374177712555781,0.016837997065010147,0.004677221406947263,0.02619243987890467,0.005612665688336715,0.028063328441683577,0.014031664220841789,0.02993421700446248,0.00748355425111562
3ce77231647261b7,b6cf3a91b7,images/train/3ce77231647261b7.jpg,Boat,0.5643229166666667,0.6245404411764706,0.29635416666666664,0.13694852941176472,0.04058526731004902,3.8187919463087248,0.0026041666666666665,-0.006433823529411764,0.0295438161777467,-0.00042929985876806275,-0.00042929985876806275,0.0008585997175361255,-0.0008585997175361255,0.00042929985876806275,0.0021464992938403137,0.003434398870144502,0.003434398870144502,0.006439497881520941,0.00472229844644869,0.00944459689289738,0.00772739745782513,0.014166895339346071,0.007298097599057067,0.01717199435072251,0.010303196610433506
3cf149cecb089d9b,6fde253657,images/train/3cf149cecb089d9b.jpg,USV,0.7177083333333333,0.8333333333333334,0.042708333333333334,0.04814814814814815,0.002056327160493827,1.5769230769230769,-0.00078125,-0.003703703703703704,0.0654218523257029,0.0028713932429610413,-0.00765704864789611,-0.0019142621619740274,-0.01531409729579222,0.0009571310809870137,-0.03828524323948055,-0.011485572971844165,-0.04594229188737666,-0.008614179728883124,-0.06891343783106499,-0.005742786485922083,-0.0765704864789611,-0.01818549053875326,-0.10719868107054553,-0.01531409729579222,-0.13016982701423388
3d738df55a6c480a,6fde253657,images/train/3d738df55a6c480a.jpg,USV,0.6309895833333333,0.6106481481481482,0.058854166666666666,0.06944444444444445,0.004087094907407407,1.5066666666666666,0.0033854166666666668,-0.002777777777777778,0.0777637295923877,0.0020367204247258817,0.0040734408494517635,-0.001357813616483921,0.002715627232967842,0.0006789068082419605,0.0067890680824196055,0.002715627232967842,0.010862508931871368,-0.0006789068082419605,0.014935949781323132,0.001357813616483921,0.013578136164839211,0.0033945340412098028,0.017651577014290973,-0.005431254465935684,0.021725017863742736
3d89174d1ac9be49,c230f95bbd,images/train/3d89174d1ac9be49.jpg,USV,0.42604166666666665,0.5013888888888889,0.11145833333333334,0.11574074074074074,0.012900270061728395,1.712,0.006510416666666667,-0.001388888888888889,0.07697553926319589,-0.0034392253529010545,0.001146408450967018,-0.0038213615032233936,-0.0007642723006446787,-0.004203497653545734,0.00038213615032233936,-0.007642723006446787,0.0015285446012893575,-0.011081948359347843,-0.00038213615032233936,-0.011464084509670182,0.0007642723006446787,-0.01184622065999252,0.0019106807516116968,-0.015285446012893575,0.003057089202578715
3dac7ffc982b1061,6fde253657,images/train/3dac7ffc982b1061.jpg,USV,0.7760416666666666,0.5370370370370371,0.051041666666666666,0.05925925925925926,0.0030246913580246914,1.53125,-0.00546875,-0.000925925925925926,0.13318244544800267,-0.002367545026294244,-0.004735090052588488,0.0015783633508628292,-0.0031567267017256584,-0.0007891816754314146,-0.007891816754314147,0.0031567267017256584,-0.012626906806902633,0.0071026350788827314,-0.011048543456039806,0.011048543456039806,-0.009470180105176976,0.002367545026294244,-0.02051872356121678,0.0,-0.018940360210353953
3db435ff8ebb1a2f,b6cf3a91b7,images/train/3db435ff8ebb1a2f.jpg,Boat,0.5213541666666667,0.6943933823529411,0.2864583333333333,0.13143382352941177,0.037650314031862746,3.8461538461538463,0.012760416666666666,0.012408088235294117,0.09974538469184219,-0.00022285924447520912,-0.0024514516892273,-0.00044571848895041824,-0.0049029033784546,-0.0006685777334256274,-0.007354355067681901,-0.0008914369779008365,-0.011588680712710873,0.0006685777334256274,-0.01582300635773985,0.00044571848895041824,-0.027188827825975512,0.00022285924447520912,-0.04033752325001285,-0.001782873955801673,-0.03030885724862844
3dc0689dc504e0cc,b0fe05f41b,images/train/3dc0689dc504e0cc.jpg,USV,0.3065104166666667,0.47840073529411764,0.06927083333333334,0.057904411764705885,0.004011086856617647,2.111111111111111,-0.0036458333333333334,0.0009191176470588235,0.0772482957765536,-0.0013655698444676296,-0.0013655698444676296,-0.008193419066805778,-0.002731139688935259,-0.015021268289143925,-0.004096709533402889,-0.016386838133611557,-0.005462279377870518,-0.017752407978079185,-0.006827849222338148,-0.019117977822546813,-0.008193419066805778,-0.020483547667014445,-0.015021268289143925,-0.027311396889352593,-0.021849117511482073
3eaf6b36046955c3,6fde253657,images/train/3eaf6b36046955c3.jpg,USV,0.7263020833333333,0.6365740740740741,0.03697916666666667,0.041666666666666664,0.001540798611111111,1.5777777777777777,-0.0036458333333333334,-0.01990740740740741,0.4000195613370291,-0.00221143705180948,-0.0055285926295237,-0.00442287410361896,-0.0110571852590474,-0.015480059362666361,-0.0165857778885711,-0.01769149641447584,-0.0221143705180948,-0.028748681673523242,-0.03648871135485642,-0.03980586693257064,-0.042017303984380125,-0.05086305219161805,-0.038700148406665906,-0.061920237450665445,-0.0442287410361896
3ef79493a4afbe1e,dd66390d74,images/train/3ef79493a4afbe1e.jpg,Boat,0.6033854166666667,0.18841911764705882,0.29010416666666666,0.19117647058823528,0.05546109068627451,2.6778846153846154,0.009375,0.028952205882352942,0.10658839606609412,0.0007344813009081898,-0.004223267480222091,0.002937925203632759,-0.006977572358627803,0.0022034439027245694,-0.008262914635217136,0.0,-0.015424107319071985,0.0007344813009081898,-0.018178412197477695,-0.002937925203632759,-0.02240167967769979,-0.003672406504540949,-0.02662494715792188,-0.0014689626018163796,-0.03378613984177673
3ef961fb7c44febd,6fde253657,images/train/3ef961fb7c44febd.jpg,USV,0.80703125,0.4777777777777778,0.0578125,0.06851851851851852,0.003961226851851852,1.5,0.004427083333333333,0.01574074074074074,0.20971359183756358,0.01034412898134788,-0.0013792171975130507,0.009654520382591354,-0.0027584343950261014,0.014481780573887031,-0.004137651592539152,0.01930904076518271,-0.005516868790052203,0.024136300956478385,-0.006896085987565253,0.028963561147774063,-0.008275303185078305,0.03379082133906974,-0.02068825796269576,0.03861808153036542,-0.03310121274031322
3f1c0556265afbec,3c1c8b0c56,images/train/3f1c0556265afbec.jpg,Boat,0.3547794117647059,0.38097426470588236,0.11029411764705882,0.015625,0.001723345588235294,7.0588235294117645,-0.00505514705882353,0.00505514705882353,0.1722116800484161,0.0041513197759691966,-0.0041513197759691966,0.008302639551938393,-0.008302639551938393,0.0013837732586563989,-0.0013837732586563989,-0.005535093034625595,-0.005535093034625595,-0.01245395932790759,-0.009686412810594793,-0.019372825621189586,-0.01383773258656399,-0.02629169191447158,-0.017989052362533186,-0.03321055820775357,-0.01107018606925119
408d84d3a21e1a6e,b9351a7480,images/train/408d84d3a21e1a6e.jpg,Boat,0.38177083333333334,0.5157407407407407,0.09166666666666666,0.1111111111111111,0.010185185185185186,1.4666666666666666,-0.00625,-0.01990740740740741,0.1694255557446808,0.0,-0.002150319853762423,0.0,-0.004300639707524846,0.003440511766019877,-0.006450959561287269,0.003440511766019877,-0.008601279415049692,0.003440511766019877,-0.014192111034831992,0.003440511766019877,-0.016342430888594415,0.003440511766019877,-0.021933262508376714,0.006881023532039754,-0.024083582362139137
40994386e15c0597,b6cf3a91b7,images/train/40994386e15c0597.jpg,Boat,0.3846354166666667,0.4696691176470588,0.0796875,0.08823529411764706,0.00703125,1.59375,-0.007291666666666667,-0.003216911764705882,0.11907241805196005,0.010314036906007025,0.0036099129171024585,0.01650245904961124,0.0030942110718021076,0.026816495955618264,0.006704123988904566,0.037130532861625286,0.006188422143604215,0.04744456976763231,0.005672720298303863,0.057758606673639336,0.009282633215406321,0.07219825834204917,0.012892546132508781,0.08663791001045901,0.01237684428720843
4120c651d3a08417,6fde253657,images/train/4120c651d3a08417.jpg,USV,0.6739583333333333,0.6217592592592592,0.053125,0.05648148148148148,0.0030005787037037037,1.6721311475409837,-0.0020833333333333333,0.0032407407407407406,0.06738205047677398,0.00633877010379782,0.0007923462629747275,0.0,0.001584692525949455,0.0,-0.003961731314873637,0.0,-0.00316938505189891,0.0,-0.0023770387889241826,0.0,-0.007923462629747274,0.0,-0.013469886470570368,-0.00633877010379782,-0.01267754020759564
413e4c8a8f31876d,b6cf3a91b7,images/train/413e4c8a8f31876d.jpg,Boat,0.36041666666666666,0.4572610294117647,0.13125,0.09466911764705882,0.01242532169117647,2.4466019417475726,-0.0067708333333333336,-0.00505514705882353,0.08761536656321114,0.0007758738778373528,-0.001939684694593382,0.0015517477556747056,-0.0007758738778373528,0.0023276216335120586,0.0034914324502680876,0.003103495511349411,0.010862234289722938,0.006982864900536175,0.021336531640527203,0.010862234289722938,0.028707333479982052,0.011638108167560291,0.03918163083078632,0.015517477556747056,0.04965592818159058
416e03bd40dc4b9e,6fde253657,images/train/416e03bd40dc4b9e.jpg,USV,0.6807291666666667,0.6050925925925926,0.05625,0.058333333333333334,0.00328125,1.7142857142857142,-0.0010416666666666667,0.004166666666666667,0.0596999158539511,0.0030308040310554497,0.0053039070543470365,0.006061608062110899,-0.0015154020155277248,0.0030308040310554497,0.003788505038819312,0.006061608062110899,0.009092412093166349,0.009092412093166349,0.0022731030232915873,0.0,0.007577010077638624,0.0030308040310554497,0.006819309069874761,0.006061608062110899,0.006061608062110899
416ffa0c392d45ad,b9351a7480,images/train/416ffa0c392d45ad.jpg,Boat,0.39505208333333336,0.5212962962962963,0.0796875,0.10555555555555556,0.008411458333333333,1.3421052631578947,0.00390625,0.0023148148148148147,0.059860710544529946,0.000473240469191932,0.005205645161111252,0.000946480938383864,0.002839442815151592,0.001419721407575796,0.008045087976262844,0.001892961876767728,0.009464809383838639,0.006152126099495116,0.010884530791414436,0.006625366568687048,0.01609017595252569,0.007098607037878979,0.013723973606566027,0.007571847507070912,0.018929618767677278
41c676bd3eeb71a3,b0fe05f41b,images/train/41c676bd3eeb71a3.jpg,USV,0.5880208333333333,0.4352022058823529,0.0625,0.05974264705882353,0.0037339154411764708,1.8461538461538463,0.004166666666666667,0.0009191176470588235,0.09128709291752768,0.0,-0.0014153462926807447,0.0,-0.0028306925853614894,0.0,0.0014153462926807447,-0.011322770341445958,0.005661385170722979,-0.011322770341445958,0.004246038878042234,-0.011322770341445958,0.008492077756084468,-0.016984155512168937,0.0070767314634037235,-0.022645540682891915,0.016984155512168937
4237950cda83955b,b9351a7480,images/train/4237950cda83955b.jpg,Boat,0.39348958333333334,0.5652777777777778,0.07760416666666667,0.09722222222222222,0.007544849537037037,1.4190476190476191,-0.0049479166666666664,-0.000925925925925926,0.07637103086919993,-0.0024984015343634328,0.0009993606137453732,-0.0009993606137453732,-0.0019987212274907465,0.0004996803068726866,-0.0009993606137453732,0.0019987212274907465,0.0,0.007495204603090299,-0.0029980818412361195,0.012991687978689851,-0.005996163682472239,0.022485613809270895,-0.00899424552370836,0.02798209718487045,-0.007994884909962986
4297b7dc4328de46,b0fe05f41b,images/train/4297b7dc4328de46.jpg,USV,0.5645833333333333,0.4963235294117647,0.06666666666666667,0.06066176470588235,0.004044117647058824,1.9393939393939394,-0.026822916666666665,-0.022058823529411766,0.6181681531187958,-0.0006799908435769447,0.0,0.004079945061461668,0.0,0.00883988096650028,0.005439926748615558,0.013599816871538894,0.010879853497231116,0.029239606273808623,0.010879853497231116,0.033999542178847236,0.02175970699446223,0.04963933158111696,0.02175970699446223,0.054399267486155575,0.02175970699446223
42c8d23cad61be4e,c230f95bbd,images/train/42c8d23cad61be4e.jpg,USV,0.39401041666666664,0.4625,0.1640625,0.12314814814814815,0.020203993055555557,2.3684210526315788,-0.00390625,0.001851851851851852,0.037922540886549776,0.004580260500380152,0.003664208400304122,0.011603326600963053,0.007328416800608244,0.016183587101343204,0.008549819600709618,0.023206653201926105,0.009771222400810992,0.030229719302509003,0.013435430801115113,0.034809979802889156,0.017099639201419235,0.0442758515036748,0.020763847601723357,0.04885611200405496,0.02442805600202748
432ed84c0d4f685d,3c1c8b0c56,images/train/432ed84c0d4f685d.jpg,Boat,0.33777573529411764,0.5303308823529411,0.08915441176470588,0.01838235294117647,0.0016388678633217993,4.85,0.008272058823529412,0.001838235294117647,0.20931897427058715,-0.01418989403707812,0.005675957614831248,-0.02837978807415624,0.011351915229662496,-0.04256968211123436,0.017027872844493745,-0.06811149137797498,0.022703830459324992,-0.0823013854150531,0.02837978807415624,-0.09649127945213122,0.03405574568898749,-0.11068117348920933,0.05108361853348123,-0.13622298275594996,0.045407660918649985
434dfd54873490d9,b6cf3a91b7,images/train/434dfd54873490d9.jpg,Boat,0.609375,0.41590073529411764,0.09166666666666666,0.13511029411764705,0.012385110294117646,1.1972789115646258,0.003125,-0.051011029411764705,0.34705726858962416,-0.0015542647853187307,-0.0003885661963296827,0.0,-0.0038856619632968267,-0.004662794355956192,-0.010491287300901432,-0.0031085295706374614,-0.010879853497231116,-0.0077713239265936535,-0.01748547883483572,-0.006217059141274923,-0.024091104172440325,-0.010879853497231116,-0.02758819993940747,-0.012434118282549846,-0.03419382527701208
439bfc4b442edeab,b9351a7480,images/train/439bfc4b442edeab.jpg,Boat,0.40729166666666666,0.5569444444444445,0.08541666666666667,0.10833333333333334,0.009253472222222222,1.4017094017094016,-0.0018229166666666667,0.003703703703703704,0.03837022723581393,-0.007670330615637052,-0.0036095673485350833,-0.01173109388273902,-0.007219134697070167,-0.019401424498376073,-0.014438269394140333,-0.02346218776547804,-0.01804783674267542,-0.031132518381115096,-0.0216574040912105,-0.03519328164821706,-0.028876538788280667,-0.042863612263854114,-0.03609567348535084,-0.050533942879491166,-0.039705240833885914
43ac46de1d489424,b6cf3a91b7,images/train/43ac46de1d489424.jpg,Boat,0.23776041666666667,0.4646139705882353,0.18697916666666667,0.1792279411764706,0.03351189108455882,1.841025641025641,-0.0049479166666666664,-0.011029411764705883,0.05784625794196823,0.0007086580781271593,0.001889754875005758,-0.0004724387187514395,0.0,0.00023621935937571974,0.001889754875005758,-0.000944877437502879,0.007559019500023032,-0.00023621935937571974,0.013228284125040306,0.0004724387187514395,0.017007793875051823,-0.0007086580781271593,0.022677058500069097,0.0,0.02834632312508637
43b4a0711de151f3,6fde253657,images/train/43b4a0711de151f3.jpg,USV,0.7122395833333334,0.7555555555555555,0.0421875,0.046296296296296294,0.001953125,1.62,-0.0013020833333333333,-0.024537037037037038,0.41825622721597133,0.004910463758239913,-0.002946278254943948,0.009820927516479826,0.0019641855032959655,0.01473139127471974,-0.008838834764831844,0.019641855032959652,-0.003928371006591931,0.024552318791199564,0.0009820927516479827,0.021606040536255616,-0.009820927516479826,0.018659762281311672,-0.004910463758239913,0.023570226039551584,0.0
43c1d3aa5ed56960,f126b8aae2,images/train/43c1d3aa5ed56960.jpg,USV,0.5067708333333333,0.4962962962962963,0.06875,0.06481481481481481,0.004456018518518519,1.8857142857142857,-0.0046875,-0.012037037037037037,0.16448792373994225,0.006501956082628742,-0.0039011736495772453,0.013003912165257484,0.002600782433051497,0.014304303381783233,0.0039011736495772453,0.02600782433051497,0.005201564866102994,0.03250978041314371,0.006501956082628742,0.039011736495772456,0.013003912165257484,0.055916822310607184,0.029908997980092215,0.06762034325933892,0.04681408379492694
43ca90a6f6f19139,1d2277871a,images/train/43ca90a6f6f19139.jpg,USV,0.4979166666666667,0.37962962962962965,0.10104166666666667,0.08888888888888889,0.008981481481481481,2.0208333333333335,0.00546875,-0.009259259259259259,0.10625063169409954,-0.0022898843037521452,0.0018319074430017163,-0.0045797686075042905,-0.0036638148860034326,-0.0032058380252530036,-0.0018319074430017163,-0.009159537215008581,-0.007327629772006865,-0.01511323640476416,-0.020150981873018878,-0.021066935594519737,-0.02564670420202403,-0.027020634784275317,-0.031142426531029176,-0.03297433397403089,-0.040301963746037756
440e1828f2e3835f,f91b246954,images/train/440e1828f2e3835f.jpg,USV,0.21041666666666667,0.49722222222222223,0.09479166666666666,0.08518518518518518,0.008074845679012345,1.9782608695652173,0.0046875,0.002777777777777778,0.07331479879864508,0.002898021880008686,-0.002898021880008686,0.005796043760017372,-0.005796043760017372,0.008694065640026057,-0.008694065640026057,0.011592087520034744,-0.007728058346689829,0.014490109400043428,-0.010626080226698514,0.0135241021067072,-0.009660072933362285,0.0202861531600608,-0.012558094813370972,0.023184175040069487,-0.015456116693379658
441b45bfd0e14353,b6cf3a91b7,images/train/441b45bfd0e14353.jpg,Boat,0.35833333333333334,0.4954044117647059,0.096875,0.09191176470588236,0.008903952205882353,1.86,0.11536458333333334,0.02068014705882353,1.6324745383250454,-0.07836455208953566,-0.002291361172208645,-0.19339088293440965,-0.008248900219951122,-0.3084172137792836,-0.01787261714322743,-0.4564391455039621,-0.031162511942037573,-0.6117934329797082,-0.04811858461638155,-0.7891447877086574,-0.05407612366412402,-0.9591637866865388,-0.06736601846293416,-1.1511798529176234,-0.07698973538621047
44b06740339cf51e,c230f95bbd,images/train/44b06740339cf51e.jpg,USV,0.33880208333333334,0.5833333333333334,0.1015625,0.08148148148148149,0.008275462962962964,2.215909090909091,-0.005989583333333334,-0.001388888888888889,0.08853245358621513,-0.00047711313793160877,0.0014313394137948263,-0.0009542262758632175,0.0028626788275896526,-0.005248244517247697,0.004294018241384479,-0.001908452551726435,0.005725357655179305,-0.010019375896563784,-0.00047711313793160877,-0.014313394137948264,-0.006679583931042523,-0.018607412379332743,-0.005248244517247697,-0.02290143062071722,-0.01145071531035861
44de210d85d3b86d,1d2277871a,images/train/44de210d85d3b86d.jpg,USV,0.4171875,0.44074074074074077,0.020833333333333332,0.025925925925925925,0.0005401234567901234,1.4285714285714286,-0.004427083333333333,-0.0023148148148148147,0.26474381147495346,0.00186754470208499,-0.02054299172293489,0.00373508940416998,-0.01120526821250994,0.00560263410625497,-0.01680790231876491,0.00747017880833996,-0.02241053642501988,0.00933772351042495,-0.01307281291459493,0.01120526821250994,-0.03361580463752982,0.02801317053127485,-0.02427808112710487,0.02988071523335984,-0.01494035761667992
450b9c46e9c7eb92,6fde253657,images/train/450b9c46e9c7eb92.jpg,USV,0.7177083333333333,0.475462962962963,0.06354166666666666,0.06574074074074074,0.004177276234567901,1.7183098591549295,-0.006510416666666667,0.03981481481481482,0.4811441090356016,0.022160771080420034,0.012087693316592745,0.04432154216084007,0.018803078492477605,0.01813153997488912,0.025518463668362464,0.0026861540703539437,0.03223384884424732,-0.023503848115597005,0.03357692587942429,-0.03894923402013218,0.04029231105530915,-0.049022311783959466,0.04163538809048612,-0.05909538954778676,0.04835077326637098
45a0bee868c15c63,b9351a7480,images/train/45a0bee868c15c63.jpg,Boat,0.42526041666666664,0.4666666666666667,0.059895833333333336,0.06666666666666667,0.003993055555555555,1.5972222222222223,0.0453125,0.03425925925925926,1.0389747826746405,-0.04258498890681125,-0.023353058432767457,-0.07967514053532426,-0.04121127958723669,-0.1662188276685213,-0.0755540125766006,-0.24726767752342013,-0.10440190828766628,-0.3338113646566172,-0.13874464127703018,-0.43683956362470894,-0.1730873742663941,-0.5453625998710989,-0.21841978181235447,-0.6483907988391906,-0.25276251480171835
45a8caf26f718af0,b0fe05f41b,images/train/45a8caf26f718af0.jpg,USV,0.29583333333333334,0.4742647058823529,0.06875,0.05698529411764706,0.003917738970588235,2.129032258064516,-0.005729166666666666,-0.003216911764705882,0.12760003646536647,0.015199170534810002,0.004836099715621364,0.030398341069620003,0.009672199431242728,0.045597511604430006,0.020035270250431367,0.060796682139240006,0.02487136996605273,0.05388796825978091,0.02418049857810682,0.04697925438032183,0.023489627190160914,0.040070540500862735,0.028325726905782278,0.03316182662140364,0.03316182662140364
45af3be41f52bcf2,dd66390d74,images/train/45af3be41f52bcf2.jpg,Boat,0.5861979166666667,0.3694852941176471,0.1859375,0.12316176470588236,0.022900390625,2.6641791044776117,0.0010416666666666667,-0.015625,0.07826134419302708,-0.001143019136476845,0.0028575478411921123,0.0,0.0057150956823842245,0.001143019136476845,0.006286605250622647,0.0,0.00228603827295369,0.003429057409430535,0.0028575478411921123,0.00228603827295369,-0.001143019136476845,0.010287172228291605,-0.0028575478411921123,0.00914415309181476,-0.00914415309181476
466fb727b52560f4,6fde253657,images/train/466fb727b52560f4.jpg,USV,0.7802083333333333,0.3824074074074074,0.053125,0.06666666666666667,0.0035416666666666665,1.4166666666666667,0.02265625,-0.013888888888888888,0.5369325550080298,-0.010939688156468827,0.021879376312937654,-0.02771387666305436,0.0379242522757586,-0.04448806516963989,0.05396912823857954,-0.06126225367622543,0.0700140042014005,-0.08387094253292768,0.08022437981410473,-0.10647963138962992,0.09626925577692567,-0.14659182129668227,0.11231413173974662,-0.18670401120373464,0.12835900770256756
468b604d68d47b80,1cec08390c,images/train/468b604d68d47b80.jpg,Boat,0.5401041666666667,0.45909926470588236,0.05416666666666667,0.030330882352941176,0.001642922794117647,3.1515151515151514,-0.00078125,-0.0027573529411764708,0.05725357655179306,-0.005334287046866553,0.006401144456239865,-0.0021337148187466214,0.01280228891247973,0.0010668574093733107,0.0021337148187466214,-0.004267429637493243,0.008534859274986486,-0.009601716684359796,0.01493600373122635,-0.006401144456239865,0.021337148187466213,-0.0032005722281199323,0.010668574093733106,-0.008534859274986486,0.01706971854997297
46a7185da892095e,b6cf3a91b7,images/train/46a7185da892095e.jpg,Boat,0.55703125,0.38005514705882354,0.13802083333333334,0.08731617647058823,0.01205145143995098,2.789473684210526,-0.004427083333333333,0.010569852941176471,0.09012845296444211,0.00039390843228953403,0.00039390843228953403,0.0039390843228953405,0.0039390843228953405,0.001181725296868602,0.007484260213501146,0.0015756337291581361,0.007878168645790681,0.0019695421614476702,0.011423344536396486,0.005514718052053476,0.014968520427002292,0.00590862648434301,0.012211161400975555,0.0063025349166325444,0.015756337291581362
46f6614ce577ac13,b0fe05f41b,images/train/46f6614ce577ac13.jpg,USV,0.47239583333333335,0.4967830882352941,0.07395833333333333,0.07077205882352941,0.005234183517156862,1.844155844155844,0.015364583333333333,0.012408088235294117,0.310256949041256,-0.0017931298377313627,0.002988549729552271,-0.0035862596754627253,0.005977099459104542,-0.005379389513194088,-0.0005977099459104542,-0.007172519350925451,0.002390839783641817,-0.013747328755940447,0.005379389513194088,-0.020322138160955443,0.0035862596754627253,-0.022115267998686804,0.0017931298377313627,-0.02390839783641817,0.004781679567283634
4762a5c59f9e6acd,3c1c8b0c56,images/train/4762a5c59f9e6acd.jpg,Boat,0.24816176470588236,0.4646139705882353,0.15441176470588236,0.02849264705882353,0.00439959991349481,5.419354838709677,-0.03630514705882353,-0.0027573529411764708,0.5489219290374429,-0.02165132794819114,0.005196318707565874,-0.057159505783224616,-0.003464212471710583,-0.14116665822220625,0.0017321062358552914,-0.17667483605723971,0.0,-0.19832616400543088,-0.0017321062358552914,-0.23383434184046434,-0.010392637415131748,-0.22777197001497082,0.0017321062358552914,-0.2217095981894773,0.006928424943421166
47bfe53acc8057fc,b6cf3a91b7,images/train/47bfe53acc8057fc.jpg,Boat,0.6166666666666667,0.20588235294117646,0.09791666666666667,0.13419117647058823,0.013139552696078432,1.2876712328767124,-0.0005208333333333333,0.002297794117647059,0.016252255857588112,0.0007544920369036991,0.004149706202970346,0.0015089840738073982,0.014335348701170285,0.0022634761107110974,0.021503023051755426,0.0030179681476147965,0.031688665549955364,0.003772460184518496,0.03885633990054051,0.007544920369036992,0.04602401425112565,0.008299412405940692,0.06224559304455518,0.012071872590459186,0.07846717183798471
4803d0c12dea177e,b9351a7480,images/train/4803d0c12dea177e.jpg,Boat,0.3841145833333333,0.5662037037037037,0.09322916666666667,0.0787037037037037,0.007337480709876543,2.1058823529411765,-0.0033854166666666668,0.03009259259259259,0.2686977639167863,-0.0015200759705663175,-0.0045602279116989525,0.0010133839803775448,-0.013173991744908084,-0.0005066919901887724,-0.017734219656607035,0.0020267679607550897,-0.022294447568305988,0.0005066919901887724,-0.03090821140151512,-0.0010133839803775448,-0.039521975234724255,-0.0025334599509438623,-0.048135739067933385,0.0,-0.056749502901142515
486673b60e331723,c230f95bbd,images/train/486673b60e331723.jpg,USV,0.34921875,0.5902777777777778,0.08697916666666666,0.07314814814814814,0.0063623649691358026,2.1139240506329116,0.005208333333333333,0.009259259259259259,0.12312414186138847,-0.0021765478909490563,-0.0021765478909490563,-0.004353095781898113,-0.004353095781898113,-0.0065296436728471685,-0.015235835236643394,-0.008706191563796225,-0.01741238312759245,-0.010882739454745282,-0.019588931018541506,-0.013059287345694337,-0.030471670473286788,-0.019588931018541506,-0.03264821836423584,-0.021765478909490564,-0.0348247662551849
48973acecbfaaeee,b9351a7480,images/train/48973acecbfaaeee.jpg,Boat,0.3359375,0.44675925925925924,0.11979166666666667,0.09537037037037037,0.01142457561728395,2.233009708737864,0.0026041666666666665,-0.007407407407407408,0.061293225028223874,0.0024364008220751276,0.0,0.0016242672147167517,0.0,0.004060668036791879,0.0,0.006497068858867007,0.0,0.008933469680942135,0.0,0.008121336073583759,0.0032485344294335035,0.010557736895658887,0.0032485344294335035,0.012994137717734014,0.0032485344294335035
48c52bf5229b8f03,c230f95bbd,images/train/48c52bf5229b8f03.jpg,USV,0.453125,0.6203703703703703,0.090625,0.08518518518518518,0.007719907407407407,1.891304347826087,-0.009895833333333333,0.04351851851851852,0.40068033098242034,-0.004939824042333431,0.012843542510066919,-0.013831507318533606,0.021735225786267093,-0.02272319059473378,0.030626909062467268,-0.02766301463706721,0.04347045157253419,-0.012843542510066919,0.004939824042333431,-0.0019759296169333724,-0.029638944254000585,0.016795401743933663,-0.06816957178420134,0.02766301463706721,-0.1067001993144021
495ad0c84e1bb97e,b9351a7480,images/train/495ad0c84e1bb97e.jpg,Boat,0.36041666666666666,0.40925925925925927,0.11875,0.0962962962962963,0.011435185185185185,2.1923076923076925,0.0033854166666666668,-0.0060185185185185185,0.05969586661761491,0.001217635156561245,-0.001217635156561245,-0.0040587838552041495,0.0040587838552041495,-0.0028411486986429048,0.009335202866969544,-0.008117567710408299,0.011364594794571619,-0.006899932553847054,0.016641013806337014,-0.00892932448144913,0.018670405733939088,-0.010958716409051205,0.023946824745704483,-0.012988108336653278,0.029223243757469878
498e981f2f2a3f30,ace8fc6a18,images/train/498e981f2f2a3f30.jpg,Boat,0.18385416666666668,0.31893382352941174,0.13020833333333334,0.07352941176470588,0.009574142156862746,3.125,0.0005208333333333333,-0.004136029411764706,0.03259601202601324,-0.0008838834764831844,0.0004419417382415922,-0.0017677669529663688,0.004419417382415922,-0.002651650429449553,0.0013258252147247765,-0.0035355339059327377,-0.0017677669529663688,-0.00795495128834866,-0.0013258252147247765,-0.012374368670764581,-0.0008838834764831844,-0.013258252147247766,-0.0004419417382415922,-0.01414213562373095,-0.0035355339059327377
49aeb45d0ae77b3a,b9351a7480,images/train/49aeb45d0ae77b3a.jpg,Boat,0.4036458333333333,0.4101851851851852,0.075,0.09074074074074075,0.006805555555555555,1.469387755102041,0.0049479166666666664,-0.008333333333333333,0.11015925906739135,-0.0015783633508628294,0.001052242233908553,-0.003156726701725659,0.002104484467817106,-0.004735090052588488,0.003156726701725659,-0.002104484467817106,0.008417937871268424,-0.0036828478186799354,0.013679149040811188,-0.005261211169542764,0.014731391274719742,-0.006839574520405594,0.015783633508628294,-0.008417937871268424,0.016835875742536848
4a6c34356ca7590d,ace8fc6a18,images/train/4a6c34356ca7590d.jpg,Boat,0.1765625,0.30193014705882354,0.12604166666666666,0.07261029411764706,0.009151922487745098,3.0632911392405062,-0.003125,-0.0027573529411764708,0.048516004565783186,-0.009040423683815114,-0.004520211841907557,-0.007232338947052091,-0.0018080847367630227,-0.009040423683815114,0.0009040423683815114,-0.010848508420578136,-0.0036161694735260454,-0.009040423683815114,-0.0009040423683815114,-0.010848508420578136,0.0018080847367630227,-0.01265659315734116,-0.002712127105144534,-0.010848508420578136,0.0
4abeecbd086f6834,1d2277871a,images/train/4abeecbd086f6834.jpg,USV,0.33671875,0.4041666666666667,0.044270833333333336,0.049074074074074076,0.0021725501543209875,1.6037735849056605,-0.0013020833333333333,0.0,0.03724711252952238,0.004655889066190298,0.0,-0.005587066879428357,0.0,-0.008380600319142536,0.0,-0.011174133758856715,-0.007449422505904477,-0.02141708970447537,-0.007449422505904477,-0.02421062314418955,-0.007449422505904477,-0.03445357908980821,-0.007449422505904477,-0.03724711252952238,-0.007449422505904477
4b73bd38b4df3e38,b6cf3a91b7,images/train/4b73bd38b4df3e38.jpg,Boat,0.39036458333333335,0.4820772058823529,0.09010416666666667,0.07996323529411764,0.007205020680147059,1.9885057471264367,0.005989583333333334,-0.016544117647058824,0.17410801367318193,0.004585005372678481,0.006113340496904641,0.0010188900828174401,0.012226680993809282,-0.0025472252070436003,0.014264461159444162,-0.0020377801656348803,0.024453361987618563,-0.005603895455495921,0.030566702484523204,-0.0010188900828174401,0.036680042981427845,-0.004585005372678481,0.04279338347833248,-0.008151120662539521,0.044831163643967366
4bab07d125237ad2,b9351a7480,images/train/4bab07d125237ad2.jpg,Boat,0.41432291666666665,0.47314814814814815,0.07447916666666667,0.09444444444444444,0.0070341435185185186,1.4019607843137254,0.00078125,0.020833333333333332,0.1867142111005547,-0.0015525055716419933,0.0015525055716419933,0.0010350037144279955,0.0031050111432839866,0.0036225130004979844,0.00465751671492598,0.002070007428855991,0.006210022286567973,0.00465751671492598,0.007762527858209967,0.007245026000995969,0.00931503342985196,0.0056925204293539755,0.006727524143781971,0.004140014857711982,0.008280029715423964
4bb87049cfdfc8b6,b6cf3a91b7,images/train/4bb87049cfdfc8b6.jpg,Boat,0.39401041666666664,0.45450367647058826,0.08177083333333333,0.08731617647058823,0.007139916513480392,1.6526315789473685,0.0033854166666666668,0.002297794117647059,0.05702420515168415,-0.0066529114156932845,-0.0025588120829589554,-0.009211723498652239,-0.005117624165917911,-0.015864634914345525,-0.007676436248876866,-0.014329347664570152,-0.006141148999101493,-0.020982259080263434,-0.00869996108206045,-0.02763517049595672,-0.011258773165019404,-0.030193982578915673,-0.01381758524797836,-0.036846893994608956,-0.012282297998202987
4bc39d2a62c3becb,c230f95bbd,images/train/4bc39d2a62c3becb.jpg,USV,0.32734375,0.6263888888888889,0.1140625,0.08981481481481482,0.010244502314814816,2.2577319587628866,-0.0046875,0.007407407407407408,0.08261826616014963,0.0008576341947442041,0.0,0.005145805168465224,0.006861073557953633,0.006003439363209428,0.0,0.006861073557953633,0.0,0.011149244531674653,0.0,0.015437415505395673,0.0,0.019725586479116694,0.0,0.020583220673860897,-0.0034305367789768163
4c20e5dfefd85a43,055abdf17e,images/train/4c20e5dfefd85a43.jpg,USV,0.33958333333333335,0.5819444444444445,0.0875,0.09537037037037037,0.008344907407407407,1.6310679611650485,-0.0018229166666666667,0.003703703703703704,0.04040508017477168,0.007126856645460015,-0.003800990210912008,0.010452723080008022,-0.003800990210912008,0.013778589514556029,-0.007601980421824016,0.020905446160016043,-0.007601980421824016,0.02803230280547606,-0.007601980421824016,0.03135816924002407,-0.011402970632736025,0.034684035674572074,-0.011402970632736025,0.041810892320032086,-0.011402970632736025
4c2f7bbaf876f6ab,c230f95bbd,images/train/4c2f7bbaf876f6ab.jpg,USV,0.40911458333333334,0.5592592592592592,0.1234375,0.09444444444444444,0.01165798611111111,2.323529411764706,-0.0015625,0.005092592592592593,0.04029448149171536,-0.004019812149370172,-0.0012059436448110517,-0.004823774579244207,-0.0024118872896221034,-0.00884358672861438,-0.003617830934433155,-0.006431699438992276,-0.004823774579244207,-0.010451511588362447,-0.009245567943551396,-0.01447132373773262,-0.00723566186886631,-0.015275286167606653,-0.011657455233173498,-0.019295098316976827,-0.009647549158488413
4c433c52a00ba8da,f91b246954,images/train/4c433c52a00ba8da.jpg,USV,0.23828125,0.45555555555555555,0.08177083333333333,0.1111111111111111,0.009085648148148148,1.3083333333333333,-0.004166666666666667,0.008333333333333333,0.08772907532952857,-0.007285503157865601,0.0027320636841996005,-0.018213757894664003,-0.0018213757894664003,-0.018213757894664003,0.0009106878947332002,-0.025499261052529604,0.0,-0.0327847642103952,-0.0009106878947332002,-0.036427515789328006,-0.0018213757894664003,-0.047355770526126405,0.0009106878947332002,-0.054641273683992006,0.0
4ca3bfb6ae87a91a,b6cf3a91b7,images/train/4ca3bfb6ae87a91a.jpg,Boat,0.3963541666666667,0.5560661764705882,0.08020833333333334,0.10110294117647059,0.008109298406862746,1.4,0.0020833333333333333,-0.0013786764705882354,0.03282273235350678,0.0,0.0014406038432872442,0.0,0.0028812076865744884,-0.0038416102487659845,0.004321811529861733,-0.007683220497531969,0.005762415373148977,-0.007683220497531969,0.0033614089676702362,-0.007683220497531969,0.0048020128109574805,-0.011524830746297954,0.0024010064054787402,-0.011524830746297954,0.0038416102487659845
4cf00a5b4cd3f861,f21beac8ce,images/train/4cf00a5b4cd3f861.jpg,USV,0.3216145833333333,0.5560185185185185,0.24114583333333334,0.262037037037037,0.06318913966049383,1.6360424028268552,0.002864583333333333,-0.018518518518518517,0.057302916469026126,0.0022446036064895673,0.002762589054141006,0.004489207212979135,0.004143883581211509,0.006733810819468702,0.005525178108282012,0.00897841442595827,0.006906472635352515,0.011223018032447836,0.008287767162423017,0.013467621638937404,0.009669061689493521,0.017093519772497474,0.012431650743634526,0.019338123378987042,0.012431650743634526
4d266209e8a12090,b0fe05f41b,images/train/4d266209e8a12090.jpg,USV,0.5963541666666666,0.43566176470588236,0.06145833333333333,0.058823529411764705,0.0036151960784313727,1.84375,0.0013020833333333333,-0.0009191176470588235,0.0309840377165459,-0.0035959946011653258,0.0014383978404661304,-0.0071919892023306516,-0.002876795680932261,-0.010787983803495977,-0.0071919892023306516,-0.014383978404661303,-0.005753591361864522,-0.017979973005826627,-0.004315193521398391,-0.021575967606991955,-0.014383978404661303,-0.01941837084629276,-0.012945580564195173,-0.017260774085593563,-0.011507182723729043
4d78497e828298a8,f91b246954,images/train/4d78497e828298a8.jpg,USV,0.21354166666666666,0.43703703703703706,0.06666666666666667,0.07037037037037037,0.004691358024691358,1.6842105263157894,0.019791666666666666,-0.001388888888888889,0.3855759213415966,-0.0025347097051681648,0.0019010322788761236,-0.0050694194103363295,0.003802064557752247,-0.007604129115504494,0.0006336774262920412,-0.010138838820672659,0.0025347097051681648,-0.007604129115504494,0.004435741984044289,-0.0050694194103363295,0.0012673548525840824,-0.012673548525840824,0.003168387131460206,-0.020277677641345318,0.0050694194103363295
4df600adf11e830c,b0fe05f41b,images/train/4df600adf11e830c.jpg,USV,0.26875,0.4163602941176471,0.103125,0.08639705882352941,0.00890969669117647,2.106382978723404,0.0,-0.0059742647058823525,0.047644945522800436,0.0,0.0059556181903500545,0.0,0.019241227999592485,0.0,0.02519684618994254,0.0,0.031152464380292594,-0.0036649958094461875,0.04077307838008883,-0.007329991618892375,0.05039369237988508,-0.007329991618892375,0.05634931057023513,-0.007329991618892375,0.06230492876058519
4e6e35a950b20b92,3c1c8b0c56,images/train/4e6e35a950b20b92.jpg,Boat,0.30193014705882354,0.5454963235294118,0.13143382352941177,0.021139705882352942,0.002778472372404844,6.217391304347826,-0.0009191176470588235,0.0009191176470588235,0.024659431554869708,0.0021796064090817374,-0.0021796064090817374,0.004359212818163475,-0.004359212818163475,0.006538819227245212,-0.006538819227245212,0.0,-0.00871842563632695,0.0021796064090817374,-0.010898032045408686,0.004359212818163475,-0.013077638454490424,-0.0021796064090817374,-0.015257244863572161,0.0,-0.0174368512726539
4fa9cbbfd0b89dc7,ace8fc6a18,images/train/4fa9cbbfd0b89dc7.jpg,Boat,0.3502604166666667,0.5289522058823529,0.0296875,0.04136029411764706,0.001227883731617647,1.2666666666666666,0.00234375,-0.0027573529411764708,0.10678721258619792,-0.01110654145798298,0.007404360971988654,-0.002468120323996218,-0.004936240647992436,0.006170300809990545,0.002468120323996218,-0.004936240647992436,-0.009872481295984873,0.003702180485994327,-0.01234060161998109,0.01234060161998109,-0.014808721943977308,0.001234060161998109,-0.017276842267973526,0.009872481295984873,-0.019744962591969745
4fd2bf4ea48c0318,6fde253657,images/train/4fd2bf4ea48c0318.jpg,USV,0.728125,0.6949074074074074,0.03854166666666667,0.04351851851851852,0.0016772762345679012,1.574468085106383,0.0020833333333333333,-0.005092592592592593,0.11531640100361064,0.0,-0.013777124430076733,0.0,-0.019076018441644707,0.0,-0.02437491245321268,0.0,-0.021195576046271897,0.0,-0.03497270047634863,0.0,-0.05722805532493412,-0.008478230418508759,-0.06252694933650209,-0.016956460837017517,-0.08478230418508759
50457ab2f07d9bb0,3c1c8b0c56,images/train/50457ab2f07d9bb0.jpg,Boat,0.28768382352941174,0.5220588235294118,0.11029411764705882,0.022058823529411766,0.0024329584775086505,5.0,0.00505514705882353,0.002297794117647059,0.11257713405088579,-0.012810806121092545,0.0034938562148434213,-0.006987712429686843,-0.002329237476562281,-0.0011646187382811405,0.010481568644530264,-0.004658474953124562,0.004658474953124562,0.0011646187382811405,0.008152331167967982,-0.002329237476562281,0.011646187382811405,-0.005823093691405702,0.015140043597654826,-0.009316949906249124,0.018633899812498248
5078e3f99a275fff,b6cf3a91b7,images/train/5078e3f99a275fff.jpg,Boat,0.5361979166666667,0.4931066176470588,0.17864583333333334,0.08363970588235294,0.014941884957107843,3.769230769230769,0.0046875,-0.0027573529411764708,0.053697429753491586,-0.0007075257604913638,-0.0007075257604913638,-0.0014150515209827275,0.0014150515209827275,-0.002122577281474091,0.0007075257604913638,-0.002830103041965455,-0.002830103041965455,-0.0035376288024568186,-0.0007075257604913638,-0.009905360646879092,-0.0014150515209827275,-0.010612886407370455,-0.002122577281474091,-0.01132041216786182,0.0
508f7f8505c38b3c,3c1c8b0c56,images/train/508f7f8505c38b3c.jpg,Boat,0.3405330882352941,0.3897058823529412,0.11121323529411764,0.016544117647058824,0.0018399248486159168,6.722222222222222,-0.0078125,0.004136029411764706,0.20608288649599155,0.0013392173886108854,0.009374521720276198,-0.008035304331665313,-0.002678434777221771,-0.0066960869430544275,0.0066960869430544275,-0.016070608663330627,-0.005356869554443542,-0.01473139127471974,0.004017652165832657,-0.024105912994995937,0.013392173886108855,-0.03348043471527214,0.0013392173886108854,-0.03214121732666125,0.010713739108887083
50c4d3d91f831cc5,c230f95bbd,images/train/50c4d3d91f831cc5.jpg,USV,0.35572916666666665,0.5953703703703703,0.08645833333333333,0.07222222222222222,0.006244212962962963,2.128205128205128,0.0026041666666666665,-0.000462962962962963,0.04416002858702562,-0.0010985217691206692,0.0005492608845603346,0.0021970435382413383,0.0010985217691206692,0.0054926088456033455,0.0016477826536810038,0.008788174152965353,-0.006591130614724015,0.012083739460327361,-0.0060418697301636804,0.015379304767689369,-0.009886695922086023,0.023068957151534054,-0.013731522114008365,0.02636452245889606,-0.01318226122944803
50f3320d81d48384,b9351a7480,images/train/50f3320d81d48384.jpg,Boat,0.39765625,0.5476851851851852,0.0796875,0.10277777777777777,0.008190104166666667,1.3783783783783783,0.0,-0.004629629629629629,0.03836743795967757,-0.003836743795967757,-0.002877557846975818,-0.007673487591935514,-0.005755115693951636,-0.011510231387903271,-0.008632673540927453,-0.015346975183871028,-0.011510231387903271,-0.019183718979838785,-0.014387789234879088,-0.019183718979838785,-0.01342860328588715,-0.0268572065717743,-0.016306161132862967,-0.0268572065717743,-0.019183718979838785
50f83568e32434a4,b6cf3a91b7,images/train/50f83568e32434a4.jpg,Boat,0.43020833333333336,0.4866727941176471,0.04895833333333333,0.05422794117647059,0.0026549096200980393,1.5932203389830508,-0.0010416666666666667,-0.0027573529411764708,0.04841520148242165,0.0033569902203229116,-0.0016784951101614558,-0.006713980440645823,-0.0033569902203229116,-0.0033569902203229116,-0.0050354853304843674,0.0,-0.006713980440645823,-0.0033569902203229116,-0.0016784951101614558,-0.006713980440645823,0.0033569902203229116,-0.010070970660968735,0.0016784951101614558,-0.006713980440645823,0.0
515cde64beb24049,f91b246954,images/train/515cde64beb24049.jpg,USV,0.23671875,0.4976851851851852,0.1015625,0.09351851851851851,0.009497974537037037,1.9306930693069306,-0.00546875,-0.003703703703703704,0.08006407690254357,-0.0048988564084059705,0.003562804660658888,-0.009797712816811941,0.0,-0.014696569225217912,0.0,-0.019595425633623882,-0.003562804660658888,-0.024494282042029854,0.0,-0.029393138450435823,-0.003562804660658888,-0.034291994858841796,-0.003562804660658888,-0.03562804660658888,-0.003562804660658888
51d2e6bfbed612c7,72d433a56e,images/train/51d2e6bfbed612c7.jpg,Boat,0.06822916666666666,0.18979779411764705,0.08125,0.04503676470588235,0.003659237132352941,3.183673469387755,0.019791666666666666,0.008731617647058824,0.4480100194177489,-0.0028594313179479843,-0.007863436124356957,-0.017156587907687905,-0.004289146976921976,-0.02573488186153186,-0.006433720465382965,-0.03431317581537581,-0.008578293953843952,-0.04861033240511573,-0.010722867442304941,-0.06862635163075162,-0.01286744093076593,-0.08292350822049155,-0.020730877055122887,-0.09722066481023146,-0.022875450543583874
522d6278dd38da16,2b50dc5ca4,images/train/522d6278dd38da16.jpg,USV,0.440625,0.5560185185185185,0.08645833333333333,0.0712962962962963,0.006164158950617284,2.155844155844156,-0.01875,0.013888888888888888,0.3449571891828845,-0.01326758419934171,0.0055281600830590465,-0.03095769646513066,0.01547884823256533,-0.04422528066447237,0.029852064448518848,0.04422528066447237,0.022112640332236186,0.04422528066447237,0.023218272348847994,0.03980275259802513,0.0243239043654598,0.05749286486381408,0.021007008315624374,0.06633792099670856,0.008845056132894474
5264edfce670e518,6fde253657,images/train/5264edfce670e518.jpg,USV,0.5671875,0.6439814814814815,0.059375,0.062037037037037036,0.0036834490740740742,1.7014925373134329,-0.003125,-0.007407407407407408,0.11442216819293473,0.008581662614470105,0.0,0.005721108409646737,0.0,0.008581662614470105,0.0,0.005721108409646737,-0.005721108409646737,0.0028605542048233683,-0.005721108409646737,0.011442216819293473,-0.005721108409646737,0.008581662614470105,-0.005721108409646737,0.011442216819293473,-0.005721108409646737
5280a40f4c2b7894,b9351a7480,images/train/5280a40f4c2b7894.jpg,Boat,0.24817708333333333,0.45185185185185184,0.15885416666666666,0.1648148148148148,0.026181520061728396,1.7134831460674158,-0.029947916666666668,0.0125,0.2534891895178794,0.009388325551379481,0.003487092347655236,0.020922554085931414,0.006974184695310472,0.030310879637310897,0.008315374059793254,0.04399101115503529,0.011802466407448491,0.05981704565593212,0.01743546173827618,0.07564308015682897,0.020922554085931414,0.08932321167455334,0.024409646433586653,0.10514924617545018,0.03004264176441434
528b05b6b4952730,6fde253657,images/train/528b05b6b4952730.jpg,USV,0.6518229166666667,0.6287037037037037,0.07864583333333333,0.07592592592592592,0.005971257716049383,1.8414634146341464,-0.00026041666666666666,-0.0125,0.12140484939902418,0.000561674383776228,0.001685023151328684,-0.003370046302657368,-0.001123348767552456,-0.00280837191888114,-0.003931720686433596,-0.002246697535104912,0.002246697535104912,-0.006178418221538508,0.003931720686433596,-0.010110138907972103,0.010110138907972103,-0.005055069453986052,0.011795162059300788,-0.004493395070209824,0.017973580280839296
52ca0028a5d2725a,055abdf17e,images/train/52ca0028a5d2725a.jpg,USV,0.4890625,0.2833333333333333,0.0375,0.03518518518518519,0.0013194444444444445,1.894736842105263,0.005989583333333334,0.016666666666666666,0.40836018529684365,0.0011948736139091758,-0.004779494455636703,0.0023897472278183516,0.0,0.0035846208417275277,-0.023897472278183517,-0.004779494455636703,-0.02867696673382022,-0.0035846208417275277,-0.04301545010073033,-0.0023897472278183516,-0.047794944556367035,-0.0011948736139091758,-0.06213342792327714,0.0,-0.07647191129018725
52d03e725d45e9df,b0fe05f41b,images/train/52d03e725d45e9df.jpg,USV,0.27109375,0.4912683823529412,0.06927083333333334,0.057904411764705885,0.004011086856617647,2.111111111111111,-0.0013020833333333333,0.008272058823529412,0.10204379993251148,-0.0020483547667014446,-0.0013655698444676296,0.0013655698444676296,-0.002731139688935259,0.010241773833507222,-0.004096709533402889,0.019117977822546813,-0.005462279377870518,0.027994181811586406,-0.006827849222338148,0.036870385800626,-0.008193419066805778,0.045746589789665594,-0.009558988911273407,0.054622793778705186,-0.010924558755741037
52e00387d0663961,6fde253657,images/train/52e00387d0663961.jpg,USV,0.84453125,0.525,0.058854166666666666,0.06666666666666667,0.003923611111111111,1.5694444444444444,0.0026041666666666665,0.004629629629629629,0.07839340569863311,-0.0013858127192452902,-0.006929063596226451,-0.013858127192452902,-0.0027716254384905804,-0.009700689034717032,0.0013858127192452902,-0.016629752630943483,0.0,-0.023558816227169935,-0.0013858127192452902,-0.03603113070037755,0.0027716254384905804,-0.042960194296604,0.0013858127192452902,-0.04988925789283045,0.0
531227bfb54632b2,1d2277871a,images/train/531227bfb54632b2.jpg,USV,0.33307291666666666,0.39351851851851855,0.04739583333333333,0.04814814814814815,0.0022820216049382717,1.75,0.003125,0.003703703703703704,0.10482848367219182,0.003634273778934877,0.0,0.0,0.0,-0.003634273778934877,0.0,-0.007268547557869754,0.0,-0.010902821336804631,0.007268547557869754,-0.007268547557869754,0.0,-0.018171368894674387,0.007268547557869754,-0.014537095115739508,0.0
53308a385dab39ff,1d2277871a,images/train/53308a385dab39ff.jpg,USV,0.37057291666666664,0.3337962962962963,0.0734375,0.07314814814814814,0.00537181712962963,1.7848101265822784,0.00546875,0.0,0.09948696839902257,0.001776553007125403,0.0,0.003553106014250806,0.0047374746856677415,0.0005921843357084677,0.0047374746856677415,0.0023687373428338708,0.0047374746856677415,0.008882765035627016,0.0047374746856677415,0.005921843357084677,0.0047374746856677415,0.00769839636421008,0.0047374746856677415,0.0047374746856677415,0.0047374746856677415
5377f29376e76dae,b9351a7480,images/train/5377f29376e76dae.jpg,Boat,0.521875,0.42592592592592593,0.265625,0.13148148148148148,0.03492476851851852,3.591549295774648,0.003125,0.03425925925925926,0.1392864603387291,-0.00278696813465739,-0.00046449468910956507,-0.0037159575128765205,-0.00278696813465739,-0.006502925647533911,-0.001393484067328695,-0.0092898937821913,-0.0037159575128765205,-0.010218883160410431,-0.002322473445547825,-0.01114787253862956,-0.00464494689109565,-0.013934840673286951,-0.005109441580205216,-0.01672180880794434,-0.00557393626931478
53f7cf134055573b,6fde253657,images/train/53f7cf134055573b.jpg,USV,0.8200520833333333,0.49907407407407406,0.058854166666666666,0.06851851851851852,0.004032600308641976,1.527027027027027,0.0067708333333333336,0.008333333333333333,0.17290793443610128,0.004100871737498565,-0.001366957245832855,0.00820174347499713,0.00273391449166571,0.006834786229164274,0.001366957245832855,0.01093565796666284,0.0,0.009568700720829984,-0.001366957245832855,0.013669572458328548,-0.00273391449166571,0.017770444195827115,0.001366957245832855,0.02187131593332568,0.00546782898333142
53fe47fdf964df68,b6cf3a91b7,images/train/53fe47fdf964df68.jpg,Boat,0.4322916666666667,0.6631433823529411,0.16041666666666668,0.09283088235294118,0.014891620710784313,3.0495049504950495,-0.006510416666666667,0.0078125,0.08570517717665803,0.0003543594118597149,-0.0003543594118597149,0.003543594118597149,-0.0007087188237194298,0.0010630782355791448,-0.0038979535304568638,0.004252312942316579,-0.009922063532072017,0.0017717970592985746,-0.015946173533687172,0.004961031766036008,-0.021970283535302323,0.005315391177895723,-0.02232464294716204,0.011339501179510877,-0.028348752948777194
54b37fae573767ff,f21beac8ce,images/train/54b37fae573767ff.jpg,USV,0.5638020833333334,0.5361111111111111,0.033854166666666664,0.037037037037037035,0.001253858024691358,1.625,0.0,0.000462962962962963,0.009805806756909202,0.0,0.008580080912295552,0.0,0.007354355067681901,0.0,-0.0036771775338409504,0.0,-0.004902903378454601,0.019611613513818404,-0.006128629223068251,0.019611613513818404,-0.007354355067681901,0.019611613513818404,-0.008580080912295552,0.03922322702763681,-0.019611613513818404
54b7e71e036b1664,c230f95bbd,images/train/54b7e71e036b1664.jpg,USV,0.43776041666666665,0.524074074074074,0.10677083333333333,0.07962962962962963,0.008502121913580248,2.383720930232558,-0.0010416666666666667,-0.001851851851851852,0.021301924316367783,0.0018828418920532836,-0.0018828418920532836,0.003765683784106567,0.0,0.0018828418920532836,-0.005648525676159851,0.003765683784106567,-0.007531367568213134,0.005648525676159851,-0.009414209460266418,0.007531367568213134,-0.011297051352319702,0.005648525676159851,-0.016945577028479552,0.003765683784106567,-0.015062735136426269
54e255755bb3a9a8,dd66390d74,images/train/54e255755bb3a9a8.jpg,Boat,0.4473958333333333,0.3727022058823529,0.11458333333333333,0.0744485294117647,0.008530560661764705,2.7160493827160495,0.00390625,-0.003216911764705882,0.061999963795652153,-0.003277360442529649,0.003277360442529649,-0.006554720885059298,0.002809166093596842,-0.006086526536126491,0.002340971744664035,-0.005618332187193684,0.0018727773957312281,-0.008895692629723334,0.001404583046798421,-0.012173053072252983,0.00468194348932807,-0.011704858723320177,-0.003277360442529649,-0.011236664374387369,0.0074911095829249125
54f2f4c9b07339d7,2b50dc5ca4,images/train/54f2f4c9b07339d7.jpg,USV,0.46979166666666666,0.5328703703703703,0.06041666666666667,0.05092592592592592,0.0030767746913580247,2.109090909090909,0.00026041666666666666,0.001388888888888889,0.019795189561622396,-0.00078247357161896,0.003912367858094799,-0.00156494714323792,0.00156494714323792,0.003912367858094799,-0.00078247357161896,0.00312989428647584,0.00312989428647584,0.00860720928780856,0.00078247357161896,0.007824735716189598,0.004694841429713759,0.007042262144570639,0.00860720928780856,0.00625978857295168,0.00625978857295168
556207ccba60f75c,b9351a7480,images/train/556207ccba60f75c.jpg,Boat,0.61953125,0.2523148148148148,0.1203125,0.1398148148148148,0.016821469907407408,1.5298013245033113,0.0010416666666666667,0.02361111111111111,0.13695484541914538,0.0013385837394679562,0.0016732296743349453,0.0026771674789359125,0.0033464593486698907,0.0013385837394679562,0.0023425215440689233,0.0026771674789359125,0.006692918697339781,0.0013385837394679562,0.005688980892738814,0.005354334957871825,0.010039378046009672,0.0040157512184038685,0.0010039378046009671,0.0026771674789359125,-0.008031502436807737
55a02af4711b7515,3c1c8b0c56,images/train/55a02af4711b7515.jpg,Boat,0.23621323529411764,0.33088235294117646,0.10845588235294118,0.016544117647058824,0.0017943068771626297,6.555555555555555,0.0059742647058823525,0.0009191176470588235,0.14269731441232397,-0.017629748361986563,-0.0027122689787671636,-0.013561344893835819,-0.005424537957534327,-0.009492941425685074,0.0027122689787671636,-0.016273613872602982,0.010849075915068654,-0.012205210404452237,0.008136806936301491,0.0027122689787671636,0.005424537957534327,-0.0040684034681507455,0.013561344893835819,0.0,0.010849075915068654
55e569d9e8b33f13,c230f95bbd,images/train/55e569d9e8b33f13.jpg,USV,0.43828125,0.5300925925925926,0.0734375,0.06574074074074074,0.004827835648148148,1.9859154929577465,0.0067708333333333336,-0.001388888888888889,0.13079060821970998,-0.001249313066668078,0.001873969600002117,0.002498626133336156,0.003747939200004234,0.001249313066668078,0.005621908800006351,0.0,0.01749038293335309,-0.001249313066668078,0.01936435253335521,0.002498626133336156,0.02623557440002964,0.001249313066668078,0.03310679626670407,0.0,0.03997801813337849
562b9e9b9827d4d5,c230f95bbd,images/train/562b9e9b9827d4d5.jpg,USV,0.44375,0.5148148148148148,0.109375,0.0962962962962963,0.010532407407407407,2.019230769230769,0.0018229166666666667,0.0032407407407407406,0.03349320635285418,0.003806240357536641,-0.002960409166972943,0.000845831190563698,-0.0025374935716910942,0.004652071548100339,-0.002114577976409245,0.0050749871433821885,-0.001691662381127396,0.005497902738664037,-0.004652071548100339,0.009304143096200678,-0.000845831190563698,0.006343733929227735,-0.003806240357536641,0.010149974286764377,-0.003383324762254792
56461119739f311f,6fde253657,images/train/56461119739f311f.jpg,USV,0.6833333333333333,0.711574074074074,0.05,0.05277777777777778,0.002638888888888889,1.6842105263157894,0.0013020833333333333,0.005092592592592593,0.08167203705936874,0.009293935585616604,0.004224516175280275,0.011828645290784768,0.00168980647011211,0.021122580876401374,-0.000844903235056055,0.023657290581569537,0.00337961294022422,0.026192000286737703,-0.005914322645392384,0.0354859358723543,-0.00168980647011211,0.03802064557752247,0.0025347097051681648,0.04731458116313907,-0.00675922588044844
56d20a3e3b6ecc0f,2b50dc5ca4,images/train/56d20a3e3b6ecc0f.jpg,USV,0.6122395833333333,0.4703703703703704,0.06927083333333334,0.06296296296296296,0.004361496913580247,1.9558823529411764,0.0015625,0.001388888888888889,0.03526923050024782,-0.014458472767321555,-0.007229236383660778,-0.02365931907379891,-0.009200846306477354,-0.032860165380276266,-0.0006572033076055252,-0.05257626460844202,0.002628813230422101,-0.07229236383660778,0.005914829768449727,-0.08675083660392933,0.009200846306477354,-0.10646693583209509,0.01248686284450498,-0.12092540859941664,0.015772879382532606
5716a24c02c2665c,c230f95bbd,images/train/5716a24c02c2665c.jpg,USV,0.35989583333333336,0.47453703703703703,0.13020833333333334,0.09722222222222222,0.01265914351851852,2.380952380952381,-0.009895833333333333,-0.013425925925925926,0.14751916743903065,-0.0038575837490522976,-0.0011572751247156893,-0.0015430334996209192,-0.0023145502494313786,-0.042433421239575275,-0.0003857583749052298,-0.08332380897952964,-0.0015430334996209192,-0.12421419671948399,0.003471825374147068,-0.16510458445943835,0.0054006172486732165,-0.2059949721993927,0.004243342123957527,-0.24379929294010522,0.006172133998483677
5850e0f9e43b6eaf,b6cf3a91b7,images/train/5850e0f9e43b6eaf.jpg,Boat,0.37890625,0.5215992647058824,0.09114583333333333,0.07996323529411764,0.007288315716911764,2.0114942528735633,0.0033854166666666668,-0.022518382352941176,0.20542718517086525,0.005571781177002616,-0.007597883423185385,0.007091357861639693,-0.007091357861639693,0.00861093454627677,-0.0065848323000940005,0.010130511230913847,-0.006078306738548308,0.015702292407916464,-0.005571781177002616,0.01722186909255354,-0.0050652556154569236,0.026845854761921695,-0.004558730053911231,0.032417635938924313,-0.004052204492365539
588de82b523ebca0,b6cf3a91b7,images/train/588de82b523ebca0.jpg,Boat,0.38385416666666666,0.5275735294117647,0.09166666666666666,0.11029411764705882,0.01011029411764706,1.4666666666666666,-0.007552083333333333,-0.015625,0.15374892214453428,0.002150319853762423,-0.006020895590534784,0.007741151473544723,-0.012041791181069569,0.009891471327307146,-0.018062686771604355,0.012041791181069569,-0.024083582362139137,0.014192111034831992,-0.026663966186654047,0.01978294265461429,-0.03612537354320871,0.025373774274396594,-0.042146269133743496,0.027524094128159017,-0.051607676490298154
591a3fcfdfd3fadc,6fde253657,images/train/591a3fcfdfd3fadc.jpg,USV,0.6786458333333333,0.6837962962962963,0.052083333333333336,0.05462962962962963,0.0028452932098765433,1.694915254237288,-0.00026041666666666666,0.008333333333333333,0.11735069850954431,0.0008136806936301492,-0.0016273613872602984,0.0016273613872602984,-0.003254722774520597,0.0024410420808904476,-0.004882084161780895,0.003254722774520597,-0.006509445549041194,0.0040684034681507455,-0.0016273613872602984,0.004882084161780895,0.003254722774520597,0.012205210404452238,0.0016273613872602984,0.01952833664712358,0.0
5997840ef42881a6,3c1c8b0c56,images/train/5997840ef42881a6.jpg,Boat,0.18244485294117646,0.4756433823529412,0.23069852941176472,0.030330882352941176,0.006997289954584775,7.606060606060606,0.001838235294117647,-0.0009191176470588235,0.024569208818615126,0.008240763160771608,0.001373460526795268,0.005493842107181072,0.002746921053590536,0.12361144741157412,0.004120381580385804,0.19228447375133753,0.010987684214362144,0.24996981587673878,0.017854986848338483,0.2856797895734157,0.019228447375133753,0.3213897632700927,0.026095750009110092,0.36259357907395073,0.03296305264308643
59fe5a75c7b9a76c,b0fe05f41b,images/train/59fe5a75c7b9a76c.jpg,USV,0.5216145833333333,0.5409007352941176,0.07239583333333334,0.07077205882352941,0.005123602175245098,1.8051948051948052,0.010416666666666666,0.01011029411764706,0.22063077927676294,-0.00483300496865064,-0.00362475372648798,-0.00483300496865064,-0.0120825124216266,-0.00966600993730128,-0.01570726614811458,-0.01449901490595192,-0.0241650248432532,-0.01933201987460256,-0.02778977856974118,-0.01933201987460256,-0.03141453229622916,-0.01449901490595192,-0.03503928602271714,-0.00966600993730128,-0.04349704471785576
5a04bdfd1c6a05e3,b6cf3a91b7,images/train/5a04bdfd1c6a05e3.jpg,Boat,0.07786458333333333,0.6649816176470589,0.1546875,0.12040441176470588,0.01862505744485294,2.267175572519084,0.0015625,-0.006893382352941176,0.04095211965890191,0.0006337181424272404,-0.0003168590712136202,0.0012674362848544808,-0.005703463281845163,0.0019011544272817212,-0.006020322353058783,0.0025348725697089615,-0.006337181424272404,0.003168590712136202,-0.0066540404954860246,0.0038023088545634425,-0.006970899566699645,0.004436026996990683,-0.007287758637913265,0.007604617709126885,-0.012674362848544809
5a0723e9126638b3,b9351a7480,images/train/5a0723e9126638b3.jpg,Boat,0.38984375,0.5050925925925925,0.09427083333333333,0.0787037037037037,0.007419463734567902,2.1294117647058823,0.0013020833333333333,0.029166666666666667,0.25475650625266283,-0.006550502539722576,0.004534963296731014,-0.013101005079445152,0.0050388481074789045,-0.015620429133184606,0.005542732918226796,-0.018139853186924057,0.006046617728974686,-0.028721434212629758,0.006550502539722576,-0.03930301523833546,0.011085465836453591,-0.04585351777805804,0.015620429133184606,-0.05643509880376373,0.016124313943932496
5a2a26c915ddcd8e,6fde253657,images/train/5a2a26c915ddcd8e.jpg,USV,0.7596354166666667,0.6930555555555555,0.058854166666666666,0.06759259259259259,0.003978105709876543,1.547945205479452,0.0140625,0.001851851851851852,0.2980926964341019,0.0013762881203369546,-0.0027525762406739093,-0.0027525762406739093,-0.0055051524813478185,-0.0013762881203369546,-0.0027525762406739093,-0.0055051524813478185,0.0,-0.015139169323706502,-0.0027525762406739093,-0.019268033684717367,0.0,-0.028902050527076048,0.0027525762406739093,-0.03853606736943473,0.0055051524813478185
5a5b1273c45a2987,b6cf3a91b7,images/train/5a5b1273c45a2987.jpg,Boat,0.6270833333333333,0.28125,0.165625,0.13602941176470587,0.02252987132352941,2.1486486486486487,0.0015625,-0.004136029411764706,0.024929784107470307,-0.00633808822912209,-0.0043214237925832425,-0.01267617645824418,-0.00633808822912209,-0.019014264687366268,-0.00604999330961654,-0.02535235291648836,-0.00576189839011099,-0.03169044114561045,-0.005473803470605441,-0.038028529374732535,-0.005185708551099891,-0.04436661760385462,-0.004897613631594341,-0.05531422454506551,-0.006914278068133189
5b2bb7648db09749,f21beac8ce,images/train/5b2bb7648db09749.jpg,USV,0.5528645833333333,0.5083333333333333,0.0640625,0.05925925925925926,0.0037962962962962963,1.921875,-0.0067708333333333336,-0.004166666666666667,0.15505129625883401,0.007044294020839314,-0.00493100581458752,0.008453152825007177,0.001408858804167863,0.004226576412503589,0.007748723422923246,0.011270870433342904,0.002817717608335726,0.012679729237510765,0.009157582227091109,0.014088588041678628,0.004226576412503589,0.015497446845846492,0.010566441031258972,0.022541740866685808,0.016906305650014355
5b39a11311822246,b0fe05f41b,images/train/5b39a11311822246.jpg,USV,0.32786458333333335,0.5473345588235294,0.0953125,0.08547794117647059,0.008147116268382352,1.967741935483871,0.005729166666666666,0.004136029411764706,0.09110185269513871,-0.002874512811364212,-0.000479085468560702,-0.001916341874242808,-0.00479085468560702,-0.00479085468560702,-0.009102623902653338,-0.003832683748485616,-0.00958170937121404,-0.006707196559849828,-0.010060794839774742,-0.005749025622728424,-0.01437256405682106,-0.008623538434092635,-0.018684333273867378,-0.011498051245456848,-0.022996102490913696
5b511085a836e719,b0fe05f41b,images/train/5b511085a836e719.jpg,USV,0.23020833333333332,0.48575367647058826,0.08541666666666667,0.0818014705882353,0.006987208946078432,1.8426966292134832,0.00026041666666666666,0.0027573529411764708,0.025174099188192793,0.011898464686982599,-0.003103947309647634,0.019658332961101685,-0.002069298206431756,0.02741820123522077,-0.00517324551607939,0.035178069509339854,-0.008277192825727024,0.047076534196322455,-0.011381140135374659,0.050697806057578024,-0.014485087445022292,0.05845767433169711,-0.017589034754669927,0.0662175426058162,-0.02069298206431756
5bf1ea4d1ea92d77,b9351a7480,images/train/5bf1ea4d1ea92d77.jpg,Boat,0.5442708333333334,0.48564814814814816,0.19583333333333333,0.09166666666666666,0.017951388888888888,3.797979797979798,0.002864583333333333,-0.002777777777777778,0.03247194560287021,0.0016197146186747993,-0.0006478858474699197,0.0006478858474699197,0.0012957716949398394,-0.00032394292373495986,0.0006478858474699197,-0.0038873150848195183,0.0,-0.007450687245904077,0.0019436575424097591,-0.008422516017108956,0.0038873150848195183,-0.011985888178193514,0.0058309726272292774,-0.012957716949398394,0.007774630169639037
5bfbd79353400066,b0fe05f41b,images/train/5bfbd79353400066.jpg,USV,0.3111979166666667,0.5027573529411765,0.06927083333333334,0.05698529411764706,0.00394741881127451,2.1451612903225805,-0.003125,-0.001838235294117647,0.06964794878058299,0.008259230718952092,-0.008259230718952092,0.0055061538126347275,-0.0055061538126347275,0.013765384531586818,-0.008259230718952092,0.011012307625269455,-0.011012307625269455,0.019271538344221545,-0.008259230718952092,0.016518461437904183,-0.016518461437904183,0.013765384531586818,-0.013765384531586818,0.02202461525053891,-0.02202461525053891
5c6ff2b2e50286d7,1cec08390c,images/train/5c6ff2b2e50286d7.jpg,Boat,0.4940104166666667,0.4885110294117647,0.05364583333333333,0.02849264705882353,0.0015285117953431372,3.3225806451612905,0.005208333333333333,0.0009191176470588235,0.17785301327599098,-0.013272777195039148,-0.0022121295325065247,-0.017697036260052198,-0.0044242590650130495,-0.030969813455091345,-0.006636388597519574,-0.035394072520104396,-0.008848518130026099,-0.03981833158511744,-0.011060647662532622,-0.05309110878015659,-0.013272777195039148,-0.05751536784516964,-0.015484906727545673,-0.07078814504020879,-0.017697036260052198
5c8072731ae4b430,b6cf3a91b7,images/train/5c8072731ae4b430.jpg,Boat,0.19192708333333333,0.7375919117647058,0.14947916666666666,0.10202205882352941,0.015250172334558823,2.5855855855855854,-0.009895833333333333,0.003676470588235294,0.10878480493779129,-0.0035016890618980623,0.00280135124951845,-0.004202026874277675,0.00280135124951845,-0.0021010134371388374,0.00280135124951845,-0.00280135124951845,0.00280135124951845,-0.006303040311416512,0.0056027024990369,-0.007003378123796125,0.00280135124951845,-0.004902364686657287,0.0056027024990369,-0.0056027024990369,0.00840405374855535
5cfddc8695c49e1c,4642ebc223,images/train/5cfddc8695c49e1c.jpg,USV,0.6015625,0.5381433823529411,0.04479166666666667,0.04136029411764706,0.001852596507352941,1.9111111111111112,-0.00234375,0.002297794117647059,0.08274989558687215,0.0010046725461883585,0.0030140176385650757,0.002009345092376717,0.0060280352771301515,-0.005023362730941793,0.009042052915695228,-0.004018690184753434,0.012056070554260303,-0.0030140176385650757,0.01507008819282538,-0.010046725461883586,0.010046725461883586,-0.009042052915695228,0.013060743100448661,-0.008037380369506868,0.016074760739013736
5d06d020346a2c4e,b6cf3a91b7,images/train/5d06d020346a2c4e.jpg,Boat,0.2078125,0.5317095588235294,0.175,0.17555147058823528,0.030721507352941175,1.7591623036649215,0.0125,-0.002297794117647059,0.09525075489282987,-0.001973711547440665,0.0012335697171504153,0.001973711547440665,-0.0014802836605804985,0.001973711547440665,-0.004194137038311413,0.00394742309488133,-0.006907990416042327,0.005921134642321994,-0.00962184379377324,0.005921134642321994,-0.010361985624063489,0.00789484618976266,-0.011102127454353738,0.00789484618976266,-0.013815980832084653
5d27523c447dce86,1d2277871a,images/train/5d27523c447dce86.jpg,USV,0.38828125,0.42777777777777776,0.0640625,0.06481481481481481,0.004152199074074074,1.7571428571428571,0.00390625,-0.0023148148148148147,0.08519977207387462,0.006062070057314658,-0.007409196736717916,0.0013471266794032573,-0.004041380038209772,0.002020690019104886,-0.0006735633397016287,-0.0026942533588065146,-0.0026942533588065146,-0.002020690019104886,-0.004714943377911401,-0.006735633397016287,-0.006735633397016287,-0.006062070057314658,-0.0033678166985081433,-0.016165520152839088,-0.010777013435226059
5df289c38ed3c398,b6cf3a91b7,images/train/5df289c38ed3c398.jpg,Boat,0.5744791666666667,0.6204044117647058,0.2947916666666667,0.13419117647058823,0.03955844056372549,3.8767123287671232,0.0049479166666666664,-0.00045955882352941176,0.03309326721791897,0.002826433202439647,0.0019567614478428323,0.0039135228956856645,0.002174179386492036,0.005000612588931683,0.0023915973251412395,0.006087702282177701,0.002609015263790443,0.008914135484617348,0.0045657767116332754,0.004783194650282479,0.004783194650282479,0.011088314871109383,0.0015219255705444252,0.010436061055161773,0.0034786870183872577
5e1dd86d4dfca3cc,b6cf3a91b7,images/train/5e1dd86d4dfca3cc.jpg,Boat,0.41901041666666666,0.4802389705882353,0.05572916666666667,0.06158088235294118,0.003431851256127451,1.5970149253731343,-0.009895833333333333,-0.003676470588235294,0.22931971053861042,-0.054623867613874263,0.0,-0.11515301821303223,-0.011810565970567408,-0.16977688582690648,-0.017715848955851113,-0.23621131941134815,-0.023621131941134816,-0.28492990403993873,-0.02952641492641852,-0.32774320568324555,-0.035431697911702226,-0.36465122434126873,-0.041336980896985925,-0.38974867702872446,-0.04724226388226963
5e5420bb6a5c1611,6fde253657,images/train/5e5420bb6a5c1611.jpg,USV,0.625,0.6162037037037037,0.06041666666666667,0.06944444444444445,0.004195601851851852,1.5466666666666666,0.0013020833333333333,-0.0032407407407407406,0.046113303737741404,0.0020102110028208655,-0.0006700703342736217,0.004020422005641731,0.004020422005641731,0.006030633008462596,0.003350351671368109,0.008040844011283462,0.002680281337094487,0.010051055014104327,0.007370773677009839,0.012061266016925191,0.0013401406685472435,0.019432039693935033,0.006030633008462596,0.02680281337094487,0.005360562674188974
5f30110c9b0dd06d,c230f95bbd,images/train/5f30110c9b0dd06d.jpg,USV,0.40963541666666664,0.5481481481481482,0.12447916666666667,0.0962962962962963,0.011986882716049382,2.298076923076923,0.0046875,0.0032407407407407406,0.06125038178976272,-0.00396428069178797,0.0035678526226091737,-0.004757136830145565,0.007135705245218347,-0.008721417521933535,0.01070355786782752,-0.00951427366029113,0.011099985937006318,-0.019821403458939853,0.011496414006185115,-0.030128533257588578,0.015064266628794289,-0.037264238502806926,0.018632119251403463,-0.04439994374802527,0.01902854732058226
5f6219b6926bd221,3c1c8b0c56,images/train/5f6219b6926bd221.jpg,Boat,0.24862132352941177,0.3336397058823529,0.109375,0.016544117647058824,0.001809512867647059,6.611111111111111,0.006433823529411764,0.0013786764705882354,0.1546810821061557,-0.008102546544402055,-0.0040512732722010275,-0.01620509308880411,-0.008102546544402055,-0.013504244240670092,-0.012153819816603083,-0.010803395392536073,-0.01620509308880411,-0.008102546544402055,-0.009452970968469065,-0.01620509308880411,-0.0027008488481340184,-0.0027008488481340184,-0.006752122120335046,0.0,-0.010803395392536073
5f7b245f99c8289d,6fde253657,images/train/5f7b245f99c8289d.jpg,USV,0.6723958333333333,0.462037037037037,0.034375,0.03888888888888889,0.0013368055555555555,1.5714285714285714,-0.0026041666666666665,-0.015277777777777777,0.32746457019507424,0.011870893381212286,0.0011870893381212286,0.023741786762424572,0.021367608086182117,0.03561268014363686,0.022554697424303344,0.047483573524849144,0.042735216172364233,0.10683804043091058,0.06291573492042511,0.15669579263200217,0.04510939484860669,0.22554697424303344,0.06528991359666758,0.31339158526400435,0.06647700293478881
5fa2aedebf2c640c,b0fe05f41b,images/train/5fa2aedebf2c640c.jpg,USV,0.28020833333333334,0.4664522058823529,0.10208333333333333,0.08547794117647059,0.008725873161764706,2.10752688172043,0.003125,0.012408088235294117,0.10942274773640831,0.0018516994548757595,-0.0013887745911568196,0.003703398909751519,-0.0027775491823136393,0.0055550983646272785,-0.0004629248637189399,0.007406797819503038,0.0018516994548757595,0.009258497274378797,0.004166323773470459,0.011110196729254557,0.006480948092065158,0.012961896184130316,0.008795572410659857,0.014813595639006076,0.011110196729254557
6009001cdf47d294,b9351a7480,images/train/6009001cdf47d294.jpg,Boat,0.4981770833333333,0.38287037037037036,0.10989583333333333,0.05277777777777778,0.00580005787037037,3.7017543859649122,0.00390625,-0.001851851851851852,0.07077825809696113,-0.008548553242174831,-0.011398070989566442,-0.007978649692696509,-0.022796141979132885,-0.011967974539044765,-0.02507575617704617,-0.011398070989566442,-0.03647382716661261,-0.01082816744008812,-0.04331266976035248,-0.014817492286436374,-0.05015151235409234,-0.014247588736958052,-0.06154958334365879,-0.022796141979132885,-0.06838842593739865
602182ba5670e519,b6cf3a91b7,images/train/602182ba5670e519.jpg,Boat,0.3927083333333333,0.4489889705882353,0.07916666666666666,0.08915441176470588,0.007058057598039216,1.5670103092783505,-0.0013020833333333333,-0.003676470588235294,0.03884698756346978,0.0025736077788694623,-0.00411777244619114,0.005147215557738925,-0.00823554489238228,0.0036030508904172473,-0.012353317338573418,0.006176658669286709,-0.012353317338573418,0.008750266448156171,-0.012353317338573418,0.011323874227025634,-0.01647108978476456,0.009779709559703956,-0.024706634677146837,0.012353317338573418,-0.02882440712333798
604abf626c3ad5df,1d2277871a,images/train/604abf626c3ad5df.jpg,USV,0.37526041666666665,0.5050925925925925,0.0328125,0.028703703703703703,0.0009418402777777778,2.032258064516129,-0.01171875,-0.005555555555555556,0.5269248234665486,-0.015556847013173827,-0.005657035277517755,-0.05374183513641868,-0.01131407055503551,-0.080612752704628,-0.028285176387588776,-0.11879774082787285,-0.03394221166510653,-0.1456686583960822,-0.050913317497659795,-0.18385364651932704,-0.06788442333021306,-0.2220386346425719,-0.07354145860773081,-0.24890955221078123,-0.09051256444028408
60ae19bc7d7c5fb6,b6cf3a91b7,images/train/60ae19bc7d7c5fb6.jpg,Boat,0.37916666666666665,0.5969669117647058,0.09375,0.078125,0.00732421875,2.1176470588235294,-0.0036458333333333334,0.017003676470588234,0.1599121490845414,-0.0010105651043180541,-0.006568673178067351,-0.0020211302086361083,-0.013137346356134703,0.0010105651043180541,-0.015663759116929837,0.0040422604172722166,-0.02223243229499719,0.007073955730226378,-0.03688562630760897,0.010105651043180541,-0.04749655990294854,0.013137346356134703,-0.06619201433283255,0.020211302086361082,-0.08488746876271654
60c741b11b00b5f9,6fde253657,images/train/60c741b11b00b5f9.jpg,USV,0.6973958333333333,0.5398148148148149,0.035416666666666666,0.03888888888888889,0.0013773148148148147,1.619047619047619,-0.008072916666666667,-0.02546296296296296,0.5906899066568944,-0.0011695018571329997,0.008186512999930997,-0.0023390037142659993,0.016373025999861995,-0.0035085055713989987,0.015203524142728995,-0.004678007428531999,0.014034022285595995,-0.005847509285664998,0.02222053528552699,-0.0070170111427979975,0.03040704828545799,-0.008186512999930997,0.03859356128538899,-0.009356014857063997,0.04678007428531998
61b8084e1bc6123b,b0fe05f41b,images/train/61b8084e1bc6123b.jpg,USV,0.26901041666666664,0.43014705882352944,0.10052083333333334,0.08272058823529412,0.008315142463235295,2.1444444444444444,-0.015364583333333333,-0.01332720588235294,0.2494092040504013,0.016597709246051553,0.0023711013208645077,0.03698918060548632,0.0047422026417290155,0.057380651964921085,0.007113303962593523,0.08535964755112227,0.013278167396841243,0.11713240525070667,0.01564926871770575,0.14511140083690785,0.029401656378719894,0.17309039642310906,0.035566519812967615,0.2200382025762263,0.04552514536059855
62227c5cd5d86c85,6fde253657,images/train/62227c5cd5d86c85.jpg,USV,0.6239583333333333,0.6685185185185185,0.08541666666666667,0.08888888888888889,0.007592592592592593,1.7083333333333333,0.0013020833333333333,0.003703703703703704,0.03759304175798875,-0.0024905340354036652,0.0,0.002988640842484398,0.003984854456645864,0.000498106807080733,0.0,0.005977281684968796,0.0,0.003486747649565131,-0.003984854456645864,0.008965922527453195,0.0,0.006475388492049529,-0.003984854456645864,0.011954563369937592,-0.003984854456645864
62251f185624b24d,ace8fc6a18,images/train/62251f185624b24d.jpg,Boat,0.35833333333333334,0.4333639705882353,0.027083333333333334,0.04503676470588235,0.0012197457107843137,1.0612244897959184,-0.0018229166666666667,-0.008731617647058824,0.20056826646641737,-0.011143530727738977,0.0037145102425796593,-0.002476340161719773,-0.002476340161719773,-0.0037145102425796593,0.0012381700808598865,-0.004952680323439546,0.004952680323439546,-0.006190850404299432,0.008667190566019205,0.002476340161719773,0.012381700808598864,-0.008667190566019205,0.006190850404299432,0.0,0.009905360646879092
6231651dff1e82a2,b6cf3a91b7,images/train/6231651dff1e82a2.jpg,Boat,0.24348958333333334,0.49172794117647056,0.1828125,0.1801470588235294,0.03293313419117647,1.7908163265306123,0.0026041666666666665,-0.014246323529411764,0.06209349458588866,-0.0023828594316233206,-0.00023828594316233206,-0.004765718863246641,-0.0004765718863246641,-0.005242290749571305,-0.0007148578294869962,-0.007625150181194626,-0.0028594313179479847,-0.011914297158116604,-0.005004004806408974,-0.016203444135038582,-0.005242290749571305,-0.020492591111960556,-0.007386864238032294,-0.024781738088882534,-0.007625150181194626
6276bf059919bbce,b6cf3a91b7,images/train/6276bf059919bbce.jpg,Boat,0.48984375,0.6107536764705882,0.2786458333333333,0.1332720588235294,0.03713570389093137,3.689655172413793,-0.0020833333333333333,0.025275735294117647,0.09977415683381224,0.0035903691852286063,0.002019582666691091,0.0071807383704572125,0.002243980740767879,0.012566292148300122,0.002468378814844667,0.016156661333528728,0.004487961481535758,0.019747030518757334,0.006507544148226849,0.02333739970398594,0.006731942222303637,0.02872295348182885,0.008751524888994727,0.032313322667057456,0.010771107555685819
63287e5b60eb5b79,ace8fc6a18,images/train/63287e5b60eb5b79.jpg,Boat,0.14296875,0.3851102941176471,0.09635416666666667,0.07352941176470588,0.007084865196078431,2.3125,-0.00703125,0.003216911764705882,0.11463809092920159,-0.0025687341766462077,0.0005137468353292415,-0.001027493670658483,0.001027493670658483,-0.0035962278473046904,-0.0025687341766462077,-0.006164962023950898,0.002054987341316966,-0.012843670883231038,-0.0015412405059877245,-0.015412405059877246,0.003082481011975449,-0.013871164553889521,-0.0005137468353292415,-0.016439898730535727,0.004109974682633932
632eb5155ef8f029,6fde253657,images/train/632eb5155ef8f029.jpg,USV,0.628125,0.674074074074074,0.08541666666666667,0.08518518518518518,0.007276234567901234,1.7826086956521738,0.0020833333333333333,0.0023148148148148147,0.03840158676908913,0.004070560056411475,0.005597020077565779,0.0,0.003052920042308607,0.004070560056411475,0.00457938006346291,0.004070560056411475,0.010176400141028689,0.004070560056411475,0.011702860162182993,0.004070560056411475,0.021370440296160247,0.00814112011282295,0.018826340260903074,0.012211680169234428,0.020352800282057378
635e1b522fa8f641,6fde253657,images/train/635e1b522fa8f641.jpg,USV,0.7916666666666666,0.7064814814814815,0.052083333333333336,0.06666666666666667,0.003472222222222222,1.3888888888888888,0.005208333333333333,0.004166666666666667,0.12923385349392352,0.002946278254943948,-0.000736569563735987,0.0,-0.001473139127471974,-0.002946278254943948,0.003682847818679935,-0.005892556509887896,0.008838834764831844,-0.01473139127471974,0.013994821710983752,-0.023570226039551584,0.013258252147247766,-0.026516504294495532,0.018414239093399676,-0.02946278254943948,0.023570226039551584
6386daa3450eb134,f21beac8ce,images/train/6386daa3450eb134.jpg,USV,0.5869791666666667,0.5416666666666666,0.05625,0.05185185185185185,0.002916666666666667,1.9285714285714286,-0.0013020833333333333,0.001851851851851852,0.04116764666913974,-0.002410989843157686,-0.003214653124210248,0.001607326562105124,0.0,-0.007232969529473058,-0.003214653124210248,-0.009643959372630745,-0.006429306248420496,-0.005625642967367934,-0.009643959372630745,-0.00803663281052562,-0.012858612496840992,-0.010447622653683306,-0.009643959372630745,-0.012858612496840992,-0.006429306248420496
652cf708396166ea,6fde253657,images/train/652cf708396166ea.jpg,USV,0.5622395833333333,0.6106481481481482,0.0578125,0.058333333333333334,0.003372395833333333,1.7619047619047619,0.0010416666666666667,-0.001851851851851852,0.03382308596212274,0.00896870004167719,0.0029895666805590635,0.023916533444472508,0.023916533444472508,0.06876003365285846,0.0568017669306222,0.11958266722236253,0.10164526713900815,0.18236356751410288,0.16442616743074848,0.2451444678058432,0.23916533444472507,0.3258627681809379,0.31390450145870163,0.4065810685560326,0.39462280183379633
652da4ef6eae4f4b,3c1c8b0c56,images/train/652da4ef6eae4f4b.jpg,Boat,0.33639705882352944,0.6231617647058824,0.13602941176470587,0.027573529411764705,0.0037508109861591693,4.933333333333334,0.008731617647058824,0.0027573529411764708,0.14951121564485922,0.004689845509278626,-0.0056278146111343515,0.0018759382037114504,0.003751876407422901,-0.0009379691018557252,-0.0018759382037114504,0.003751876407422901,-0.007503752814845802,0.0009379691018557252,-0.0056278146111343515,0.0056278146111343515,-0.003751876407422901,0.010317660120412978,-0.009379691018557252,0.007503752814845802,-0.015007505629691604
6555ca19c640ea0b,b0fe05f41b,images/train/6555ca19c640ea0b.jpg,USV,0.30494791666666665,0.5271139705882353,0.07135416666666666,0.057904411764705885,0.004131721047794117,2.1746031746031744,0.004166666666666667,0.0,0.08611115782941688,0.0,0.0,0.0,0.0,0.005381947364338555,0.005381947364338555,0.01076389472867711,0.01076389472867711,0.01076389472867711,0.01076389472867711,0.01076389472867711,0.01076389472867711,0.01076389472867711,0.01076389472867711,0.016145842093015665,0.016145842093015665
65efa75cc61e6461,b6cf3a91b7,images/train/65efa75cc61e6461.jpg,Boat,0.33567708333333335,0.5592830882352942,0.0796875,0.07261029411764706,0.0057861328125,1.9367088607594938,0.007552083333333333,-0.0009191176470588235,0.132202326443478,0.0017054618579494317,-0.0034109237158988634,0.0034109237158988634,-0.006821847431797727,0.0051163855738482955,-0.005684872859831439,0.011369745719662878,-0.004547898287865151,0.01307520757761231,-0.007958822003764014,0.014780669435561741,-0.006821847431797727,0.016486131293511175,-0.010232771147696591,0.018191593151460603,-0.009095796575730302
6645198a43097868,c230f95bbd,images/train/6645198a43097868.jpg,USV,0.3489583333333333,0.5962962962962963,0.10416666666666667,0.08333333333333333,0.008680555555555556,2.2222222222222223,0.002864583333333333,-0.008333333333333333,0.07861650943380505,-0.005124322448437018,0.0009316949906249125,-0.006521864934374387,0.001863389981249825,-0.004192627457812106,0.006521864934374387,-0.009316949906249124,0.011180339887498949,-0.010714492392186492,0.01211203487812386,-0.01211203487812386,0.013043729868748775,-0.02096313728906053,0.013975424859373687,-0.02608745973749755,0.022360679774997897
665f031fba593692,b0fe05f41b,images/train/665f031fba593692.jpg,USV,0.33958333333333335,0.5280330882352942,0.06979166666666667,0.05606617647058824,0.003912951899509804,2.19672131147541,-0.00234375,-0.004136029411764706,0.0703898751533259,0.000691293861774878,0.000691293861774878,0.001382587723549756,-0.004147763170649268,-0.0034564693088743902,0.002073881585324634,-0.002765175447099512,-0.002765175447099512,-0.002073881585324634,0.0034564693088743902,-0.0069129386177487805,-0.001382587723549756,-0.011751995650172925,0.004839057032424146,-0.01659105268259707,0.0
6690b1419330294a,b6cf3a91b7,images/train/6690b1419330294a.jpg,Boat,0.625,0.28860294117647056,0.15104166666666666,0.13602941176470587,0.02054610906862745,1.9594594594594594,0.002864583333333333,-0.0009191176470588235,0.026983305736021597,-0.0009050475882510643,0.0006033650588340428,-0.0018100951765021285,-0.003620190353004257,-0.002715142764753193,-0.003016825294170214,-0.0012067301176680856,-0.004826920470672342,-0.004525237941255322,-0.009050475882510643,-0.0126706662355149,-0.0084471108236766,-0.018402634294438308,-0.010257206000178728,-0.021721142118025543,-0.012067301176680856
669bd50c15738469,b6cf3a91b7,images/train/669bd50c15738469.jpg,Boat,0.5208333333333334,0.4071691176470588,0.2604166666666667,0.12867647058823528,0.03350949754901961,3.5714285714285716,0.00390625,0.02849264705882353,0.12054933785443557,0.0021260501606769028,0.006141922686399942,0.00047245559126153397,0.008504200642707611,-0.004960783708246107,0.012756300964061417,-0.0009449111825230679,0.017008401285415222,-0.006378150482030709,0.023150323971815167,-0.008031745051446078,0.025512601928122835,-0.009685339620861447,0.02598505751938437,-0.013228756555322952,0.03212698020578431
66aac32b28c0e164,b0fe05f41b,images/train/66aac32b28c0e164.jpg,USV,0.50546875,0.4329044117647059,0.0640625,0.06066176470588235,0.0038861443014705883,1.8636363636363635,-0.00625,-0.011029411764705883,0.18835264373920443,-0.005549392985100224,0.01664817895530067,0.022197571940400895,0.022197571940400895,0.03884575089570157,0.03884575089570157,0.06104332283610246,0.04439514388080179,0.08324089477650336,0.06104332283610246,0.10543846671690425,0.06659271582120269,0.12208664567220492,0.07214210880630291,0.14983361059770606,0.08879028776160358
66dbf8a8aa441a46,b0fe05f41b,images/train/66dbf8a8aa441a46.jpg,USV,0.3138020833333333,0.47472426470588236,0.06927083333333334,0.057904411764705885,0.004011086856617647,2.111111111111111,-0.0020833333333333333,0.003676470588235294,0.06179863662124288,-0.005462279377870518,-0.005462279377870518,0.0,-0.010924558755741037,-0.005462279377870518,-0.005462279377870518,-0.010924558755741037,-0.010924558755741037,-0.016386838133611557,-0.005462279377870518,-0.021849117511482073,-0.010924558755741037,-0.027311396889352593,-0.016386838133611557,-0.03277367626722311,-0.010924558755741037
673ba99692d39d1c,6fde253657,images/train/673ba99692d39d1c.jpg,USV,0.7140625,0.6837962962962963,0.041666666666666664,0.04537037037037037,0.001890432098765432,1.6326530612244898,-0.00026041666666666666,0.001388888888888889,0.02525381361380527,-0.006987712429686843,-0.002994733898437218,-0.005989467796874436,0.00998244632812406,-0.00499122316406203,0.01497366949218609,-0.01996489265624812,0.01996489265624812,-0.018966648023435714,0.0329420728828094,-0.01796840339062331,0.03793329604687143,-0.02495611582031015,0.04292451921093346,-0.031943828249996996,0.04791574237499549
676bb74b42d7c953,b6cf3a91b7,images/train/676bb74b42d7c953.jpg,Boat,0.49895833333333334,0.5611213235294118,0.275,0.13143382352941177,0.03614430147058824,3.6923076923076925,-0.0078125,0.022058823529411766,0.10299858966192613,-0.0022745476392768056,0.0,-0.002729457167132167,0.0018196381114214447,-0.0013647285835660834,0.0018196381114214447,-0.0018196381114214447,0.0036392762228428894,-0.0022745476392768056,0.005458914334264334,-0.002729457167132167,0.005458914334264334,0.0004549095278553612,0.007278552445685779,0.005458914334264334,0.009098190557107222
67805f8386669c64,b6cf3a91b7,images/train/67805f8386669c64.jpg,Boat,0.3932291666666667,0.43244485294117646,0.078125,0.08915441176470588,0.0069651884191176475,1.5463917525773196,0.0010416666666666667,-0.009650735294117647,0.0886128302052019,0.0020725666807241954,-0.0015544250105431468,0.008290266722896782,-0.0031088500210862935,0.01450796676506937,-0.0005181416701810489,0.020725666807241954,-0.0020725666807241954,0.02279823348796615,-0.0036269916912673424,0.02901593353013874,-0.0010362833403620977,0.035233633572311324,-0.0025907083509052443,0.04145133361448391,-0.004145133361448391
68041545bc9465f0,b6cf3a91b7,images/train/68041545bc9465f0.jpg,Boat,0.39166666666666666,0.5583639705882353,0.08020833333333334,0.10018382352941177,0.008035577512254902,1.4128440366972477,0.0018229166666666667,-0.0013786764705882354,0.02939073126001751,0.00048239901011145475,0.0014471970303343643,0.0009647980202229095,0.0028943940606687285,0.005306389111226002,0.004341591091003093,0.005788788121337457,0.001929596040445819,0.006271187131448912,0.0033767930707801833,0.0067535861415603665,0.0009647980202229095,0.007235985151671821,0.0024119950505572738,0.011577576242674914,0.003859192080891638
6811ede7b145bff3,1cec08390c,images/train/6811ede7b145bff3.jpg,Boat,0.21588541666666666,0.44347426470588236,0.024479166666666666,0.013786764705882353,0.00033748851102941176,3.1333333333333333,0.0020833333333333333,-0.00045955882352941176,0.1518210966567918,-0.018831089428867735,0.002353886178608467,-0.018831089428867735,0.004707772357216934,-0.018831089428867735,0.007061658535825401,-0.03766217885773547,0.009415544714433868,-0.056493268286603206,0.011769430893042335,-0.056493268286603206,0.014123317071650801,-0.056493268286603206,0.016477203250259267,-0.07532435771547094,0.018831089428867735
687cd9314cd60144,2b50dc5ca4,images/train/687cd9314cd60144.jpg,USV,0.66015625,0.5175925925925926,0.0578125,0.06666666666666667,0.0038541666666666668,1.5416666666666667,0.0046875,-0.000925925925925926,0.10129294279593352,-0.001398241781695884,-0.009787692471871189,-0.002796483563391768,-0.008389450690175304,-0.009787692471871189,-0.00699120890847942,-0.011185934253567072,-0.005592967126783536,-0.012584176035262956,-0.009787692471871189,-0.008389450690175304,-0.008389450690175304,-0.009787692471871189,-0.00699120890847942,-0.011185934253567072,-0.005592967126783536
68f5d6cf5c82a10c,f126b8aae2,images/train/68f5d6cf5c82a10c.jpg,USV,0.44635416666666666,0.32037037037037036,0.0875,0.08888888888888889,0.0077777777777777776,1.75,-0.0036458333333333334,0.001851851851851852,0.0573254770364828,-0.0009842824817948624,0.005905694890769175,0.001968564963589725,0.00393712992717945,0.004921412408974313,0.005905694890769175,0.0078742598543589,0.01181138978153835,0.006889977372564038,0.009842824817948626,0.009842824817948626,0.0157485197087178,0.008858542336153763,0.017717084672307527,0.0157485197087178,0.0236227795630767
68f661ef7373a2e1,b9351a7480,images/train/68f661ef7373a2e1.jpg,Boat,0.3729166666666667,0.4685185185185185,0.09479166666666666,0.1111111111111111,0.010532407407407407,1.5166666666666666,-0.003125,-0.024074074074074074,0.18055672959137414,0.001691662381127396,-0.001691662381127396,0.0,0.0,0.0050749871433821885,0.001691662381127396,0.006766649524509584,0.003383324762254792,0.011841636667891772,0.001691662381127396,0.01691662381127396,0.003383324762254792,0.018608286192401357,0.0050749871433821885,0.023683273335783545,0.006766649524509584
69ff360fd6daec0d,96ae008b89,images/train/69ff360fd6daec0d.jpg,Boat,0.2565104166666667,0.38796296296296295,0.23072916666666668,0.11666666666666667,0.026918402777777777,3.515873015873016,-0.00234375,-0.002777777777777778,0.02289158160160966,0.0002645409334649734,0.0015872456007898403,0.0026454093346497337,0.0010581637338598936,0.005026277735834494,0.0026454093346497337,0.007407146137019255,0.0,0.009788014538204015,0.0015872456007898403,0.012168882939388776,0.0010581637338598936,0.014549751340573536,0.0005290818669299468,0.02116327467719787,0.0021163274677197873
6a24427aa77aee80,055abdf17e,images/train/6a24427aa77aee80.jpg,USV,0.4953125,0.42453703703703705,0.042708333333333334,0.03611111111111111,0.0015422453703703705,2.1025641025641026,0.0,-0.006481481481481481,0.12378237474570462,0.0,-0.0022103995490304396,0.0,0.013262397294182639,0.0,0.011051997745152198,0.0,0.008841598196121759,0.0,0.006631198647091319,0.008841598196121759,0.004420799098060879,0.008841598196121759,0.0022103995490304396,0.008841598196121759,0.0
6a88ba5ff7f9517b,f91b246954,images/train/6a88ba5ff7f9517b.jpg,USV,0.23072916666666668,0.49074074074074076,0.090625,0.08333333333333333,0.007552083333333333,1.9333333333333333,0.0026041666666666665,-0.003703703703703704,0.05116771811167727,-0.004994409390472751,-0.003995527512378201,-0.009988818780945503,0.0,-0.010987700659040053,-0.003995527512378201,-0.015982110049512804,0.0,-0.016980991927607356,-0.003995527512378201,-0.017979873805701905,0.0,-0.03895639324568746,-0.003995527512378201,-0.055937385173294815,0.0
6a9c966378cbebea,ace8fc6a18,images/train/6a9c966378cbebea.jpg,Boat,0.07317708333333334,0.42371323529411764,0.0828125,0.07536764705882353,0.006241383272058824,1.9390243902439024,-0.0036458333333333334,0.002297794117647059,0.06509695177846878,-0.0010947237108366453,0.0016420855662549682,-0.0021894474216732907,0.0032841711325099364,0.0010947237108366453,0.004926256698764904,0.0,0.006568342265019873,-0.0010947237108366453,0.003831532987928259,-0.0021894474216732907,0.009852513397529808,0.0010947237108366453,0.0071157041204381955,0.0,0.008757789686693163
6af8f4f74f52c929,c230f95bbd,images/train/6af8f4f74f52c929.jpg,USV,0.3265625,0.6476851851851851,0.109375,0.08796296296296297,0.009620949074074073,2.210526315789474,0.0020833333333333333,-0.002777777777777778,0.03539961627023944,0.0,-0.00442495203377993,0.0035399616270239435,-0.0017699808135119718,0.0,-0.006194932847291902,0.0035399616270239435,-0.0035399616270239435,0.0035399616270239435,-0.007964913660803874,0.007079923254047887,-0.012389865694583804,0.010619884881071831,-0.016814817728363733,0.014159846508095774,-0.01769980813511972
6b2aacf136365d3f,b6cf3a91b7,images/train/6b2aacf136365d3f.jpg,Boat,0.6203125,0.2835477941176471,0.13645833333333332,0.13511029411764705,0.018436925551470588,1.782312925170068,-0.00026041666666666666,0.015625,0.08666173325523363,0.002866244363865087,0.0019108295759100579,0.005732488727730174,0.0038216591518201158,0.013694278627355415,-0.007006375111670213,0.01910829575910058,-0.012738863839400387,0.01687899458720551,-0.023566898102890716,0.0197452389510706,-0.03439493236638105,0.020063710547055608,-0.0426751938619913,0.02038218214304062,-0.053503228125481625
6b3464ba89991dd4,b6cf3a91b7,images/train/6b3464ba89991dd4.jpg,Boat,0.10338541666666666,0.7545955882352942,0.1703125,0.11029411764705882,0.018784466911764705,2.725,-0.009114583333333334,-0.001838235294117647,0.08891835011260732,-0.0015775586792067258,-0.0012620469433653806,-0.0006310234716826903,0.0,-0.002208582150889416,-0.0012620469433653806,-0.0012620469433653806,-0.002524093886730761,0.002208582150889416,-0.003786140830096142,0.0031551173584134515,-0.007572281660192284,0.0015775586792067258,-0.006310234716826903,0.005048187773461522,-0.010096375546923044
6bbffcf538c63294,3c1c8b0c56,images/train/6bbffcf538c63294.jpg,Boat,0.19623161764705882,0.5197610294117647,0.14981617647058823,0.03216911764705882,0.004819454206314879,4.6571428571428575,0.001838235294117647,-0.00045955882352941176,0.02729396565014841,-0.0033098795093394733,0.0008274698773348683,0.0,0.0016549397546697367,-0.0033098795093394733,-0.004137349386674342,-0.006619759018678947,-0.00992963852801842,-0.00992963852801842,-0.009102168650683551,0.0,-0.008274698773348684,-0.0033098795093394733,-0.007447228896013815,-0.006619759018678947,-0.01985927705603684
6be0901daa3855ce,1d2277871a,images/train/6be0901daa3855ce.jpg,USV,0.32317708333333334,0.3638888888888889,0.09010416666666667,0.09444444444444444,0.008509837962962962,1.696078431372549,-0.0015625,0.0,0.022583857107148685,0.0028229821383935856,0.0,0.0018819880922623905,-0.003763976184524781,0.004704970230655976,-0.003763976184524781,0.007527952369049562,-0.007527952369049562,0.010350934507443147,-0.015055904738099124,0.013173916645836734,-0.015055904738099124,0.01599689878423032,-0.018819880922623905,0.018819880922623905,-0.018819880922623905
6c33abea035dcc2f,f126b8aae2,images/train/6c33abea035dcc2f.jpg,USV,0.5494791666666666,0.2814814814814815,0.11354166666666667,0.12037037037037036,0.013667052469135802,1.676923076923077,0.00546875,0.002777777777777778,0.06486781521642854,-0.007796494720216978,0.01262289621368463,-0.015592989440433956,0.022275699200619937,-0.023389484160650936,0.03192850218755525,-0.02821588565411859,0.04158130517449055,-0.036012380374335566,0.05123410816142586,-0.043808875094552543,0.060886911148361166,-0.0486352765880202,0.07053971413529647,-0.0594018645349865,0.08019251712223177
6c49f5dfa8043cdb,6fde253657,images/train/6c49f5dfa8043cdb.jpg,USV,0.6755208333333333,0.6398148148148148,0.05,0.053703703703703705,0.002685185185185185,1.6551724137931034,0.002864583333333333,0.005555555555555556,0.10907954758408848,-0.0025127637535260813,-0.003350351671368109,-0.0050255275070521625,-0.006700703342736218,-0.0008375879178420272,-0.003350351671368109,-0.010051055014104325,-0.006700703342736218,-0.0058631154248941905,-0.010051055014104325,-0.01507658252115649,-0.006700703342736218,-0.010888642931946354,-0.010051055014104325,-0.013401406685472435,-0.013401406685472435
6c6c130053387973,b6cf3a91b7,images/train/6c6c130053387973.jpg,Boat,0.39427083333333335,0.5151654411764706,0.07083333333333333,0.06893382352941177,0.0048828125,1.8133333333333332,0.00234375,0.008731617647058824,0.10408329997330663,-0.010520317644127164,0.003094211071802107,-0.02104063528825433,0.0012376844287208429,-0.031560952932381495,-0.0006188422143604214,-0.04208127057650866,-0.0024753688574416857,-0.04765085050575245,0.005569579929243793,-0.07302338129452973,0.0037130532861625286,-0.08849443665354026,0.0018565266430812643,-0.1039654920125508,0.0
6cb61e2fae2e66b1,6fde253657,images/train/6cb61e2fae2e66b1.jpg,USV,0.6705729166666666,0.6305555555555555,0.049479166666666664,0.053703703703703705,0.0026572145061728395,1.6379310344827587,0.0018229166666666667,0.0023148148148148147,0.05794421248438511,0.000841984735022488,0.002525954205067464,0.001683969470044976,-0.001683969470044976,0.002525954205067464,0.007577862615202392,0.003367938940089952,0.010103816820269855,-0.002525954205067464,0.012629771025337319,-0.001683969470044976,0.015155725230404784,0.0058938931451574155,0.02441755731565215,0.006735877880179904,0.02020763364053971
6cdbe62e2be8c79e,b6cf3a91b7,images/train/6cdbe62e2be8c79e.jpg,Boat,0.621875,0.5873161764705882,0.25,0.13786764705882354,0.034466911764705885,3.2,0.0,-0.0078125,0.03167762968124702,-0.001863389981249825,-0.0034938562148434217,-0.005590169943749474,-0.005124322448437018,-0.009316949906249124,-0.006754788682030615,-0.013043729868748775,-0.010248644896874036,-0.018633899812498248,-0.011879111130467633,-0.020497289793748073,-0.015372967345311055,-0.02422406975624772,-0.015140043597654827,-0.027950849718747374,-0.018633899812498248
6d405f586977d806,b0fe05f41b,images/train/6d405f586977d806.jpg,USV,0.51875,0.43106617647058826,0.0625,0.06066176470588235,0.003791360294117647,1.8181818181818181,0.004427083333333333,0.0027573529411764708,0.10128592391758286,0.004916040663794473,-0.004213749140395263,0.009832081327588947,0.002809166093596842,0.009129789804189737,-0.001404583046798421,0.014045830467984211,-0.005618332187193684,0.018961871131778683,0.001404583046798421,0.018259579608379473,-0.002809166093596842,0.040030616833755,-0.001404583046798421,0.050564989684743156,0.0
6e41ebfbaa9e16e5,b6cf3a91b7,images/train/6e41ebfbaa9e16e5.jpg,Boat,0.3736979166666667,0.5666360294117647,0.0921875,0.07996323529411764,0.007371610753676471,2.0344827586206895,-0.00078125,-0.022058823529411766,0.19378116442109408,0.0015109671157178869,0.004029245641914364,0.0030219342314357737,0.004029245641914364,0.01259139263098239,0.0,0.018131605388614642,0.0,0.023671818146246894,0.0,0.029212030903879145,0.0,0.03072299801959703,0.0,0.04029245641914365,-0.004029245641914364
6eb09675a62c6c79,b9351a7480,images/train/6eb09675a62c6c79.jpg,Boat,0.6247395833333333,0.2796296296296296,0.17135416666666667,0.13148148148148148,0.022529899691358025,2.316901408450704,-0.0010416666666666667,-0.005092592592592593,0.027076228265358267,-0.0011566391480297923,-0.0014457989350372404,-0.0023132782960595846,-0.0005783195740148962,-0.0034699174440893767,0.0002891597870074481,-0.011566391480297923,-0.0011566391480297923,-0.019662865516506468,-0.0002891597870074481,-0.027759339552715014,-0.0017349587220446883,-0.03585581358892356,-0.0008674793610223442,-0.041639009329072524,-0.0023132782960595846
6ef18a49d7fe5523,b9351a7480,images/train/6ef18a49d7fe5523.jpg,Boat,0.37786458333333334,0.6023148148148149,0.09322916666666667,0.07685185185185185,0.007164834104938272,2.1566265060240966,-0.002864583333333333,0.0125,0.11959524298417432,-0.0025638018701950563,-0.005640364114429124,-0.005127603740390113,-0.0071786452365461585,0.0005127603740390113,-0.021023175335599463,-0.002051041496156045,-0.03486770543465277,0.0035893226182730793,-0.04871223553370607,0.0010255207480780225,-0.06255676563275937,0.006665884862507147,-0.07640129573181269,0.012306248976936272,-0.09024582583086599
6f37c2b09d585ecb,ace8fc6a18,images/train/6f37c2b09d585ecb.jpg,Boat,0.22317708333333333,0.3584558823529412,0.08177083333333333,0.1323529411764706,0.010822610294117647,1.0902777777777777,0.0033854166666666668,0.0013786764705882354,0.044365862943967584,0.0012470107569806596,-0.0012470107569806596,-0.000831340504653773,-0.002494021513961319,0.0004156702523268865,-0.003741032270941979,0.001662681009307546,-0.004988043027922638,-0.003741032270941979,-0.006235053784903298,-0.002494021513961319,-0.007482064541883958,-0.004572372775595752,-0.01205443731747971,-0.003325362018615092,-0.013301448074460369
703742a688b5f2a0,f126b8aae2,images/train/703742a688b5f2a0.jpg,USV,0.5479166666666667,0.30648148148148147,0.1125,0.12037037037037036,0.013541666666666667,1.6615384615384616,-0.0018229166666666667,0.009722222222222222,0.06604949365843475,-0.0033567884720598416,-0.0018648824844776897,-0.0037297649689553795,-0.0037297649689553795,-0.0070865534410152215,-0.002610835478268766,-0.007459529937910759,-0.004475717962746455,-0.010816318409970601,-0.006340600447224145,-0.011189294906866138,-0.008205482931701836,-0.01454608337892598,-0.010070365416179524,-0.014919059875821518,-0.011935247900657215
70736b0b6738ba19,6fde253657,images/train/70736b0b6738ba19.jpg,USV,0.68046875,0.6657407407407407,0.06302083333333333,0.06481481481481481,0.004084683641975308,1.7285714285714286,0.0015625,0.014814814814814815,0.1768810191152758,0.012223928959101753,0.0,0.019015000603047172,0.0,0.04210464419246159,-0.005432857315156334,0.06519428778187601,-0.016298571945469003,0.08285107405613411,-0.021731429260625337,0.10594071764554852,-0.027164286575781675,0.12903036123496295,-0.038030001206094344,0.15212000482437738,-0.043462858521250675
7078e0badc5cb324,96ae008b89,images/train/7078e0badc5cb324.jpg,Boat,0.14739583333333334,0.425,0.05,0.08888888888888889,0.0044444444444444444,1.0,-0.011197916666666667,-0.005092592592592593,0.2311702189705432,0.012369791666666666,0.001953125,0.029947916666666668,0.00390625,0.042317708333333336,0.005859375,0.059895833333333336,0.0078125,0.072265625,0.004557291666666667,0.08463541666666667,0.006510416666666667,0.10221354166666667,0.008463541666666666,0.11979166666666667,0.005208333333333333
70a95a3ae4dbb501,b6cf3a91b7,images/train/70a95a3ae4dbb501.jpg,Boat,0.39739583333333334,0.44255514705882354,0.08645833333333333,0.0818014705882353,0.00707241881127451,1.8651685393258426,-0.0026041666666666665,-0.00045955882352941176,0.04134106342502189,-0.003085192169304505,0.004627788253956757,0.0020567947795363363,0.005141986948840841,-0.0010283973897681682,0.005656185643724925,-0.004113589559072673,0.00617038433860901,-0.007198781728377178,0.006684583033493094,-0.010283973897681683,0.007198781728377178,-0.013369166066986187,0.0077129804232612615,-0.01645435823629069,0.01234076867721802
71129c824b667492,b0fe05f41b,images/train/71129c824b667492.jpg,USV,0.32578125,0.5321691176470589,0.07135416666666666,0.05698529411764706,0.004066138174019608,2.2096774193548385,0.005208333333333333,0.0013786764705882354,0.10971740569442287,-0.002712588275840348,0.003390735344800435,-0.005425176551680696,0.00678147068960087,-0.008137764827521043,0.004747029482720609,-0.005425176551680696,0.002712588275840348,-0.008137764827521043,0.000678147068960087,-0.010850353103361392,-0.001356294137920174,-0.018988117930882436,0.002034441206880261,-0.021700706206722785,0.005425176551680696
71576e3374dddd9b,f21beac8ce,images/train/71576e3374dddd9b.jpg,USV,0.5744791666666667,0.33055555555555555,0.4708333333333333,0.5037037037037037,0.2371604938271605,1.661764705882353,-0.008072916666666667,0.014814814814814815,0.03176629720236503,-8.912434523364753e-05,0.0,-0.00017824869046729507,0.0,-0.0002673730357009426,0.0007129947618691803,-0.0010694921428037703,0.0007129947618691803,-0.004010595535514139,0.002851979047476721,-0.006951698928224508,0.004990963333084262,-0.009179807559065696,0.0064169528568226225,-0.012120910951776065,0.008555937142430163
719413de6ada1350,96ae008b89,images/train/719413de6ada1350.jpg,Boat,0.37395833333333334,0.37824074074074077,0.22604166666666667,0.11574074074074074,0.026162229938271605,3.472,-0.013802083333333333,0.004629629629629629,0.11578225232701707,-0.007245092093755925,-0.0026833674421318236,-0.01449018418751185,-0.0010733469768527295,-0.021735276281267774,-0.0016100204652790943,-0.02468698046761278,-0.002146693953705459,-0.0319320725613687,-0.0026833674421318236,-0.03917716465512463,-0.0010733469768527295,-0.04642225674888055,-0.003756714418984553,-0.05152065488893102,-0.002146693953705459
71bb19500bd314c2,c230f95bbd,images/train/71bb19500bd314c2.jpg,USV,0.24739583333333334,0.6884259259259259,0.134375,0.10092592592592593,0.013561921296296296,2.36697247706422,0.055989583333333336,-0.07175925925925926,0.7902601210724227,-0.002608885117999994,-0.0018634893699999956,-0.002236187243999995,0.002236187243999995,-0.007826655353999982,0.012299029841999971,-0.013417123463999968,0.019380289447999955,-0.02497075755799994,0.02944313204599993,-0.030561225667999927,0.03950597464399991,-0.03615169377799991,0.05255040023399987,-0.044723744879999895,0.06261324283199986
72940bf50e702f7c,6fde253657,images/train/72940bf50e702f7c.jpg,USV,0.7807291666666667,0.6986111111111111,0.05520833333333333,0.06574074074074074,0.003629436728395062,1.4929577464788732,0.008854166666666666,0.0032407407407407406,0.20006974601040664,-0.012967922770971758,0.0007204401539428755,-0.020172324310400513,0.001440880307885751,-0.033140247081372275,0.0021613204618286266,-0.034581127389258025,0.002881760615771502,-0.04754905016022978,0.0036022007697143776,-0.05475345169965854,0.004322640923657253,-0.06195785323908729,0.005043081077600128,-0.06916225477851605,0.005763521231543004
72befb7263dc255f,f91b246954,images/train/72befb7263dc255f.jpg,USV,0.1890625,0.4777777777777778,0.1,0.09074074074074075,0.009074074074074075,1.9591836734693877,0.0,0.001851851851851852,0.014580296087995107,0.0,0.0018225370109993884,0.003645074021998777,0.0,0.003645074021998777,-0.0018225370109993884,0.003645074021998777,0.0,0.007290148043997554,0.0018225370109993884,0.01093522206599633,0.0,0.01093522206599633,-0.0018225370109993884,0.01093522206599633,0.003645074021998777
72f0e7de05074f7c,f126b8aae2,images/train/72f0e7de05074f7c.jpg,USV,0.5114583333333333,0.2967592592592593,0.07916666666666666,0.09166666666666666,0.007256944444444444,1.5353535353535352,0.0125,0.011111111111111112,0.21873931962990356,-0.004075966567037654,0.008151933134075308,-0.004075966567037654,0.012227899701112963,-0.004075966567037654,0.008151933134075308,-0.012227899701112963,0.024455799402225926,-0.016303866268150616,0.02037983283518827,-0.024455799402225926,0.024455799402225926,-0.03260773253630123,0.024455799402225926,-0.036683699103338886,0.024455799402225926
73689ba8764e1f62,f21beac8ce,images/train/73689ba8764e1f62.jpg,USV,0.5270833333333333,0.4773148148148148,0.028125,0.030555555555555555,0.000859375,1.6363636363636365,0.008072916666666667,0.006944444444444444,0.40790450236881387,0.0014805605302472945,0.0014805605302472945,0.002961121060494589,0.002961121060494589,0.004441681590741884,-0.007402802651236473,0.005922242120989178,-0.017766726362967535,0.01924728689321483,-0.016286165832720242,0.020727847423462124,-0.026650089544451302,0.03405289219568777,-0.037014013256182365,0.03553345272593507,-0.03553345272593507
738737629990ccb7,b6cf3a91b7,images/train/738737629990ccb7.jpg,Boat,0.3859375,0.5528492647058824,0.09375,0.078125,0.00732421875,2.1176470588235294,-0.0033854166666666668,0.03262867647058824,0.29177168977515344,-0.001515847656477081,-0.003536977865113189,0.0010105651043180541,-0.011116216147498595,0.003536977865113189,-0.018695454429884,0.0020211302086361083,-0.02223243229499719,0.0005052825521590271,-0.02576941016011038,0.007073955730226378,-0.02930638802522357,0.0055581080737492974,-0.040927886724881186,0.0040422604172722166,-0.048507125007266595
7396c32d823ef676,b0fe05f41b,images/train/7396c32d823ef676.jpg,USV,0.5510416666666667,0.43152573529411764,0.0625,0.06158088235294118,0.0038488051470588237,1.791044776119403,0.005989583333333334,-0.0013786764705882354,0.12934007778485768,-0.004879215870653584,0.002091092515994393,0.0013940616773295954,-0.0013940616773295954,0.007667339225312774,0.0006970308386647977,0.002788123354659191,0.002788123354659191,0.00906140090264237,0.004879215870653584,0.015334678450625548,0.006970308386647976,0.010455462579971965,0.003485154193323988,0.016728740127955145,0.005576246709318382
73c13be686a7ffea,ace8fc6a18,images/train/73c13be686a7ffea.jpg,Boat,0.3221354166666667,0.5193014705882353,0.034895833333333334,0.04595588235294118,0.0016036688112745097,1.34,-0.0015625,-0.00045955882352941176,0.05254706490234013,-0.0021596710639534005,0.0010798355319767002,0.004319342127906801,0.0021596710639534005,0.0021596710639534005,0.0032395065959301005,0.0,0.004319342127906801,0.006479013191860201,0.005399177659883501,0.012958026383720402,0.006479013191860201,0.019437039575580604,0.007558848723836902,0.017277368511627204,0.017277368511627204
73cdb2bfc98206f5,b0fe05f41b,images/train/73cdb2bfc98206f5.jpg,USV,0.34322916666666664,0.5404411764705882,0.06979166666666667,0.05698529411764706,0.003977098651960784,2.161290322580645,0.0015625,-0.00045955882352941176,0.03336741958042225,0.0013713924970035919,0.0006856962485017959,0.0027427849940071837,-0.009599747479025143,-0.0013713924970035919,-0.008914051230523348,0.0,-0.008228354982021551,0.0013713924970035919,-0.007542658733519755,-0.0027427849940071837,-0.017828102461046696,-0.006856962485017959,-0.017142406212544897,-0.010971139976028735,-0.016456709964043102
73d71a04a709a8e5,055abdf17e,images/train/73d71a04a709a8e5.jpg,USV,0.5466145833333333,0.22685185185185186,0.05260416666666667,0.046296296296296294,0.002435378086419753,2.02,0.00234375,-0.041666666666666664,0.6363961030678928,-0.014951447825518703,0.022866920203734487,-0.029902895651037407,0.06684176674937774,-0.04485434347655611,0.09674466240041514,-0.059805791302074814,0.13368353349875547,-0.08179321457489644,0.19173033093900455,-0.10378063784771806,0.24977712837925364,-0.14687598746244843,0.32893185216141146,-0.1829353616298759,0.40808657594356934
74073825168ec2cf,b6cf3a91b7,images/train/74073825168ec2cf.jpg,Boat,0.37734375,0.45955882352941174,0.08489583333333334,0.0900735294117647,0.007646867340686274,1.663265306122449,-0.0026041666666666665,-0.003676470588235294,0.05066232170079839,-0.002967047012259168,-0.003956062683012224,0.001978031341506112,-0.007912125366024448,-0.000989015670753056,-0.011868188049036672,0.0,-0.007912125366024448,0.000989015670753056,-0.011868188049036672,0.001978031341506112,-0.015824250732048895,-0.000989015670753056,-0.015824250732048895,0.003956062683012224,-0.019780313415061118
74780a1a918ef3b2,ace8fc6a18,images/train/74780a1a918ef3b2.jpg,Boat,0.35572916666666665,0.5211397058823529,0.029166666666666667,0.042279411764705885,0.0012331495098039215,1.2173913043478262,0.002864583333333333,-0.004136029411764706,0.1400144180685716,0.006157112548742974,0.011082802587737353,0.012314225097485948,0.012314225097485948,0.008619957568240163,0.013545647607234543,0.014777070116983137,0.014777070116983137,0.020934182665726112,0.01600849262673173,0.027091295214469086,0.017239915136480325,0.0233970276852233,0.018471337646228922,0.029554140233966273,0.019702760155977515
751b87d7bdcfb178,b9351a7480,images/train/751b87d7bdcfb178.jpg,Boat,0.5765625,0.5055555555555555,0.175,0.13518518518518519,0.023657407407407408,2.3013698630136985,0.0010416666666666667,0.0,0.009029920547884623,0.001128740068485578,0.002257480136971156,0.002257480136971156,0.004514960273942312,0.0033862202054567338,0.009029920547884623,0.004514960273942312,0.01128740068485578,0.00564370034242789,0.01580236095879809,0.009029920547884623,0.01580236095879809,0.010158660616370201,0.018059841095769247,0.01128740068485578,0.02257480136971156
756644708c34d46b,2b50dc5ca4,images/train/756644708c34d46b.jpg,USV,0.33958333333333335,0.5402777777777777,0.057291666666666664,0.049074074074074076,0.0028115354938271606,2.0754716981132075,0.009375,0.000462962962962963,0.23583361870572087,0.0032742039740687946,-0.0008185509935171987,0.0,0.004911305961103192,0.009822611922206384,0.004092754967585994,0.006548407948137589,0.0032742039740687946,0.0032742039740687946,0.002455652980551596,-0.006548407948137589,0.0016371019870343973,-0.0032742039740687946,0.0008185509935171987,-0.006548407948137589,0.0
756cdec2e4ae5459,f21beac8ce,images/train/756cdec2e4ae5459.jpg,USV,0.39088541666666665,0.5046296296296297,0.30052083333333335,0.32037037037037036,0.09627797067901235,1.6676300578034682,0.018489583333333334,-0.005555555555555556,0.08057836087506341,0.0001398794968170723,-0.003916625910878024,0.0002797589936341446,-0.008952287796292627,0.00041963849045121687,-0.012868913707170651,-0.0005595179872682892,-0.016785539618048677,-0.00041963849045121687,-0.0207021655289267,-0.0002797589936341446,-0.025737827414341302,-0.0001398794968170723,-0.029654453325219328,-0.0011190359745365784,-0.033571079236097354
768069669024b8ea,b0fe05f41b,images/train/768069669024b8ea.jpg,USV,0.4140625,0.45588235294117646,0.07916666666666666,0.07352941176470588,0.005821078431372549,1.9,0.008854166666666666,-0.008272058823529412,0.17443517873109016,-0.0011335566407968932,0.0011335566407968932,-0.0022671132815937863,0.0022671132815937863,-0.012469123048765825,0.0034006699223906797,-0.01813690625275029,0.0,-0.02833891601992233,-0.0034006699223906797,-0.03854092578709437,-0.0022671132815937863,-0.044208708991078836,-0.0011335566407968932,-0.05894494532143845,-0.009068453126375145
76e4e0c296895dc9,b6cf3a91b7,images/train/76e4e0c296895dc9.jpg,Boat,0.61796875,0.21783088235294118,0.08177083333333333,0.13786764705882354,0.011273552389705883,1.0466666666666666,-0.00078125,-0.035845588235294115,0.2543256350870285,0.001221816023345765,0.00244363204669153,0.005701808108946903,0.00488726409338306,0.0004072720077819216,0.030138128575862202,0.0016290880311276865,0.05538899305834134,0.0028509040544734514,0.07738168147856511,-0.00244363204669153,0.10263254596104425,-0.001221816023345765,0.1278834104435234,0.0,0.15313427492600254
775cd323b3bfea7e,3c1c8b0c56,images/train/775cd323b3bfea7e.jpg,Boat,0.31204044117647056,0.4963235294117647,0.13878676470588236,0.02022058823529412,0.0028063500216262975,6.863636363636363,0.00045955882352941176,0.003676470588235294,0.06994019979425771,-0.001084376764824621,0.0,-0.002168753529649242,0.0,-0.0032531302944738627,0.0,0.004337507059298484,0.0,0.01192814441307083,-0.008675014118596967,0.010843767648246209,0.0,0.009759390883421587,-0.008675014118596967,0.008675014118596967,0.0
77b07c6ca129e729,1d2277871a,images/train/77b07c6ca129e729.jpg,USV,0.43802083333333336,0.3851851851851852,0.0375,0.03148148148148148,0.0011805555555555556,2.1176470588235294,-0.009895833333333333,0.0060185185185185185,0.4058648878500609,-0.0025264127607951352,-0.01642168294516838,0.0050528255215902705,-0.02273771484715622,-0.027790540368746487,-0.05937069987868568,-0.050528255215902707,-0.07579238282385406,-0.08337162110623947,-0.11242536785538353,-0.10610933595339568,-0.13895270184373243,-0.16926965497327406,-0.19579698896162298,-0.2223243229499719,-0.242535625036333
77d46fe136050739,055abdf17e,images/train/77d46fe136050739.jpg,USV,0.3567708333333333,0.4134259259259259,0.046875,0.05648148148148148,0.0026475694444444446,1.4754098360655739,-0.00026041666666666666,0.005555555555555556,0.08125831889597296,0.0008435170106030376,-0.01012220412723645,0.001687034021206075,-0.0067481360848243,0.0025305510318091124,-0.01012220412723645,0.00337406804241215,-0.0067481360848243,0.004217585053015187,-0.01012220412723645,0.005061102063618225,-0.0134962721696486,0.019400891243869862,-0.01687034021206075,0.0202444082544729,-0.0134962721696486
77f7eb85b8bcdbda,b6cf3a91b7,images/train/77f7eb85b8bcdbda.jpg,Boat,0.5205729166666667,0.5606617647058824,0.19322916666666667,0.0900735294117647,0.017404833026960786,3.7857142857142856,-0.004427083333333333,0.009191176470588236,0.0688302936899594,-0.002294447181919851,0.001311112675382772,-0.004588894363839702,0.002622225350765544,-0.004261116194994009,0.001311112675382772,-0.006555563376913861,0.002622225350765544,-0.008850010558833712,0.001311112675382772,-0.008522232389988019,0.002622225350765544,-0.013438904922673413,0.001311112675382772,-0.013111126753827721,0.002622225350765544
78053e22d10ee71f,1d2277871a,images/train/78053e22d10ee71f.jpg,USV,0.296875,0.36018518518518516,0.05,0.05185185185185185,0.0025925925925925925,1.7142857142857142,-0.00703125,0.010648148148148148,0.24186927057321492,0.002557240901203036,0.007671722703609107,0.005114481802406072,0.008524136337343453,0.0008524136337343453,0.009376549971077798,-0.003409654534937381,0.017048272674686907,0.005966895436140417,0.011081377238546488,0.0017048272674686905,0.018753099942155595,-0.002557240901203036,0.01960551357588994,0.006819309069874762,0.020457927209624287
7807486a327890e3,b9351a7480,images/train/7807486a327890e3.jpg,Boat,0.4083333333333333,0.5458333333333333,0.08333333333333333,0.10833333333333334,0.009027777777777777,1.3675213675213675,0.0018229166666666667,0.007407407407407408,0.06382149920429446,0.00045680105172241103,0.0,0.0009136021034448221,0.0,0.001370403155167233,0.0036544084137792882,-0.0018272042068896441,0.0036544084137792882,-0.001370403155167233,0.0036544084137792882,-0.0009136021034448221,0.0036544084137792882,-0.007765617879280987,0.0036544084137792882,-0.014617633655117153,0.0
782fbe71d6f4e326,6fde253657,images/train/782fbe71d6f4e326.jpg,USV,0.7109375,0.6893518518518519,0.0375,0.041666666666666664,0.0015625,1.6,0.0013020833333333333,-0.0023148148148148147,0.06211299937499416,0.012078143840920893,-0.0032940392293420617,0.0065880784586841235,0.002196026152894708,0.009882117688026186,0.007686091535131477,0.013176156917368247,0.013176156917368247,0.01647019614671031,0.018666222299605018,0.01098013076447354,0.024156287681841786,0.023058274605394433,0.029646353064078555,0.017568209223157664,0.03513641844631533
785aa99599a58042,ace8fc6a18,images/train/785aa99599a58042.jpg,Boat,0.24348958333333334,0.3460477941176471,0.0640625,0.11856617647058823,0.007595645680147059,0.9534883720930233,-0.0013020833333333333,0.0055147058823529415,0.05160193005820026,-0.00545789644846349,-0.005954068852869261,-0.0029770344264346306,-0.007938758470492349,-0.004465551639651946,-0.009923448088115435,-0.005954068852869261,-0.011908137705738522,-0.0074425860660865765,-0.017862206558607784,-0.004961724044057717,-0.015877516940984698,-0.010419620492521207,-0.02183158579385396,-0.007938758470492349,-0.023816275411477045
787278e7c4fbb551,b9351a7480,images/train/787278e7c4fbb551.jpg,Boat,0.38125,0.5097222222222222,0.090625,0.08055555555555556,0.007300347222222222,2.0,0.0046875,-0.022685185185185187,0.21213826235967528,0.0030478740568385667,0.0005079790094730945,0.002031916037892378,0.001015958018946189,0.001015958018946189,0.00558776910420404,0.008127664151569512,0.01015958018946189,0.01117553820840808,0.018795223350504497,0.014223412265246645,0.0274308665115471,0.017271286322085213,0.03200267759680495,0.02031916037892378,0.04063832075784756
78761332c27550ca,1d2277871a,images/train/78761332c27550ca.jpg,USV,0.3966145833333333,0.3958333333333333,0.06614583333333333,0.07314814814814814,0.004838445216049383,1.6075949367088607,-0.013802083333333333,-0.021296296296296296,0.3503141788752783,-0.08673201005295665,-0.05116564621829097,-0.1684722497431532,-0.10233129243658194,-0.23024540798230939,-0.13852162756659264,-0.29201856622146555,-0.1797037330593634,-0.32384110228406116,-0.20091875710109383,-0.3406883272583765,-0.22213378114282423,-0.34755201150717163,-0.2583241162728349,-0.34942392539320666,-0.23960497741248457
79a4d07a8a7d95b3,1cec08390c,images/train/79a4d07a8a7d95b3.jpg,Boat,0.28619791666666666,0.46277573529411764,0.0296875,0.015625,0.0004638671875,3.3529411764705883,0.00026041666666666666,0.0,0.01606231415508089,-0.0020077892693851113,0.0,-0.0040155785387702226,0.0,0.010038946346925556,0.0,0.008031157077540445,0.0,0.006023367808155333,0.0,0.020077892693851112,0.01606231415508089,0.018070103424466,0.01606231415508089,0.01606231415508089,0.01606231415508089
79a6f1bbc3b80a22,b0fe05f41b,images/train/79a6f1bbc3b80a22.jpg,USV,0.28229166666666666,0.5004595588235294,0.09166666666666666,0.08363970588235294,0.007666973039215686,1.934065934065934,-0.023958333333333335,-0.014705882352941176,0.3848400941974447,0.009877180331890842,0.003950872132756337,0.023705232796538023,0.007901744265512675,0.02963154099567253,0.007901744265512675,0.04345959346031971,0.011852616398269011,0.05333677379221055,0.01580348853102535,0.06716482625685773,0.01580348853102535,0.06518939019047956,0.023705232796538023,0.07901744265512674,0.0316069770620507
7a5ba94c9d774f73,1d2277871a,images/train/7a5ba94c9d774f73.jpg,USV,0.334375,0.325,0.04791666666666667,0.05555555555555555,0.002662037037037037,1.5333333333333334,-0.0015625,-0.000925925925925926,0.042562826537937436,0.005047330331795301,-0.005047330331795301,0.0033648868878635345,-0.0033648868878635345,0.008412217219658836,-0.0016824434439317673,0.006729773775727069,0.0,0.005047330331795301,0.0016824434439317673,0.010094660663590603,-0.0033648868878635345,0.0016824434439317673,-0.0016824434439317673,0.006729773775727069,0.0
7a82c84f943886c6,4642ebc223,images/train/7a82c84f943886c6.jpg,USV,0.7338541666666667,0.4728860294117647,0.04375,0.03768382352941176,0.0016486672794117647,2.048780487804878,0.0,0.0027573529411764708,0.05111986324432477,0.0,0.010649971509234328,0.0,0.004259988603693731,0.0,0.006389982905540596,0.0,0.0,0.0,0.010649971509234328,0.0,0.004259988603693731,0.0,-0.0021299943018468657,0.0,0.008519977207387463
7b98919d9c5549e6,72d433a56e,images/train/7b98919d9c5549e6.jpg,Boat,0.2596354166666667,0.35799632352941174,0.08385416666666666,0.04503676470588235,0.00377652037377451,3.2857142857142856,0.012760416666666666,-0.001838235294117647,0.27675619529456,-0.011962390094700634,0.002814680022282502,-0.01266606010027126,-0.005629360044565004,-0.013369730105841885,-0.002814680022282502,-0.014073400111412511,0.0,-0.026035790206113144,-0.002814680022282502,-0.02673946021168377,-0.005629360044565004,-0.03870185030638441,-0.002814680022282502,-0.045034880356520035,-0.005629360044565004
7c0c2ac384a51c7a,b9351a7480,images/train/7c0c2ac384a51c7a.jpg,Boat,0.49140625,0.625,0.28072916666666664,0.13518518518518519,0.03795042438271605,3.691780821917808,0.0,0.025925925925925925,0.09981302570118993,0.00178237545894982,0.00178237545894982,0.00356475091789964,0.00178237545894982,0.00712950183579928,0.00178237545894982,0.0089118772947491,0.00356475091789964,0.01069425275369892,0.00356475091789964,0.01247662821264874,0.00356475091789964,0.0178237545894982,0.00178237545894982,0.02495325642529748,0.0
7c17daeb63bd92a7,055abdf17e,images/train/7c17daeb63bd92a7.jpg,USV,0.8979166666666667,0.5361111111111111,0.109375,0.14444444444444443,0.01579861111111111,1.3461538461538463,0.19010416666666666,0.37592592592592594,3.016342341863921,-0.17748889671028287,-0.001381236550274575,-0.38260252442605724,-0.016574838603294898,-0.6042909907451265,-0.059393171661806715,-0.8563666611702364,-0.13259870882635919,-1.1471169550030345,-0.21132919219200993,-1.4516796143385782,-0.33702171826699623,-1.7866294777801626,-0.45718929814088427,-2.157491491528886,-0.6298438669252061
7cd3a314e58f4bd6,6fde253657,images/train/7cd3a314e58f4bd6.jpg,USV,0.8354166666666667,0.5148148148148148,0.059375,0.06666666666666667,0.003958333333333334,1.5833333333333333,0.007552083333333333,0.006944444444444444,0.1801896877924612,0.002069581807914131,0.0006898606026380437,0.004139163615828262,0.0013797212052760873,0.006208745423742393,0.002069581807914131,0.0027594424105521747,0.0027594424105521747,-0.0006898606026380437,-0.00758846662901848,-0.004139163615828262,-0.006898606026380437,-0.01310735145012283,-0.017246515065951092,-0.022075539284417398,-0.016556654463313048
7d40cc68fbde0222,b9351a7480,images/train/7d40cc68fbde0222.jpg,Boat,0.3572916666666667,0.45555555555555555,0.13020833333333334,0.09074074074074075,0.011815200617283951,2.5510204081632653,-0.00625,-0.0023148148148148147,0.07831125756380426,0.0031943828249997,0.005190872090624512,0.0063887656499994,0.013576127006248724,0.0063887656499994,0.021961381921872938,0.009583148474999099,0.030346636837497148,0.0127775312999988,0.03873189175312136,0.0127775312999988,0.043922763843745875,0.019166296949998197,0.052308018759370085,0.0223606797749979,0.060693273674994296
7da44c6dfbb7d9a0,b0fe05f41b,images/train/7da44c6dfbb7d9a0.jpg,USV,0.6572916666666667,0.5634191176470589,0.065625,0.06066176470588235,0.003980928308823529,1.9090909090909092,-0.0067708333333333336,-0.0078125,0.17032422467265634,-0.015078059676161373,-0.010280495233746391,-0.030156119352322746,-0.020560990467492782,-0.05071710981981553,-0.008909762535913539,-0.07676103107863973,0.0027414653956657044,-0.10280495233746391,-0.0075390298380806865,-0.13981473517895093,-0.01233659428049567,-0.16585865643777511,-0.022617089514242062,-0.20286843927926212,-0.03289758474798845
7eba7856818dc3ba,3c1c8b0c56,images/train/7eba7856818dc3ba.jpg,Boat,0.3134191176470588,0.5036764705882353,0.13786764705882354,0.02022058823529412,0.0027877649221453287,6.818181818181818,0.00045955882352941176,0.003676470588235294,0.07017294652672369,-0.0010879853497231114,0.008703882797784892,-0.002175970699446223,0.008703882797784892,-0.0032639560491693346,0.008703882797784892,0.004351941398892446,0.008703882797784892,0.0032639560491693346,0.017407765595569783,0.002175970699446223,0.017407765595569783,0.0010879853497231114,0.017407765595569783,0.0,0.017407765595569783
7ece5ceb5941531f,72d433a56e,images/train/7ece5ceb5941531f.jpg,Boat,0.3151041666666667,0.2853860294117647,0.13645833333333332,0.07077205882352941,0.00965743719362745,3.4025974025974026,0.0033854166666666668,-0.0013786764705882354,0.04696604579606266,0.0013200952361617432,-0.002200158726936239,0.0026401904723234865,-0.0008800634907744955,0.00044003174538724776,-0.003080222217710734,-0.001760126981548991,-0.008800634907744955,-0.00044003174538724776,-0.014521047597779176,-0.0026401904723234865,-0.013200952361617432,-0.004840349199259725,-0.018921365051651654,-0.003520253963097982,-0.021121523778587892
7f956b06818d910c,b9351a7480,images/train/7f956b06818d910c.jpg,Boat,0.37109375,0.44675925925925924,0.08697916666666666,0.09351851851851851,0.008134162808641975,1.6534653465346534,-0.00234375,-0.004629629629629629,0.051795301961381074,0.0004812393093874866,0.0009624786187749732,0.0009624786187749732,0.0019249572375499464,-0.002406196546937433,0.0028874358563249197,0.0019249572375499464,0.007699828950199786,-0.009143546878362245,0.008662307568974759,-0.020212050994274436,0.005774871712649839,-0.027430640635086736,0.0067373503314248125,-0.034649230275899036,0.003849914475099893
7fcd181b2626340c,3c1c8b0c56,images/train/7fcd181b2626340c.jpg,Boat,0.37683823529411764,0.6236213235294118,0.125,0.02849264705882353,0.003561580882352941,4.387096774193548,0.004136029411764706,-0.0013786764705882354,0.07305348824123681,-0.00866307801984887,-0.012513334917559479,-0.01732615603969774,-0.009625642244276523,-0.010588206468704175,-0.006737949570993566,-0.019251284488553046,-0.011550770693131828,-0.027914362508401916,-0.00866307801984887,-0.02117641293740835,-0.005775385346565914,-0.02983949095725722,-0.002887692673282957,-0.03850256897710609,-0.0077005137954212185
7fe6f9d301e53647,b0fe05f41b,images/train/7fe6f9d301e53647.jpg,USV,0.5635416666666667,0.4306066176470588,0.0625,0.05974264705882353,0.0037339154411764708,1.8461538461538463,0.005729166666666666,0.0,0.12455047375590554,-0.004246038878042234,0.0,-0.008492077756084468,0.0,-0.0070767314634037235,0.0,-0.005661385170722979,0.0,0.0014153462926807447,0.0,0.008492077756084468,0.0,0.009907424048765214,0.011322770341445958,0.011322770341445958,0.011322770341445958
8001ec6833fd2a06,96ae008b89,images/train/8001ec6833fd2a06.jpg,Boat,0.24088541666666666,0.3819444444444444,0.19739583333333333,0.09907407407407408,0.019556809413580248,3.542056074766355,0.008333333333333333,0.003703703703703704,0.08189793626876524,-0.004965791790532685,-0.0024828958952663426,-0.004965791790532685,-0.004965791790532685,-0.004965791790532685,-0.007448687685799027,-0.00993158358106537,-0.00993158358106537,-0.00993158358106537,-0.00993158358106537,-0.00993158358106537,-0.012414479476331713,-0.014897375371598054,-0.012414479476331713,-0.014897375371598054,-0.014897375371598054
81026b5315b1d2d3,b6cf3a91b7,images/train/81026b5315b1d2d3.jpg,Boat,0.61171875,0.5657169117647058,0.23385416666666667,0.13694852941176472,0.03202598422181373,3.0134228187919465,-0.00625,-0.009191176470588236,0.06039188821134436,-0.0019330972349591935,-0.0009665486174795968,0.0,0.0,-0.0019330972349591935,-0.0009665486174795968,-0.005799291704877581,-0.003866194469918387,-0.007732388939836774,-0.004832743087397983,-0.009665486174795967,-0.005799291704877581,-0.013531680644714354,-0.00869893755731637,-0.015464777879673548,-0.011598583409755161
811fd1d0b78d57fd,4642ebc223,images/train/811fd1d0b78d57fd.jpg,USV,0.68671875,0.5804227941176471,0.15572916666666667,0.14246323529411764,0.022185680912990197,1.929032258064516,-0.019010416666666665,-0.0027573529411764708,0.17011923623337682,-0.004354816233264541,-0.002903210822176361,-0.006387063808787994,-0.0011612843288705444,-0.010741880042052536,-0.0017419264933058165,-0.010451558959834899,-0.0023225686577410887,-0.021774081166322706,-0.0005806421644352722,-0.0354191720305516,0.0011612843288705444,-0.049064262894780504,0.005225779479917449,-0.06038678510126831,0.004645137315482177
81398f192071e208,b9351a7480,images/train/81398f192071e208.jpg,Boat,0.43828125,0.49398148148148147,0.04635416666666667,0.05277777777777778,0.0024464699074074076,1.5614035087719298,-0.0015625,0.003703703703703704,0.07020007452443867,0.005265005589332901,-0.007020007452443867,-0.0035100037262219335,-0.014040014904887734,0.0017550018631109668,-0.021060022357331603,0.0,-0.02808002980977547,-0.0017550018631109668,-0.02808002980977547,-0.0035100037262219335,-0.03510003726221934,-0.005265005589332901,-0.042120044714663206,-0.007020007452443867,-0.042120044714663206
813c895fdf76602a,b6cf3a91b7,images/train/813c895fdf76602a.jpg,Boat,0.3953125,0.45496323529411764,0.08020833333333334,0.08823529411764706,0.007077205882352941,1.6041666666666667,0.00026041666666666666,-0.00045955882352941176,0.005815526314990443,-0.0005140247616873195,0.0005140247616873195,-0.001028049523374639,0.001028049523374639,-0.005654272378560515,-0.0025701238084365977,-0.010280495233746391,-0.006168297140247834,-0.014906718088932265,-0.005654272378560515,-0.015420742850619585,-0.013364643803870308,-0.024159163799304016,-0.012850619042182989,-0.024673188560991335,-0.016448792373994225
813fdbba7bff8a6b,6fde253657,images/train/813fdbba7bff8a6b.jpg,USV,0.8416666666666667,0.5351851851851852,0.057291666666666664,0.06481481481481481,0.0037133487654320988,1.5714285714285714,-0.003125,0.005555555555555556,0.09669875568304563,0.002849014411490949,-0.008547043234472846,0.0,-0.005698028822981898,-0.014245072057454745,-0.014245072057454745,-0.017094086468945693,-0.017094086468945693,-0.031339158526400436,-0.02564112970341854,-0.04558423058385518,-0.034188172937891385,-0.05413127381832803,-0.037037187349382335,-0.06267831705280087,-0.04558423058385518
8178084c9db4c48c,3c1c8b0c56,images/train/8178084c9db4c48c.jpg,Boat,0.28308823529411764,0.41681985294117646,0.11213235294117647,0.017463235294117647,0.00195819366349481,6.421052631578948,-0.008272058823529412,0.004595588235294118,0.2138435801943479,0.0025962905774828994,0.007788871732448699,0.005192581154965799,-0.005192581154965799,0.007788871732448699,0.0025962905774828994,0.010385162309931598,-0.010385162309931598,0.012981452887414497,-0.0025962905774828994,0.015577743464897398,0.005192581154965799,0.028559196352311893,-0.007788871732448699,0.031155486929794796,0.0
8199d77e67aa8c84,3c1c8b0c56,images/train/8199d77e67aa8c84.jpg,Boat,0.38465073529411764,0.5863970588235294,0.09650735294117647,0.02389705882352941,0.0023062418901384084,4.038461538461538,0.013786764705882353,-0.015625,0.4339105763615221,0.0023923718823467273,0.0023923718823467273,-0.0047847437646934545,0.0047847437646934545,-0.0023923718823467273,0.007177115647040182,-0.019138975058773818,0.009569487529386909,-0.03588557823520091,0.011961859411733637,-0.052632181411628,0.014354231294080365,-0.050239809529281275,0.04545506576458782,-0.05741692517632146,0.05741692517632146
81f09b1d786caf58,b9351a7480,images/train/81f09b1d786caf58.jpg,Boat,0.37734375,0.4013888888888889,0.10052083333333334,0.11388888888888889,0.011448206018518519,1.5691056910569106,0.00026041666666666666,0.0032407407407407406,0.022946888018678595,-0.0004056475031283993,0.0004056475031283993,-0.004056475031283993,0.0008112950062567986,-0.004462122534412393,0.001216942509385198,-0.004867770037540792,0.004867770037540792,-0.005273417540669192,0.008518597565696387,-0.01216942509385198,0.01216942509385198,-0.01257507259698038,0.015820252622007574,-0.016225900125135972,0.01947108015016317
8243534f8648279a,b6cf3a91b7,images/train/8243534f8648279a.jpg,Boat,0.3221354166666667,0.5620404411764706,0.07552083333333333,0.07077205882352941,0.005344764859068627,1.8831168831168832,-0.00703125,0.003676470588235294,0.13325307332097447,0.006506438645093377,0.0,0.013012877290186754,-0.004731955378249729,0.02425127131352986,-0.009463910756499458,0.030757709958623237,-0.014195866134749185,0.037264148603716615,-0.02365977689124864,0.04850254262705972,-0.02839173226949837,0.06447289202865256,-0.0331236876477481,0.08044324143024538,-0.03785564302599783
8276660e815f6f34,c230f95bbd,images/train/8276660e815f6f34.jpg,USV,0.4427083333333333,0.6574074074074074,0.10520833333333333,0.1,0.010520833333333333,1.8703703703703705,-0.00234375,0.0060185185185185185,0.05352447870194875,0.00042314815817832686,-0.008886111321744864,0.0008462963163566537,-0.014387037378063114,0.0012694444745349805,-0.023273148699807976,0.0016925926327133075,-0.032159260021552845,0.0021157407908916344,-0.03766018607787109,0.002538888949069961,-0.04993148266504257,0.002962037107248288,-0.05543240872136082,0.003385185265426615,-0.06431852004310569
82867cca2e42ad51,b9351a7480,images/train/82867cca2e42ad51.jpg,Boat,0.62578125,0.28703703703703703,0.15572916666666667,0.13518518518518519,0.0210522762345679,2.047945205479452,0.0020833333333333333,-0.001388888888888889,0.020446520502738267,-0.004786168431619382,0.0008974065809286342,-0.007179252647429074,0.0017948131618572684,-0.009572336863238764,0.0002991355269762114,-0.011965421079048456,0.0011965421079048455,-0.014358505294858147,-0.0002991355269762114,-0.01675158951066784,-0.0017948131618572684,-0.01675158951066784,-0.003290490796738325,-0.01914467372647753,-0.004786168431619382
8289a72036a19144,6fde253657,images/train/8289a72036a19144.jpg,USV,0.6791666666666667,0.6680555555555555,0.051041666666666666,0.05462962962962963,0.002788387345679012,1.6610169491525424,-0.00026041666666666666,0.008333333333333333,0.11854210670439551,-0.005753591361864521,-0.001643883246247006,-0.004931649738741018,-0.003287766492494012,-0.004109708115617515,-0.004931649738741018,-0.003287766492494012,-0.006575532984988024,-0.002465824869370509,-0.00821941623123503,-0.001643883246247006,-0.009863299477482036,-0.000821941623123503,-0.011507182723729041,0.0,-0.013151065969976047
82ceadf3d5e7f2db,b6cf3a91b7,images/train/82ceadf3d5e7f2db.jpg,Boat,0.3072916666666667,0.6516544117647058,0.09375,0.07720588235294118,0.007238051470588236,2.142857142857143,-0.002864583333333333,0.01608455882352941,0.14918207333755287,0.005591094167934305,0.0025414064399701384,0.0071159380319163875,0.0010165625759880554,0.012707032199850692,-0.0005082812879940277,0.018298126367784998,-0.0020331251519761107,0.01982297023176708,-0.0035579690159581938,0.025414064399701383,-0.0010165625759880554,0.03100515856763569,-0.0025414064399701384,0.040662503039522215,-0.0040662503039522215
8383feb4ebcbdfc4,2b50dc5ca4,images/train/8383feb4ebcbdfc4.jpg,USV,0.6067708333333334,0.4708333333333333,0.04791666666666667,0.041666666666666664,0.0019965277777777776,2.0444444444444443,-0.002864583333333333,0.001851851851851852,0.09095574121463353,-0.004856795876251634,0.0038854367010013077,-0.0019427183505006539,0.0,0.0009713591752503269,-0.0038854367010013077,-0.0038854367010013077,-0.007770873402002615,-0.0009713591752503269,-0.019427183505006537,-0.005828155051501961,-0.03108349360801046,-0.0029140775257509807,-0.03496893030901177,0.0,-0.038854367010013074
839d0b1ef32c04a1,c230f95bbd,images/train/839d0b1ef32c04a1.jpg,USV,0.021614583333333333,0.7398148148148148,0.043229166666666666,0.05925925925925926,0.0025617283950617282,1.296875,-0.015885416666666666,0.06018518518518518,0.9851351888758444,0.011147932655202926,0.09432866092864015,0.022295865310405852,0.06517252936887864,0.05402459671367572,0.03601639780911715,0.08575332811694558,0.006860266249355647,0.11748205952021544,-0.022295865310405852,0.1492107909234853,-0.05145199687016735,0.17407925607739952,-0.08060812842992884,0.2058079874806694,-0.10976425998969035
8420fee56a916ab9,b6cf3a91b7,images/train/8420fee56a916ab9.jpg,Boat,0.5815104166666667,0.5137867647058824,0.16197916666666667,0.13602941176470587,0.02203393075980392,2.1013513513513513,0.003125,0.004595588235294118,0.03640439896752886,0.0011652764149086838,0.0040784674521803935,0.0,0.005826382074543419,-0.0011652764149086838,0.009904849526723812,0.0,0.011652764149086838,0.0011652764149086838,0.015731231601267232,0.0023305528298173677,0.019809699053447625,0.0034958292447260513,0.02155761367581065,0.004661105659634735,0.025636081127991043
848d11a935742ae3,b9351a7480,images/train/848d11a935742ae3.jpg,Boat,0.39505208333333336,0.4273148148148148,0.0765625,0.08981481481481482,0.006876446759259259,1.5154639175257731,0.0020833333333333333,-0.010185185185185186,0.09802023718650882,0.004187217012575351,0.0031404127594315133,0.004187217012575351,0.006280825518863027,0.008374434025150703,0.0010468042531438378,0.012561651037726053,0.004187217012575351,0.016748868050301405,0.007327629772006864,0.020936085062876756,0.006280825518863027,0.020936085062876756,0.00942123827829454,0.025123302075452107,0.012561651037726053
84f82768d7369eb8,ace8fc6a18,images/train/84f82768d7369eb8.jpg,Boat,0.2638020833333333,0.37454044117647056,0.05677083333333333,0.09834558823529412,0.0055831609987745095,1.0186915887850467,0.015364583333333333,0.003676470588235294,0.27565951409275113,-0.0017361855376693991,-0.004629828100451731,-0.008102199175790529,-0.004629828100451731,-0.009838384713459929,-0.004629828100451731,-0.016204398351581058,-0.009259656200903462,-0.02720024009015392,-0.004629828100451731,-0.03356625372827505,-0.004629828100451731,-0.04919192356729964,-0.004629828100451731,-0.060187765305872505,-0.004629828100451731
8646e9ea8e24c66a,c230f95bbd,images/train/8646e9ea8e24c66a.jpg,USV,0.31276041666666665,0.5416666666666666,0.09114583333333333,0.07407407407407407,0.006751543209876543,2.1875,0.01640625,0.012037037037037037,0.288004216238979,-0.00369754986443726,0.003169328455231937,-0.011620871002517102,0.006338656910463874,-0.019544192140596946,0.005282214092053229,-0.023241742005034205,0.004225771273642583,-0.031165063143114048,0.00739509972887452,-0.03486261300755131,0.006338656910463874,-0.04278593414563115,0.009507985365695812,-0.050709255283710994,0.012677313820927748
86501c077e279fa1,b6cf3a91b7,images/train/86501c077e279fa1.jpg,Boat,0.3984375,0.5533088235294118,0.08854166666666667,0.11029411764705882,0.009765625,1.4166666666666667,-0.005989583333333334,-0.003216911764705882,0.08416254115301731,-0.0004375875262587531,-0.003938287736328778,-0.0008751750525175062,-0.007876575472657556,-0.0013127625787762592,-0.011814863208986334,-0.005251050315105037,-0.01575315094531511,-0.00568863784136379,-0.01969143868164389,-0.009626925577692569,-0.030631126838112716,-0.010064513103951322,-0.04157081499458155,-0.0140028008402801,-0.052510503151050374
86561b18e5b1279b,ace8fc6a18,images/train/86561b18e5b1279b.jpg,Boat,0.18072916666666666,0.38878676470588236,0.07916666666666666,0.08455882352941177,0.006694240196078431,1.6521739130434783,-0.008333333333333333,-0.001838235294117647,0.1363549681732857,-0.00845637614364673,-0.006342282107735047,-0.00845637614364673,-0.004228188071823365,-0.00845637614364673,-0.010570470179558412,-0.00845637614364673,-0.00845637614364673,-0.012684564215470094,-0.006342282107735047,-0.012684564215470094,-0.012684564215470094,-0.012684564215470094,-0.010570470179558412,-0.021140940359116824,-0.01691275228729346
86c8cdd9f32b077d,b0fe05f41b,images/train/86c8cdd9f32b077d.jpg,USV,0.2916666666666667,0.5078125,0.06666666666666667,0.057904411764705885,0.003860294117647059,2.0317460317460316,0.00859375,0.0,0.18374210381479175,0.010439892262204077,-0.005567942539842175,0.020879784524408154,-0.01113588507968435,0.020183791706927884,-0.01113588507968435,0.03062368396913196,-0.016703827619526525,0.04106357623133604,-0.0222717701593687,0.04593552595369794,-0.0222717701593687,0.056375418215902015,-0.027839712699210872,0.06124736793826392,-0.03340765523905305
8703122c6986ca5c,b9351a7480,images/train/8703122c6986ca5c.jpg,Boat,0.6174479166666667,0.20972222222222223,0.0859375,0.13055555555555556,0.011219618055555556,1.1702127659574468,-0.0010416666666666667,-0.027314814814814816,0.1938502172473451,-0.0016390359534347082,0.01761963649942311,0.0,0.028683129185107393,0.0016390359534347082,0.046302765684530504,0.0032780719068694164,0.0606443302770842,0.004917107860304124,0.07170782296276848,0.0032780719068694164,0.08932745946219159,0.004917107860304124,0.10039095214787587,0.006556143813738833,0.11801058864729899
8711a43e2d675096,ace8fc6a18,images/train/8711a43e2d675096.jpg,Boat,0.28072916666666664,0.4186580882352941,0.04895833333333333,0.08731617647058823,0.004274854473039216,0.9894736842105263,-0.00026041666666666666,0.002297794117647059,0.02697931686744159,0.0006613849190888829,-0.003306924595444415,0.0013227698381777658,-0.0013227698381777658,-0.008598003948155478,-0.004629694433622181,-0.007936619029066595,-0.007936619029066595,-0.017857392815399838,-0.01124354362451101,-0.027778166601733083,-0.014550468219955424,-0.0271167816826442,-0.017857392815399838,-0.03703755546897745,-0.021164317410844253
87ac3675e81cd710,6fde253657,images/train/87ac3675e81cd710.jpg,USV,0.6354166666666666,0.6092592592592593,0.059375,0.06666666666666667,0.003958333333333334,1.5833333333333333,0.0013020833333333333,-0.000462962962962963,0.0281409013960821,-0.0034493030131902184,0.006208745423742393,-0.0013797212052760873,0.0013797212052760873,-0.004829024218466305,0.002069581807914131,-0.008278327231656524,-0.0027594424105521747,-0.011727630244846741,-0.002069581807914131,-0.02621470290024566,0.004139163615828262,-0.029664005913435876,0.010347909039570655,-0.044151078568834795,0.011037769642208699
87b24208b809226e,f91b246954,images/train/87b24208b809226e.jpg,USV,0.29921875,0.49166666666666664,0.07552083333333333,0.07592592592592592,0.005733989197530864,1.7682926829268293,0.009375,-0.000462962962962963,0.16513877743160868,-0.002292709768466607,0.0005731774421166518,0.0,0.0011463548842333036,-0.011463548842333035,-0.002865887210583259,-0.02292709768466607,-0.002292709768466607,-0.03439064652699911,-0.0017195323263499553,-0.04585419536933214,-0.005731774421166518,-0.05273232467473196,-0.005158596979049866,-0.064195873517065,-0.009170839073866429
87f842f38594643e,c230f95bbd,images/train/87f842f38594643e.jpg,USV,0.3489583333333333,0.5875,0.10208333333333333,0.0824074074074074,0.008412422839506172,2.202247191011236,-0.0010416666666666667,-0.0032407407407407406,0.03052134329021897,-0.005678560071462643,-0.0004732133392885536,-0.011357120142925286,-0.0009464266785771072,-0.01703568021438793,0.002366066696442768,-0.022714240285850573,0.0018928533571542143,-0.028392800357313216,0.0014196400178656608,-0.03407136042877586,0.004732133392885536,-0.0397499205002385,0.004258920053596982,-0.045428480571701145,0.0037857067143084286
885f74bf4cd4f81e,1d2277871a,images/train/885f74bf4cd4f81e.jpg,USV,0.4734375,0.33101851851851855,0.159375,0.1398148148148148,0.02228298611111111,2.0264900662251657,-0.004166666666666667,0.015277777777777777,0.08530646773886277,-0.0023260594880759457,-0.0002907574360094932,-0.004652118976151891,-0.0005815148720189864,-0.0069781784642278365,-0.0008722723080284796,-0.0069781784642278365,-0.0011630297440379728,-0.011630297440379727,-0.0014537871800474659,-0.011630297440379727,-0.0017445446160569591,-0.01628241641653162,-0.0020353020520664524,-0.01628241641653162,0.0
887a50365c35261c,6fde253657,images/train/887a50365c35261c.jpg,USV,0.6252604166666667,0.6194444444444445,0.058854166666666666,0.06481481481481481,0.003814621913580247,1.6142857142857143,-0.0036458333333333334,0.0032407407407407406,0.0879963796519971,0.009838294333787238,0.0007027353095562314,0.008432823714674775,0.0014054706191124627,0.018271118048462015,0.0021082059286686937,0.022487529905799403,-0.0028109412382249254,0.02670394176313679,-0.007730088405118544,0.03654223609692403,-0.007027353095562313,0.04638053043071127,-0.011946500262455933,0.05621882476449851,-0.011243764952899702
88aca1733059b4b3,c230f95bbd,images/train/88aca1733059b4b3.jpg,USV,0.46119791666666665,0.5625,0.07135416666666666,0.06574074074074074,0.0046908757716049385,1.9295774647887325,0.0036458333333333334,0.013888888888888888,0.16783627165933782,-0.003802259991433928,-0.003802259991433928,-0.012674199971446427,-0.0025348399942892856,-0.016476459962880354,-0.0012674199971446428,-0.020278719954314284,0.0,-0.02408097994574821,0.0012674199971446428,-0.03295291992576071,0.0025348399942892856,-0.03675517991719464,0.003802259991433928,-0.035487759920049995,0.005069679988578571
88d2f08c49f2932b,b6cf3a91b7,images/train/88d2f08c49f2932b.jpg,Boat,0.30703125,0.6806066176470589,0.09739583333333333,0.07996323529411764,0.0077880859375,2.1494252873563218,0.0,0.01332720588235294,0.11368091818174797,0.0,0.0014700118730398444,0.003920031661439585,-0.0009800079153598964,0.003920031661439585,-0.003430027703759637,0.003920031661439585,-0.0019600158307197927,0.00784006332287917,-0.008330067280559118,0.00784006332287917,-0.006860055407519274,0.011760094984318755,-0.0132301068573586,0.011760094984318755,-0.019600158307197926
891a971b9376709e,4642ebc223,images/train/891a971b9376709e.jpg,USV,0.6869791666666667,0.47150735294117646,0.04583333333333333,0.04779411764705882,0.002190563725490196,1.6923076923076923,0.0049479166666666664,-0.003216911764705882,0.149664543310951,0.01201103304352824,-0.0009239256187329415,0.02402206608705648,-0.001847851237465883,0.02864169418072119,-0.0027717768561988246,0.04065272722424943,-0.003695702474931766,0.05266376026777767,-0.004619628093664708,0.07206619826116945,-0.005543553712397649,0.1801654956529236,-0.013858884280994124,0.37696165244304014,-0.03695702474931766
89661239cc1aa2ba,b6cf3a91b7,images/train/89661239cc1aa2ba.jpg,Boat,0.39557291666666666,0.5657169117647058,0.07760416666666667,0.09834558823529412,0.0076320274203431375,1.3925233644859814,-0.005729166666666666,-0.00045955882352941176,0.08720790440797933,0.0029699302145876753,0.0004949883690979458,0.0019799534763917832,0.0009899767381958916,0.004949883690979458,0.0014849651072938376,0.007919813905567133,0.0019799534763917832,0.010889744120154808,0.002474941845489729,0.009899767381958916,0.0029699302145876753,0.012869697596546593,-0.004454895321881512,0.019799534763917832,-0.0039599069527835665
8981ea807e2b6c3a,b9351a7480,images/train/8981ea807e2b6c3a.jpg,Boat,0.5138020833333333,0.3736111111111111,0.21510416666666668,0.10833333333333334,0.02330295138888889,3.52991452991453,0.0049479166666666664,0.005092592592592593,0.049937358579277856,-0.0008529691330658582,0.0036961995766187188,0.0005686460887105721,0.0073923991532374375,0.0019902613104870025,0.013363183084698445,0.0011372921774211442,0.019333967016159453,0.0025589073991975748,0.02303016659277817,0.0017059382661317164,0.02672636616939689,0.0008529691330658582,0.04407007187506934,0.0,0.06368836193558408
89866a31ad5a6afc,b6cf3a91b7,images/train/89866a31ad5a6afc.jpg,Boat,0.6190104166666667,0.2421875,0.11614583333333334,0.13511029411764705,0.015692497702205883,1.5170068027210883,0.0018229166666666667,0.022058823529411766,0.13395837450445167,-0.0024163896032095597,0.0027615881179537823,-0.0020711910884653366,0.005523176235907565,-0.001725992573721114,0.008284764353861346,-0.004142382176930673,0.01104635247181513,-0.0010355955442326683,0.013807940589768912,-0.003451985147442228,0.016569528707722693,-0.003106786632698005,0.019331116825676477,-0.0027615881179537823,0.02209270494363026
89af9c836d341935,b9351a7480,images/train/89af9c836d341935.jpg,Boat,0.56640625,0.6199074074074075,0.29635416666666664,0.1361111111111111,0.04033709490740741,3.870748299319728,0.00390625,-0.006944444444444444,0.03667426853625795,0.0019449467982783325,0.003241577997130554,0.003889893596556665,0.006483155994261108,0.004105998796365368,0.009724733991391663,0.00777978719311333,0.012966311988522217,0.007995892392922034,0.01620788998565277,0.011669680789669994,0.019449467982783325,0.011885785989478698,0.02269104597991388,0.012101891189287402,0.025932623977044433
8a60a6a9260a4519,3c1c8b0c56,images/train/8a60a6a9260a4519.jpg,Boat,0.31066176470588236,0.48943014705882354,0.14154411764705882,0.021139705882352942,0.002992201016435986,6.695652173913044,0.00045955882352941176,0.001838235294117647,0.03463938610097308,-0.0010501606448592962,0.012601927738311555,-0.0021003212897185925,0.00840128515887437,0.005250803224296482,0.012601927738311555,0.004200642579437185,0.01680257031774874,0.0031504819345778887,0.021003212897185927,0.0021003212897185925,0.01680257031774874,0.0010501606448592962,0.029404498056060296,0.00840128515887437,0.02520385547662311
8ad4bb48636f422c,1cec08390c,images/train/8ad4bb48636f422c.jpg,Boat,0.5416666666666666,0.46369485294117646,0.05416666666666667,0.030330882352941176,0.001642922794117647,3.1515151515151514,0.00026041666666666666,-0.0027573529411764708,0.05191552219925602,-0.0010668574093733107,0.006401144456239865,-0.010668574093733106,0.01280228891247973,-0.011735431503106419,0.010668574093733106,-0.01280228891247973,0.008534859274986486,-0.01386914632185304,0.01493600373122635,-0.023470863006212837,0.021337148187466213,-0.024537720415586148,0.010668574093733106,-0.03413943709994594,0.01706971854997297
8af0bb91189052a7,ace8fc6a18,images/train/8af0bb91189052a7.jpg,Boat,0.26145833333333335,0.40349264705882354,0.05625,0.09375,0.0052734375,1.0588235294117647,0.008072916666666667,-0.00505514705882353,0.15670096504919587,0.000595481198411489,0.001786443595234467,0.001190962396822978,0.003572887190468934,0.001786443595234467,0.000595481198411489,0.007145774380937868,-0.002381924793645956,0.007741255579349357,0.004168368388880423,0.008336736777760846,0.001190962396822978,0.008932217976172335,0.007741255579349357,0.009527699174583824,0.004763849587291912
8b0ae2ee44b992a7,b6cf3a91b7,images/train/8b0ae2ee44b992a7.jpg,Boat,0.35078125,0.4664522058823529,0.12760416666666666,0.09466911764705882,0.012080173866421568,2.378640776699029,-0.004166666666666667,0.006893382352941176,0.06903047916460717,0.0,0.003540958788529541,0.0,0.003934398653921712,0.0031475189231373697,0.007475357442451253,0.0031475189231373697,0.007868797307843425,0.0031475189231373697,0.011409756096372965,0.006295037846274739,0.011803195961765137,0.006295037846274739,0.012196635827157307,0.00944255676941211,0.012590075692549479
8b28786ab792a5cf,6fde253657,images/train/8b28786ab792a5cf.jpg,USV,0.6609375,0.6055555555555555,0.057291666666666664,0.05925925925925926,0.0033950617283950617,1.71875,0.007291666666666667,-0.0060185185185185185,0.18396284827501053,0.002979570591392476,0.003724463239240595,0.0,0.001489785295696238,-0.002979570591392476,0.005214248534936833,-0.005959141182784952,0.008938711774177427,-0.002979570591392476,0.006704033830633071,-0.011918282365569905,0.010428497069873666,-0.008938711774177427,0.014152960309114261,-0.011918282365569905,0.011918282365569905
8ba56cba4fd1ace8,6fde253657,images/train/8ba56cba4fd1ace8.jpg,USV,0.7388020833333333,0.5203703703703704,0.0484375,0.05740740740740741,0.0027806712962962963,1.5,-0.00234375,0.0,0.05926184861572205,0.0008230812307739174,0.0,0.0016461624615478347,-0.006584649846191339,-0.004115406153869587,-0.006584649846191339,-0.0032923249230956695,-0.006584649846191339,-0.0024692436923217523,-0.013169299692382678,-0.0016461624615478347,-0.01975394953857402,-0.007407731076965256,-0.03950789907714804,-0.013169299692382678,-0.05267719876953071
8c4b9063c7a19a98,6fde253657,images/train/8c4b9063c7a19a98.jpg,USV,0.634375,0.6819444444444445,0.08333333333333333,0.08425925925925926,0.007021604938271605,1.7582417582417582,0.0033854166666666668,0.0032407407407407406,0.061181139807393814,0.0015538911190588966,-0.007769455595294483,0.007251491888941517,-0.011395201539765242,0.008805383008000415,-0.015020947484236,0.010359274127059311,-0.014502983777883035,0.011913165246118207,-0.018128729722353795,0.013467056365177104,-0.021754475666824553,0.015020947484236,-0.02538022161129531,0.016574838603294898,-0.02900596755576607
8c50ac7e517dfb79,b6cf3a91b7,images/train/8c50ac7e517dfb79.jpg,Boat,0.4,0.46231617647058826,0.08854166666666667,0.07904411764705882,0.006998697916666667,1.9767441860465116,0.004166666666666667,-0.008272058823529412,0.09958875768195297,0.0,0.0010337995212169522,0.0,0.0020675990424339043,0.0,0.0031013985636508565,-0.008270396169735617,0.004135198084867809,-0.008270396169735617,0.009304195690952569,-0.016540792339471234,0.01447319329703733,-0.016540792339471234,0.015506992818254281,-0.02481118850920685,0.016540792339471234
8ce0446b1bb07794,b0fe05f41b,images/train/8ce0446b1bb07794.jpg,USV,0.5658854166666667,0.5597426470588235,0.06822916666666666,0.06801470588235294,0.0046405867034313725,1.7702702702702702,0.012239583333333333,0.0027573529411764708,0.24061720033096218,0.005713089387060473,0.006347877096733859,0.011426178774120947,0.002539150838693544,0.01713926816118142,-0.001269575419346772,0.017774055870854805,0.005078301677387088,0.033643748612689456,0.006347877096733859,0.04443513967713701,0.012695754193467718,0.060304832418971666,0.01396532961281449,0.0761745251608063,0.02031320670954835
8d7869ab093d86e7,6fde253657,images/train/8d7869ab093d86e7.jpg,USV,0.73046875,0.6726851851851852,0.03802083333333333,0.041666666666666664,0.001584201388888889,1.6222222222222222,0.00078125,-0.0125,0.23699026047845054,-0.003271399516188836,-0.005452332526981393,-0.006542799032377672,-0.019628397097133016,-0.009814198548566508,-0.02508072962411441,-0.021809330107925573,-0.03925679419426603,-0.02508072962411441,-0.044709126721247425,-0.028352129140303245,-0.05016145924822882,-0.03162352865649208,-0.05561379177521021,-0.043618660215851146,-0.06978985634536183
8dc42d39ce2f3c4a,6fde253657,images/train/8dc42d39ce2f3c4a.jpg,USV,0.8049479166666667,0.7314814814814815,0.05677083333333333,0.06481481481481481,0.003679591049382716,1.5571428571428572,0.0026041666666666665,0.004629629629629629,0.08095109602454657,0.004293080170758019,-0.0014310267235860062,0.0028620534471720123,-0.0028620534471720123,0.007155133617930031,0.0014310267235860062,0.005724106894344025,0.0,0.010017187065102044,-0.0014310267235860062,0.008586160341516038,-0.0028620534471720123,0.012879240512274057,-0.004293080170758019,0.017172320683032077,-0.005724106894344025
8de6f7d470ad7c26,1d2277871a,images/train/8de6f7d470ad7c26.jpg,USV,0.228125,0.42592592592592593,0.059375,0.05,0.00296875,2.111111111111111,-0.005989583333333334,0.006481481481481481,0.17158910225592838,0.005576076864909487,-0.004779494455636703,0.011152153729818974,-0.0031863296370911354,0.02310088986891073,-0.0015931648185455677,0.028676966733820218,0.0,0.04062570287291198,0.0015931648185455677,0.04620177973782146,0.0031863296370911354,0.05177785660273095,0.004779494455636703,0.057353933467640436,0.0
8ded2a9045136792,b0fe05f41b,images/train/8ded2a9045136792.jpg,USV,0.32473958333333336,0.5137867647058824,0.06927083333333334,0.05698529411764706,0.00394741881127451,2.1451612903225805,-0.0036458333333333334,-0.003676470588235294,0.08878406247847585,0.009635769172110772,0.0055061538126347275,0.008259230718952092,0.0,0.006882692265793409,0.0055061538126347275,0.0055061538126347275,0.011012307625269455,0.004129615359476046,0.0055061538126347275,0.0027530769063173637,0.011012307625269455,0.0013765384531586819,0.016518461437904183,0.0,0.011012307625269455
8ed725baf17e3211,2b50dc5ca4,images/train/8ed725baf17e3211.jpg,USV,0.56484375,0.5722222222222222,0.10677083333333333,0.09814814814814815,0.010479359567901235,1.9339622641509433,0.005729166666666666,-0.001851851851851852,0.0758446834967764,-0.0059357853810761965,-0.0016959386803074847,-0.008479693401537423,0.0,-0.01441547878261362,0.0016959386803074847,-0.016959386803074846,0.0033918773606149695,-0.022895172184151043,0.005087816040922454,-0.02883095756522724,0.006783754721229939,-0.031374865585688465,0.008479693401537423,-0.03731065096676466,0.010175632081844908
8ee0e86ea138e36f,b9351a7480,images/train/8ee0e86ea138e36f.jpg,Boat,0.5255208333333333,0.49074074074074076,0.15104166666666666,0.07407407407407407,0.011188271604938271,3.625,0.0005208333333333333,0.005092592592592593,0.03670126371966897,0.005744656437612862,-0.001230997808059899,0.004923991232239596,-0.005744656437612862,0.007385986848359394,-0.00697565424567276,0.009847982464479191,-0.011489312875225723,0.015592638902092053,-0.012720310683285623,0.018054634518211852,-0.01395130849134552,0.017233969312838583,-0.01518230629940542,0.019695964928958382,-0.016413304107465318
8ee39edfe8deb5e5,3c1c8b0c56,images/train/8ee39edfe8deb5e5.jpg,Boat,0.3625919117647059,0.3630514705882353,0.109375,0.014705882352941176,0.001608455882352941,7.4375,0.0027573529411764708,0.003216911764705882,0.10564428184106457,-0.008594048409639482,0.0014323414016065802,-0.005729365606426321,0.0028646828032131604,-0.0028646828032131604,0.004297024204819741,-0.011458731212852642,0.005729365606426321,-0.008594048409639482,0.007161707008032901,-0.017188096819278964,0.008594048409639482,-0.014323414016065803,0.010026389811246062,-0.011458731212852642,0.022917462425705283
8f2d2d64a676891f,f91b246954,images/train/8f2d2d64a676891f.jpg,USV,0.13359375,0.5083333333333333,0.08489583333333334,0.08333333333333333,0.007074652777777778,1.8111111111111111,0.013541666666666667,0.0,0.21466354200116364,0.006192217557725874,0.0,0.016512580153935665,0.0,0.022704797711661538,0.0,0.028897015269387413,-0.004128145038483916,0.035089232827113286,-0.004128145038483916,0.045409595423323075,-0.004128145038483916,0.06811439313498462,-0.008256290076967833,0.09081919084664615,-0.012384435115451748
8f9459cbce4ef8fd,b0fe05f41b,images/train/8f9459cbce4ef8fd.jpg,USV,0.35703125,0.5514705882352942,0.09635416666666667,0.08639705882352941,0.008324716605392158,1.9680851063829787,0.0046875,0.0027573529411764708,0.07194017065667524,-0.0009478949772346037,0.004739474886173018,-0.005687369863407623,0.0018957899544692074,-0.006635264840642226,0.0028436849317038113,-0.0075831598178768295,0.0037915799089384148,-0.008531054795111433,0.0009478949772346037,-0.009478949772346036,0.005687369863407623,-0.014218424658519056,0.0028436849317038113,-0.015166319635753659,0.0075831598178768295
8f9e258ac1a9ff0b,3c1c8b0c56,images/train/8f9e258ac1a9ff0b.jpg,Boat,0.20128676470588236,0.5294117647058824,0.1488970588235294,0.03125,0.004653033088235294,4.764705882352941,-0.008731617647058824,-0.0027573529411764708,0.13423578038262007,0.016000614151702522,0.0050528255215902705,0.032001228303405044,-0.0033685503477268466,0.041264741759653875,0.0016842751738634233,0.0572653559113564,0.0,0.06652886936760523,0.0050528255215902705,0.08252948351930775,0.0033685503477268466,0.09853009767101027,0.0016842751738634233,0.10779361112725909,0.0
8fdde29a9a9c1d5e,3c1c8b0c56,images/train/8fdde29a9a9c1d5e.jpg,Boat,0.22564338235294118,0.5321691176470589,0.13694852941176472,0.027573529411764705,0.003776154303633218,4.966666666666667,-0.058823529411764705,0.004595588235294118,0.9601687025518896,0.059828240359541034,-0.0018696325112356573,0.1271350107640247,-0.011217795067413945,0.21687737130333626,-0.020565957623592233,0.3066197318426478,-0.03739265022471315,0.403840622426902,-0.046740812780891434,0.5160185731010415,-0.05608897533706972,0.605760933640353,-0.06543713789324801,0.7029818242246072,-0.0747853004494263
8fe67c8bc851eb95,3c1c8b0c56,images/train/8fe67c8bc851eb95.jpg,Boat,0.3005514705882353,0.5335477941176471,0.11948529411764706,0.02297794117647059,0.002745526059688581,5.2,-0.0009191176470588235,-0.002297794117647059,0.04723101979387308,-0.006577935144802719,0.014252192813739226,-0.004385290096535146,0.01973380543440816,-0.010963225241337865,0.025215418055077092,-0.008770580193070292,0.02192645048267573,-0.015348515337873011,0.027408063103344663,-0.02192645048267573,0.0328896757240136,-0.02850438562747845,0.020830127958541944,-0.026311740579210877,0.026311740579210877
900a61c004ca9618,b0fe05f41b,images/train/900a61c004ca9618.jpg,USV,0.30703125,0.4889705882352941,0.06927083333333334,0.05698529411764706,0.00394741881127451,2.1451612903225805,0.0005208333333333333,-0.003676470588235294,0.04540490752078075,-0.0013765384531586819,0.0055061538126347275,-0.0027530769063173637,0.0055061538126347275,-0.004129615359476046,0.011012307625269455,-0.0055061538126347275,0.016518461437904183,-0.006882692265793409,0.02202461525053891,-0.008259230718952092,0.027530769063173637,-0.009635769172110772,0.027530769063173637,-0.011012307625269455,0.03303692287580837
902e60be147efd08,b9351a7480,images/train/902e60be147efd08.jpg,Boat,0.5770833333333333,0.5101851851851852,0.19166666666666668,0.13518518518518519,0.025910493827160493,2.5205479452054793,-0.004427083333333333,-0.008333333333333333,0.053407211648847805,0.002426734081857761,0.0026963712020641787,0.0026963712020641787,0.005392742404128357,0.00512310528392194,0.005932016644541194,0.009706936327431043,0.0064712908849540295,0.009976573447637463,0.007010565125366865,0.012403307529495223,0.009706936327431043,0.016987138573004327,0.012403307529495223,0.023728066578164776,0.017256775693210744
905bfdc30add1b01,f126b8aae2,images/train/905bfdc30add1b01.jpg,USV,0.4708333333333333,0.39166666666666666,0.041666666666666664,0.04814814814814815,0.002006172839506173,1.5384615384615385,0.00390625,-0.000925925925925926,0.11731163297290356,0.0009690213639781912,0.0019380427279563823,-0.0058141281838691465,-0.0038760854559127646,-0.0048451068198909555,-0.0019380427279563823,0.011628256367738293,0.0,0.012597277731716485,0.0019380427279563823,0.013566299095694677,0.0038760854559127646,0.022287491371498398,0.013566299095694677,-0.015504341823651058,-0.07752170911825529
90bc0cacee03252a,3c1c8b0c56,images/train/90bc0cacee03252a.jpg,Boat,0.3083639705882353,0.48621323529411764,0.140625,0.02022058823529412,0.002843520220588235,6.954545454545454,0.0009191176470588235,0.0009191176470588235,0.024375747470904357,-0.002154532041645913,-0.002154532041645913,0.004309064083291826,-0.004309064083291826,0.002154532041645913,0.002154532041645913,0.0,0.0,0.006463596124937739,-0.002154532041645913,0.012927192249875478,0.004309064083291826,0.010772660208229565,0.010772660208229565,0.017236256333167305,0.008618128166583652
90deaafbadbda595,c230f95bbd,images/train/90deaafbadbda595.jpg,USV,0.3377604166666667,0.6111111111111112,0.11510416666666666,0.09074074074074075,0.010444637345679013,2.2551020408163267,-0.006510416666666667,0.007407407407407408,0.10084370280956145,-0.0029728218384655882,0.0,0.0008493776681330253,0.0,0.0046715771747316386,0.0,0.0016987553362660505,0.0,0.005520954842864664,0.003397510672532101,0.009343154349463277,0.003397510672532101,0.00976784318352979,0.003397510672532101,0.010192532017596302,0.003397510672532101
90f37d3a471f59ce,4642ebc223,images/train/90f37d3a471f59ce.jpg,USV,0.7260416666666667,0.5873161764705882,0.11770833333333333,0.10845588235294118,0.012766161151960784,1.9152542372881356,0.015104166666666667,0.0059742647058823525,0.18198961231084193,-0.01607437458267316,0.0011481696130480827,-0.0352105348001412,0.0022963392260961653,-0.05434669501760925,0.0003827232043493609,-0.07654464086987217,-0.0015308928173974436,-0.09568080108734021,-0.0003827232043493609,-0.11787874693960315,-0.0022963392260961653,-0.14926204969625073,-0.0072717408826378565,-0.18370713808769323,-0.009185356904384661
91276bee29327985,3c1c8b0c56,images/train/91276bee29327985.jpg,Boat,0.2881433823529412,0.45955882352941174,0.1130514705882353,0.022058823529411766,0.002493782439446367,5.125,0.007352941176470588,0.004136029411764706,0.16893777818986788,0.0,-0.010352955569516865,0.0,-0.0023006567932259696,0.0,-0.012653612362742834,0.0,-0.004601313586451939,0.0,-0.014954269155968803,0.0,-0.006901970379677909,0.0,-0.017254925949194772,0.0,-0.027607881518711637
920da3bbc1e71544,dd66390d74,images/train/920da3bbc1e71544.jpg,Boat,0.43046875,0.38786764705882354,0.1140625,0.07169117647058823,0.00817727481617647,2.8076923076923075,0.00390625,-0.003676470588235294,0.06503536274735922,0.00047820119667175894,0.0,0.00478201196671759,0.007651219146748143,0.005260213163389349,0.0,0.0057384143600611075,0.0,0.010042225130106937,0.0,0.014346035900152768,0.0,0.014824237096824528,0.0038256095733740715,0.015302438293496286,0.0038256095733740715
92225a001f97d98a,b9351a7480,images/train/92225a001f97d98a.jpg,Boat,0.39453125,0.4546296296296296,0.08072916666666667,0.08888888888888889,0.007175925925925926,1.6145833333333333,0.0020833333333333333,0.000925925925925926,0.033800489911827755,-0.004098911473649706,0.0030741836052372794,0.0,0.002049455736824853,-0.004098911473649706,0.0010247278684124264,-0.008197822947299411,0.004098911473649706,-0.008197822947299411,0.0030741836052372794,-0.012296734420949118,0.002049455736824853,-0.016395645894598822,0.0010247278684124264,-0.02049455736824853,-0.004098911473649706
922adf77d7097def,b6cf3a91b7,images/train/922adf77d7097def.jpg,Boat,0.4635416666666667,0.6360294117647058,0.171875,0.09191176470588236,0.01579733455882353,3.3,-0.00703125,0.0013786764705882354,0.07477238187264794,-0.0017202558830099386,-0.001032153529805963,-0.0006881023532039754,0.0006881023532039754,-0.005160767649029815,-0.0003440511766019877,-0.004128614119223852,0.0013762047064079508,-0.005848870002233791,0.0030964605894178896,-0.007569125885243729,0.007569125885243729,-0.009289381768253668,0.009289381768253668,-0.013762047064079509,0.013762047064079509
9374213c97c81114,b6cf3a91b7,images/train/9374213c97c81114.jpg,Boat,0.2833333333333333,0.7077205882352942,0.11041666666666666,0.08455882352941177,0.009336703431372549,2.3043478260869565,-0.0033854166666666668,0.002297794117647059,0.04986651583125176,-0.004922784883897072,0.0013425776956082925,-0.006265362579505365,0.002685155391216585,-0.0040277330868248775,0.0040277330868248775,-0.00537031078243317,0.00895051797072195,-0.0067128884780414625,0.0067128884780414625,-0.004475258985360975,0.008055466173649755,-0.005817836680969268,0.009398043869258048,-0.00716041437657756,0.01074062156486634
93aaa600ea25da5e,3c1c8b0c56,images/train/93aaa600ea25da5e.jpg,Boat,0.26700367647058826,0.4333639705882353,0.1130514705882353,0.019301470588235295,0.002182059634515571,5.857142857142857,-0.0009191176470588235,0.004136029411764706,0.09070208367488336,0.0024595055670873136,-0.0012297527835436568,0.004919011134174627,-0.0024595055670873136,0.007378516701261941,-0.0036892583506309704,0.009838022268349254,-0.004919011134174627,0.012297527835436568,-0.006148763917718284,0.014757033402523882,-0.007378516701261941,0.017216538969611197,-0.008608269484805598,0.01967604453669851,-0.009838022268349254
9443be5963e3866e,3c1c8b0c56,images/train/9443be5963e3866e.jpg,Boat,0.3134191176470588,0.5238970588235294,0.13419117647058823,0.01838235294117647,0.0024667495674740485,7.3,-0.00045955882352941176,0.0059742647058823525,0.12064325310827766,0.0011566143909337583,-0.005783071954668791,-0.00693968634560255,-0.0023132287818675165,-0.005783071954668791,-0.008096300736536308,-0.004626457563735033,-0.0138793726912051,-0.01272275830027134,-0.01966244464587389,-0.011566143909337582,-0.02544551660054268,-0.028915359773343956,-0.031228588555211472,-0.0277587453824102,-0.037011660509880265
9452b23daef9780f,6fde253657,images/train/9452b23daef9780f.jpg,USV,0.6794270833333333,0.5949074074074074,0.0578125,0.058333333333333334,0.003372395833333333,1.7619047619047619,0.00234375,-0.000462962962962963,0.054143355377210704,0.005231741690978361,0.0007473916701397659,-0.0014947833402795317,0.0014947833402795317,0.003736958350698829,0.0022421750104192977,-0.0029895666805590635,0.00896870004167719,-0.009716091711816956,0.01569522507293508,-0.004484350020838595,0.01644261674307485,-0.011210875052096487,0.017190008413214615,-0.01793740008335438,0.01793740008335438
951ebaf8b7f7866f,2b50dc5ca4,images/train/951ebaf8b7f7866f.jpg,USV,0.6169270833333333,0.4699074074074074,0.04010416666666667,0.04351851851851852,0.0017452739197530865,1.6382978723404256,-0.00078125,-0.001851851851851852,0.041557146290950635,-0.005194643286368829,0.004155714629095063,-0.0020778573145475315,0.008311429258190126,-0.00727250060091636,0.004155714629095063,-0.01246714388728519,0.0,-0.009350357915463892,0.004155714629095063,-0.01454500120183272,0.008311429258190126,-0.011428215230011423,0.004155714629095063,-0.016622858516380252,0.008311429258190126
956443fdc1ad0312,b6cf3a91b7,images/train/956443fdc1ad0312.jpg,Boat,0.36354166666666665,0.5459558823529411,0.07291666666666667,0.06801470588235294,0.004959405637254902,1.8918918918918919,-0.012239583333333333,0.0059742647058823525,0.23954993192269933,-0.000614044915540515,0.0018421347466215452,-0.00122808983108103,-0.006140449155405151,-0.0018421347466215452,-0.004298314408783605,-0.007368538986486181,-0.00245617966216206,-0.007982583902026696,-0.000614044915540515,-0.00859662881756721,-0.0036842694932430905,-0.009210673733107726,-0.006754494070945666,-0.014737077972972362,-0.00491235932432412
9574af2cb679afb7,3c1c8b0c56,images/train/9574af2cb679afb7.jpg,Boat,0.26378676470588236,0.3359375,0.11029411764705882,0.017463235294117647,0.0019260921280276817,6.315789473684211,0.008731617647058824,0.0013786764705882354,0.20142039479307075,-0.0039267553902346455,-0.0039267553902346455,-0.007853510780469291,0.0026178369268230967,-0.0013089184634115483,-0.0013089184634115483,0.005235673853646193,-0.005235673853646193,0.0013089184634115483,-0.009162429243880839,-0.0026178369268230967,-0.0026178369268230967,-0.006544592317057742,-0.006544592317057742,0.0,-0.010471347707292387
9579aca36b6d782f,4642ebc223,images/train/9579aca36b6d782f.jpg,USV,0.7291666666666666,0.47610294117647056,0.04479166666666667,0.03676470588235294,0.0016467524509803922,2.15,-0.00078125,-0.00045955882352941176,0.026958193300859606,0.0031968484662678446,-0.007459313087958304,0.006393696932535689,-0.006393696932535689,0.0010656161554226148,-0.005328080777113074,0.004262464621690459,-0.004262464621690459,0.007459313087958304,-0.011721777709648764,0.010656161554226148,-0.01918109079760707,0.02237793926387491,-0.018115474642184454,0.025574787730142757,-0.017049858486761837
95d08d82182263ad,96ae008b89,images/train/95d08d82182263ad.jpg,Boat,0.27682291666666664,0.39444444444444443,0.23802083333333332,0.11851851851851852,0.028209876543209878,3.5703125,0.009114583333333334,0.004166666666666667,0.074709960698498,-0.0028425598508640027,-0.002325730787070548,-0.007752435956901826,-0.0025841453189672753,-0.012662312062939649,-0.0028425598508640027,-0.015504871913803652,-0.0051682906379345505,-0.020414748019841476,-0.003359388914657458,-0.025324624125879297,-0.005685119701728005,-0.0281671839767433,-0.005943534233624734,-0.03307706008278112,-0.006201948765521461
9647caf0fce0dc6d,6fde253657,images/train/9647caf0fce0dc6d.jpg,USV,0.7052083333333333,0.7129629629629629,0.0375,0.044444444444444446,0.0016666666666666668,1.5,0.00078125,-0.000925925925925926,0.030665836341416133,-0.00318943976924893,0.0021262931794992865,-0.00637887953849786,-0.004252586358998573,-0.0010631465897496433,-0.010631465897496433,-0.004252586358998573,-0.008505172717997146,0.0010631465897496433,-0.014884052256495006,-0.0021262931794992865,-0.01275775907699572,0.00318943976924893,-0.027641811333490723,0.0,-0.034020690871988585
96d367b6549096c0,dd66390d74,images/train/96d367b6549096c0.jpg,Boat,0.36796875,0.5441176470588235,0.13802083333333334,0.07352941176470588,0.01014859068627451,3.3125,-0.004427083333333333,0.02665441176470588,0.20755199394050458,0.007297279959774104,0.006009524672755145,0.014594559919548208,0.0017170070493586127,0.02875986807675676,0.0008585035246793063,0.04635919033268254,-0.0034340140987172254,0.060524498489891096,-0.007726531722113757,0.0815578348445341,-0.01201904934551029,0.09572314300174266,-0.02317959516634127,0.11675647935638567,-0.03434014098717225
973dd2dc2e743558,ace8fc6a18,images/train/973dd2dc2e743558.jpg,Boat,0.15625,0.3102022058823529,0.11770833333333333,0.0744485294117647,0.00876321231617647,2.7901234567901234,-0.003125,0.0055147058823529415,0.06271472455890649,0.005543250876981162,0.0018477502923270538,0.011086501753962323,0.0036955005846541077,0.016629752630943483,0.0018477502923270538,0.022173003507924647,-0.0036955005846541077,0.027716254384905808,-0.0018477502923270538,0.03695500584654108,-0.0036955005846541077,0.04249825672352224,-0.0018477502923270538,0.0480415076005034,-0.0036955005846541077
978f33c07428324c,6fde253657,images/train/978f33c07428324c.jpg,USV,0.6604166666666667,0.5995370370370371,0.07604166666666666,0.075,0.005703125,1.8024691358024691,0.00390625,-0.0032407407407407406,0.07610730584094844,0.0005747263115294222,0.004023084180705955,0.0011494526230588443,0.0034483578691765332,0.006321989426823644,0.002873631557647111,0.0068967157383530665,0.0068967157383530665,0.007471442049882489,0.010919799919059022,0.00804616836141191,0.014942884099764978,0.004023084180705955,0.018965968280470934,0.004597810492235377,0.022989052461176888
98aaacf2add2b28d,3c1c8b0c56,images/train/98aaacf2add2b28d.jpg,Boat,0.20542279411764705,0.5193014705882353,0.14981617647058823,0.03125,0.004681755514705882,4.794117647058823,0.003676470588235294,0.0009191176470588235,0.05538487756217113,0.006716402948550974,-0.008395503685688718,0.006716402948550974,-0.016791007371377436,0.12761165602246852,-0.00503730221141323,0.18805928255942728,-0.013432805897101947,0.24179050614783507,-0.021828309582790667,0.261939714993488,-0.02350741031992841,0.2888053267876919,-0.025186511057066152,0.3089545356333448,-0.02014920884565292
997e0f0ffe7dc1e4,b6cf3a91b7,images/train/997e0f0ffe7dc1e4.jpg,Boat,0.35833333333333334,0.41130514705882354,0.11875,0.09834558823529412,0.011678538602941177,2.130841121495327,0.0036458333333333334,-0.006893382352941176,0.06568281237344711,0.0008002961003102736,-0.0004001480501551368,0.0016005922006205472,-0.0008002961003102736,0.0024008883009308205,-0.0012004441504654103,0.0032011844012410943,0.004801776601861641,-0.0024008883009308205,0.010803997354188693,-0.0016005922006205472,0.010403849304033557,-0.007202664902792462,0.01640607005636061,-0.006402368802482189,0.019207106407446564
99a77908076b2bf6,6fde253657,images/train/99a77908076b2bf6.jpg,USV,0.6877604166666667,0.7194444444444444,0.04739583333333333,0.05185185185185185,0.0024575617283950617,1.625,0.0013020833333333333,0.0032407407407407406,0.06025195659192667,-0.004377592302191607,-0.0061286292230682505,0.005253110762629929,-0.012257258446136501,0.0008755184604383215,0.0026265553813149644,-0.003502073841753286,-0.003502073841753286,0.0061286292230682505,-0.009630703064821536,0.001751036920876643,-0.008755184604383215,0.01138173998569818,-0.014883813827451466,0.007004147683506572,-0.021012443050519716
99b580f1c79ac4b2,c230f95bbd,images/train/99b580f1c79ac4b2.jpg,USV,0.3880208333333333,0.575925925925926,0.11979166666666667,0.09259259259259259,0.011091820987654322,2.3,-0.007552083333333333,0.004629629629629629,0.10113486475773434,-0.0012363383876171005,-0.0008242255917447337,-0.002472676775234201,0.0016484511834894673,-0.0070059175298302365,0.004121127958723669,-0.008242255917447337,0.0,-0.009478594305064437,0.002472676775234201,-0.010714932692681539,0.004945353550468402,-0.011951271080298639,0.0008242255917447337,-0.016484511834894675,0.0032969023669789346
9a80234d5fce6c32,4642ebc223,images/train/9a80234d5fce6c32.jpg,USV,0.6216145833333333,0.5202205882352942,0.043229166666666666,0.03860294117647059,0.0016687729779411764,1.9761904761904763,-0.0036458333333333334,0.0013786764705882354,0.12125041772319525,-0.0021171241278149042,0.005292810319537261,-0.0042342482556298085,0.010585620639074521,-0.006351372383444713,0.007409934447352165,-0.008468496511259617,0.0042342482556298085,-0.010585620639074521,0.009527058575167068,-0.012702744766889425,0.01481986889470433,-0.01481986889470433,0.02011267921424159,-0.016936993022519234,0.016936993022519234
9abef53333897b50,b0fe05f41b,images/train/9abef53333897b50.jpg,USV,0.34010416666666665,0.5395220588235294,0.06979166666666667,0.05698529411764706,0.003977098651960784,2.161290322580645,0.0026041666666666665,0.002297794117647059,0.06133053694266417,-0.0013713924970035919,-0.0034284812425089796,-0.0027427849940071837,0.0041141774910107756,-0.0041141774910107756,0.0006856962485017959,-0.005485569988014367,-0.0027427849940071837,-0.012342532473032327,-0.006171266236516163,-0.013713924970035919,-0.009599747479025143,-0.01508531746703951,-0.013028228721534123,-0.02194227995205747,-0.010971139976028735
9addd7c8d452f857,6fde253657,images/train/9addd7c8d452f857.jpg,USV,0.7325520833333333,0.5055555555555555,0.0484375,0.05555555555555555,0.002690972222222222,1.55,-0.0033854166666666668,-0.011111111111111112,0.1826968423392064,-0.009203554810341132,-0.013386988815041648,-0.011713615213161442,-0.02008048322256247,-0.01422367561598175,-0.03346747203760412,-0.01673373601880206,-0.04016096644512494,-0.01924379642162237,-0.04685446085264577,-0.0284473512319635,-0.060241449667687415,-0.03095741163478381,-0.07362843848272906,-0.03346747203760412,-0.08032193289024989
9b12a0fa93899d02,c230f95bbd,images/train/9b12a0fa93899d02.jpg,USV,0.4265625,0.5393518518518519,0.075,0.06759259259259259,0.005069444444444444,1.9726027397260273,0.004427083333333333,-0.006944444444444444,0.11056276411948668,-0.00060958930831318,-0.00548630377481862,-0.00121917861662636,-0.006095893083131801,0.0030479465415659004,-0.00670548239144498,0.00243835723325272,-0.0073150716997581605,0.0018287679249395401,-0.00792466100807134,0.00121917861662636,-0.008534250316384521,0.010363018241324061,-0.0091438396246977,0.00975342893301088,-0.00975342893301088
9b4d82ca45c03d96,b9351a7480,images/train/9b4d82ca45c03d96.jpg,Boat,0.3924479166666667,0.44537037037037036,0.07760416666666667,0.08888888888888889,0.006898148148148148,1.5520833333333333,-0.00078125,-0.0060185185185185185,0.05577649950554196,-0.002612890867541606,0.002612890867541606,-0.0010451563470166424,0.0010451563470166424,0.0005225781735083212,-0.0005225781735083212,-0.002090312694033285,-0.002090312694033285,0.003658047214558248,-0.003658047214558248,0.00940640712314978,-0.00940640712314978,0.015154767031741314,-0.015154767031741314,0.020903126940332847,-0.01672250155226628
9b6fb886a7770808,b6cf3a91b7,images/train/9b6fb886a7770808.jpg,Boat,0.5588541666666667,0.6672794117647058,0.29375,0.1323529411764706,0.038878676470588236,3.9166666666666665,0.0049479166666666664,-0.014246323529411764,0.06379181133237562,-0.000657931188333218,-0.001973793564999654,-0.001315862376666436,-0.0021931039611107267,-0.001973793564999654,-0.0024124143572217993,-0.002631724753332872,-0.002631724753332872,-0.006798622279443252,-0.0010965519805553633,-0.010965519805553632,-0.001315862376666436,-0.013377934162775431,-0.0015351727727775087,-0.019299314857774395,0.0
9c3261c4617aa2b5,3c1c8b0c56,images/train/9c3261c4617aa2b5.jpg,Boat,0.3079044117647059,0.484375,0.14154411764705882,0.01838235294117647,0.00260191392733564,7.7,0.02068014705882353,0.002297794117647059,0.40791678550422994,-0.05067773227662519,-0.005630859141847243,-0.10135546455325038,-0.011261718283694487,-0.15203319682987557,-0.01689257742554173,-0.20271092910650076,-0.022523436567388973,-0.25338866138312593,-0.028154295709236218,-0.30406639365975113,-0.03378515485108346,-0.36375350056333194,-0.030406639365975114,-0.41443123283995714,-0.036037498507822355
9cf68af7159a392c,c230f95bbd,images/train/9cf68af7159a392c.jpg,USV,0.41119791666666666,0.6087962962962963,0.09947916666666666,0.09722222222222222,0.009671585648148148,1.819047619047619,-0.0078125,-0.004629629629629629,0.11164998554411905,-0.0008826706376107255,0.004413353188053627,-0.001765341275221451,0.008826706376107255,0.0008826706376107255,0.013240059564160881,0.0,0.01765341275221451,-0.0008826706376107255,0.022066765940268136,0.001765341275221451,0.022949436577878863,0.0008826706376107255,0.02736278976593249,0.003530682550442902,0.03530682550442902
9e5351cebc275692,ace8fc6a18,images/train/9e5351cebc275692.jpg,Boat,0.30833333333333335,0.38924632352941174,0.0625,0.1056985294117647,0.006606158088235294,1.0434782608695652,0.0005208333333333333,0.004136029411764706,0.039240987149455966,-0.0010640706634484358,-0.0005320353317242179,-0.0021281413268968716,-0.005320353317242179,-0.00744849464413905,-0.005852388648966396,-0.01276884796138123,-0.006384423980690615,-0.013832918624829665,-0.0069164593124148325,-0.019153271942071844,-0.011704777297932793,-0.024473625259314024,-0.012236812629657012,-0.02553769592276246,-0.017025130615174973
9e7eeb8ee454b304,b0fe05f41b,images/train/9e7eeb8ee454b304.jpg,USV,0.5296875,0.4338235294117647,0.0625,0.06066176470588235,0.003791360294117647,1.8181818181818181,0.004166666666666667,0.0,0.08989331499509895,0.0,0.011236664374387369,0.011236664374387369,0.011236664374387369,0.011236664374387369,0.011236664374387369,0.016854996561581053,0.011236664374387369,0.016854996561581053,0.011236664374387369,0.016854996561581053,0.011236664374387369,0.022473328748774737,0.011236664374387369,0.022473328748774737,0.016854996561581053
9f1cb49989c21740,3c1c8b0c56,images/train/9f1cb49989c21740.jpg,Boat,0.34099264705882354,0.35018382352941174,0.11029411764705882,0.016544117647058824,0.0018247188581314879,6.666666666666667,0.008731617647058824,0.002297794117647059,0.21136680421940887,0.006723929420498988,0.004034357652299393,-0.008068715304598786,0.008068715304598786,-0.012103072956898178,0.012103072956898178,-0.016137430609197572,0.00537914353639919,-0.020171788261496962,0.009413501188698582,-0.024206145913796356,0.013447858840997976,-0.02824050356609575,0.006723929420498988,-0.032274861218395144,0.01075828707279838
9f2ef7f139adab79,b6cf3a91b7,images/train/9f2ef7f139adab79.jpg,Boat,0.6197916666666666,0.6029411764705882,0.2635416666666667,0.13419117647058823,0.035364966299019605,3.4657534246575343,0.004427083333333333,-0.006893382352941176,0.04170612855083003,0.0016096311611540199,-0.002069525778626597,-0.0004598946174725771,-0.0022994730873628854,-0.0006898419262088656,-0.004368998865989482,-0.0009197892349451542,-0.004598946174725771,0.0006898419262088656,-0.004828893483462059,-0.0032192623223080397,-0.0032192623223080397,-0.01080752351060556,-0.0034492096310443283,-0.016556206229012774,-0.003679156939780617
9fb6e2b3ca62b93e,b0fe05f41b,images/train/9fb6e2b3ca62b93e.jpg,USV,0.4200520833333333,0.4407169117647059,0.07760416666666667,0.0744485294117647,0.005777516084558823,1.8395061728395061,0.0005208333333333333,-0.0059742647058823525,0.05986285317143823,-0.0011378221118320006,0.002844555279580002,-0.020480798012976014,0.005689110559160004,-0.01706733167748001,0.013084954286068007,-0.013653865341984008,0.011378221118320007,-0.005689110559160004,0.018774064845228013,-0.006826932670992004,0.01706733167748001,0.0011378221118320006,0.010809310062404006,0.01820515378931201,0.027307730683968016
9fef535c2879adce,b0fe05f41b,images/train/9fef535c2879adce.jpg,USV,0.2755208333333333,0.47702205882352944,0.06875,0.058823529411764705,0.004044117647058824,2.0625,-0.004166666666666667,0.0027573529411764708,0.09295750902884868,0.0,0.0013599816871538895,0.0,0.008159890122923336,0.005439926748615558,0.014959798558692783,0.010879853497231116,0.016319780245846672,0.010879853497231116,0.01767976193300056,0.016319780245846672,0.02447967036877001,0.016319780245846672,0.03127957880453946,0.02175970699446223,0.0380794872403089
a020d4d110e46b94,dd66390d74,images/train/a020d4d110e46b94.jpg,Boat,0.453125,0.3694852941176471,0.11458333333333333,0.07352941176470588,0.008425245098039215,2.75,0.0026041666666666665,-0.0009191176470588235,0.03843530573929036,-0.0009422229518055112,-0.0028266688554165337,-0.005653337710833067,0.0018844459036110224,-0.0028266688554165337,0.006595560662638579,-0.0075377836144440895,0.0075377836144440895,-0.004711114759027556,0.012248898373471645,-0.0018844459036110224,0.013191121325277158,-0.006595560662638579,0.014133344277082668,-0.0037688918072220448,0.02261335084333227
a0a6a88b8695157c,1d2277871a,images/train/a0a6a88b8695157c.jpg,USV,0.46171875,0.35,0.0390625,0.03333333333333333,0.0013020833333333333,2.0833333333333335,0.004427083333333333,-0.000925925925925926,0.16471074533748437,-0.0012028130608117203,0.0024056261216234406,-0.0024056261216234406,0.004811252243246881,0.015636569790552363,0.007216878364870322,-0.004811252243246881,0.009622504486493762,-0.006014065304058602,0.0024056261216234406,-0.007216878364870322,0.004811252243246881,-0.008419691425682042,0.007216878364870322,-0.009622504486493762,0.009622504486493762
a1e62bb0e7e29db1,f91b246954,images/train/a1e62bb0e7e29db1.jpg,USV,0.22578125,0.475,0.07760416666666667,0.07407407407407407,0.005748456790123457,1.8625,-0.005729166666666666,0.001851851851851852,0.10240399006488006,0.0034347342442842734,0.002289822829522849,0.006869468488568547,0.004579645659045698,0.01030420273285282,0.006869468488568547,0.013738936977137094,0.009159291318091395,0.01259402556237567,0.011449114147614245,0.016028759806659944,0.01831858263618279,0.014883848391898519,0.016028759806659944,0.01831858263618279,0.01831858263618279
a24dea57fef5865f,b9351a7480,images/train/a24dea57fef5865f.jpg,Boat,0.40182291666666664,0.4601851851851852,0.08802083333333334,0.08148148148148149,0.007172067901234568,1.9204545454545454,0.0033854166666666668,-0.007407407407407408,0.0845239493261089,-0.0025625086100433945,0.0,-0.005125017220086789,0.0,-0.007687525830130184,0.008200027552138863,-0.01435004821624301,0.008200027552138863,-0.016912556826286406,0.008200027552138863,-0.0194750654363298,0.012300041328208295,-0.026137587822442625,0.016400055104277726,-0.02870009643248602,0.016400055104277726
a306dc93c05f06f0,3c1c8b0c56,images/train/a306dc93c05f06f0.jpg,Boat,0.37775735294117646,0.6130514705882353,0.1213235294117647,0.029411764705882353,0.003568339100346021,4.125,-0.0013786764705882354,-0.003216911764705882,0.05858980416006825,-0.004808261366380184,0.0067315659129322586,-0.017309740918968666,-0.0019233045465520738,-0.014424784099140553,0.004808261366380184,-0.019233045465520737,0.011539827279312444,-0.02404130683190092,0.002884956819828111,-0.028849568198281106,0.009616522732760369,-0.03365782956466129,0.0009616522732760369,-0.038466090931041474,0.007693218186208295
a30a84de4de6d60c,b0fe05f41b,images/train/a30a84de4de6d60c.jpg,USV,0.4270833333333333,0.4485294117647059,0.07604166666666666,0.07169117647058823,0.005451516544117647,1.8717948717948718,0.0046875,0.007352941176470588,0.11283927104011915,-0.0011713489262341148,0.0,-0.0023426978524682296,0.0,0.0011713489262341148,0.004685395704936459,0.0,0.004685395704936459,-0.0011713489262341148,0.004685395704936459,0.011713489262341148,0.009370791409872918,0.02459832745091641,0.014056187114809379,0.037483165639491674,0.018741582819745837
a30de5dad960bd66,b0fe05f41b,images/train/a30de5dad960bd66.jpg,USV,0.521875,0.45955882352941174,0.065625,0.06066176470588235,0.003980928308823529,1.9090909090909092,-0.018489583333333334,-0.016544117647058824,0.4364702200680512,0.015763426025077798,0.0027414653956657044,0.031526852050155596,-0.005482930791331409,0.058256139657896215,-0.0027414653956657044,0.07401956568297402,-0.010965861582662818,0.08978299170805182,-0.008224396186997112,0.11102934852446103,-0.005482930791331409,0.14324156692353304,-0.0027414653956657044,0.17545378532260508,0.010965861582662818
a365fe9a68094dee,3c1c8b0c56,images/train/a365fe9a68094dee.jpg,Boat,0.2881433823529412,0.5294117647058824,0.11488970588235294,0.022058823529411766,0.002534331747404844,5.208333333333333,-0.003676470588235294,-0.0009191176470588235,0.0752772652709081,-0.009128709291752768,-0.015975241260567343,-0.009128709291752768,-0.013693063937629152,-0.009128709291752768,-0.01141088661469096,-0.018257418583505537,-0.009128709291752768,-0.009128709291752768,-0.025103950552320113,-0.009128709291752768,-0.02282177322938192,-0.009128709291752768,-0.02053959590644373,0.0,-0.018257418583505537
a3af9d61b1f78e30,b9351a7480,images/train/a3af9d61b1f78e30.jpg,Boat,0.40390625,0.5657407407407408,0.0765625,0.09814814814814815,0.0075144675925925926,1.3867924528301887,-0.005208333333333333,0.006944444444444444,0.10013788465929363,0.0020027576931858724,-0.007510341349447022,-0.004005515386371745,-0.015020682698894044,-0.0020027576931858724,-0.022531024048341064,-0.004005515386371745,-0.030041365397788088,-0.006008273079557617,-0.03354619136086336,-0.004005515386371745,-0.04105653271031039,-0.006008273079557617,-0.04856687405975741,-0.004005515386371745,-0.05607721540920443
a3c7287ed3d1d28a,96ae008b89,images/train/a3c7287ed3d1d28a.jpg,Boat,0.16223958333333333,0.45416666666666666,0.0484375,0.0787037037037037,0.0038122106481481483,1.0941176470588236,0.0010416666666666667,-0.007407407407407408,0.09274777915203365,0.008435490220263846,0.0,0.01687098044052769,0.0,0.025306470660791537,0.0,0.03374196088105538,0.0,0.03655379095447667,0.0,0.039365621027897944,0.0,0.04780111124816179,0.0,0.056236601468425636,0.0
a3c740b92313513c,b9351a7480,images/train/a3c740b92313513c.jpg,Boat,0.40390625,0.5319444444444444,0.08177083333333333,0.10648148148148148,0.008707079475308643,1.3652173913043477,0.004427083333333333,0.0060185185185185185,0.07963500230302516,-0.00046513741072474335,-0.006046786339421664,-0.0009302748214494867,-0.004651374107247434,-0.00139541223217423,-0.0032559618750732035,-0.009302748214494868,-0.0018605496428989734,-0.013488984911017557,-0.00046513741072474335,-0.01767522160754025,0.0009302748214494867,-0.02186145830406294,0.002325687053623717,-0.026047695000585628,0.003721099285797947
a48746826f1ecb2e,c230f95bbd,images/train/a48746826f1ecb2e.jpg,USV,0.33645833333333336,0.5680555555555555,0.08854166666666667,0.07314814814814814,0.006476658950617284,2.151898734177215,0.010416666666666666,0.012962962962962963,0.21066147638371566,0.0,0.0021572575734650984,-0.004314515146930197,0.004314515146930197,-0.008629030293860394,0.006471772720395295,-0.008629030293860394,0.008629030293860394,-0.021572575734650982,0.0021572575734650984,-0.02588709088158118,0.004314515146930197,-0.03883063632237177,-0.0021572575734650984,-0.04745966661623217,0.0
a492afe5e5f0108b,b0fe05f41b,images/train/a492afe5e5f0108b.jpg,USV,0.23229166666666667,0.4806985294117647,0.08645833333333333,0.08272058823529412,0.00715188419117647,1.8444444444444446,-0.005729166666666666,0.00045955882352941176,0.09008771569648648,0.0030680043354613497,-0.0005113340559102249,0.006136008670922699,-0.0010226681118204498,0.013294685453665848,-0.0015340021677306749,0.016362689789127197,-0.0020453362236408997,0.01943069412458855,0.0015340021677306749,0.030680043354613495,0.00511334055910225,0.041929392584638445,0.008692678950473823,0.053178741814663394,0.016362689789127197
a4e21f677556485d,ace8fc6a18,images/train/a4e21f677556485d.jpg,Boat,0.23958333333333334,0.35018382352941174,0.065625,0.1213235294117647,0.007961856617647058,0.9545454545454546,-0.0020833333333333333,0.0013786764705882354,0.03312525241084733,0.0,-0.0014538815787476106,0.0,-0.002907763157495221,0.0,-0.004361644736242832,0.0,-0.005815526314990442,0.0,-0.0072694078937380535,0.0,-0.008723289472485664,0.0,-0.010177171051233275,0.0,-0.011631052629980885
a4fbb9481a67e8b0,b6cf3a91b7,images/train/a4fbb9481a67e8b0.jpg,Boat,0.49114583333333334,0.6135110294117647,0.184375,0.09099264705882353,0.01677676930147059,3.5757575757575757,-0.0036458333333333334,0.009191176470588236,0.06520395002615045,0.002003143395200654,0.0013354289301337693,0.004006286790401308,0.0026708578602675386,0.0033385723253344236,-0.0013354289301337693,0.005341715720535077,-0.0026708578602675386,0.007344859115735731,-0.004006286790401308,0.009348002510936386,-0.005341715720535077,0.0086802880458695,-0.009348002510936386,0.010683431441070155,-0.010683431441070155
a5025426035a7227,6fde253657,images/train/a5025426035a7227.jpg,USV,0.70703125,0.7064814814814815,0.0390625,0.044444444444444446,0.001736111111111111,1.5625,-0.00234375,0.005555555555555556,0.125,0.009375,-0.004166666666666667,0.010416666666666666,-0.008333333333333333,0.011458333333333333,-0.004166666666666667,0.0125,-0.008333333333333333,0.013541666666666667,-0.0125,0.022916666666666665,-0.008333333333333333,0.015625,-0.0125,0.025,-0.016666666666666666
a5230f678e3b468a,6fde253657,images/train/a5230f678e3b468a.jpg,USV,0.7122395833333334,0.7111111111111111,0.0421875,0.046296296296296294,0.001953125,1.62,0.0005208333333333333,-0.01990740740740741,0.33820513900498717,-0.0019641855032959655,-0.004910463758239913,-0.003928371006591931,-0.009820927516479826,0.009820927516479826,0.0009820927516479827,0.007856742013183862,0.011785113019775792,0.005892556509887896,0.0225881332879036,0.003928371006591931,0.04910463758239913,0.017677669529663688,0.05205091583734308,0.015713484026367724,0.0628539361054709
a54818ed821de6ea,b9351a7480,images/train/a54818ed821de6ea.jpg,Boat,0.5111979166666667,0.5282407407407408,0.27447916666666666,0.13425925925925927,0.036851369598765435,3.6344827586206896,-0.0067708333333333336,0.02175925925925926,0.09715241581914559,-0.001356569220396975,0.0002260948700661625,-0.00271313844079395,-0.001356569220396975,-0.004069707661190925,-0.0029392333108601123,-0.0054262768815879,-0.00271313844079395,-0.006782846101984875,-0.0024870435707277875,-0.00994817428291115,-0.004069707661190925,-0.011304743503308125,-0.003843612791124762,-0.0126613127237051,-0.0036175179210586
a557d3eb67f8e955,b9351a7480,images/train/a557d3eb67f8e955.jpg,Boat,0.55,0.687962962962963,0.290625,0.13333333333333333,0.03875,3.875,0.009635416666666667,-0.007407407407407408,0.07110470541265178,-0.0011024316579877648,-0.0035277813055608473,-0.003968753968755953,-0.005291671958341271,-0.0068350762795241415,-0.008819453263902119,-0.007937507937511907,-0.012347234569462965,-0.010803830248280095,-0.014111125222243389,-0.011906261906267859,-0.015875015875023813,-0.014772584217036047,-0.017638906527804237,-0.015875015875023813,-0.021166687833365085
a579ee70466fc322,b6cf3a91b7,images/train/a579ee70466fc322.jpg,Boat,0.37161458333333336,0.4338235294117647,0.09739583333333333,0.11029411764705882,0.0107421875,1.5583333333333333,-0.00026041666666666666,-0.0234375,0.17025984126398414,0.0004172233358082443,0.00792724338035664,0.0008344466716164886,0.01251670007424733,0.00792724338035664,0.007092796708740153,0.005006680029698931,0.015020040089096794,0.00876169005197313,0.01960949678298748,0.01251670007424733,0.027536740163344123,0.012933923410055573,0.03546398354370076,0.020026720118795725,0.043391226924057405
a5a7f20613aa47cc,c230f95bbd,images/train/a5a7f20613aa47cc.jpg,USV,0.4513020833333333,0.5212962962962963,0.1109375,0.09259259259259259,0.010271990740740741,2.13,0.0015625,0.000925925925925926,0.021667569500871973,0.0008564858872844145,-0.0008564858872844145,-0.001712971774568829,-0.001712971774568829,-0.004282429436422073,-0.0025694576618532435,-0.006851887098275316,-0.006851887098275316,-0.005995401210990902,-0.007708372985559731,-0.008564858872844146,-0.008564858872844146,-0.011134316534697389,-0.009421344760128559,-0.010277830647412974,-0.013703774196550632
a5b8d040c4b5e58b,72d433a56e,images/train/a5b8d040c4b5e58b.jpg,Boat,0.43125,0.21599264705882354,0.14166666666666666,0.06985294117647059,0.009895833333333333,3.5789473684210527,0.00625,-0.004595588235294118,0.0904174186621318,0.0,-0.002608194769099956,0.0,-0.0017387965127333039,0.0034775930254666077,-0.0043469912818332596,0.010432779076399824,-0.0034775930254666077,0.013910372101866431,-0.006085787794566563,0.017387965127333038,-0.005216389538199912,0.020865558152799647,-0.0043469912818332596,0.027820744203732862,-0.0069551860509332155
a5b9d2269204ee48,f21beac8ce,images/train/a5b9d2269204ee48.jpg,USV,0.5065104166666666,0.4740740740740741,0.059895833333333336,0.06296296296296296,0.0037712191358024692,1.6911764705882353,-0.00234375,-0.000925925925925926,0.052128603514268686,0.0007067676141123447,0.007067676141123447,0.0014135352282246894,0.008481211369348136,0.002120302842337034,0.009894746597572826,0.002827070456449379,0.011308281825797515,0.0035338380705617236,0.012721817054022205,0.004240605684674068,0.01978949319514565,0.004947373298786413,0.02120302842337034,0.005654140912898758,0.02261656365159503
a5eb6efc3b306496,b6cf3a91b7,images/train/a5eb6efc3b306496.jpg,Boat,0.31536458333333334,0.6204044117647058,0.09114583333333333,0.07720588235294118,0.007036994485294118,2.0833333333333335,-0.007552083333333333,0.014246323529411764,0.17506072804430284,0.002577456558882258,0.0005154913117764516,0.005154913117764516,0.0010309826235529033,0.007732369676646774,0.0056704044295409674,0.014433756729740645,0.006185895741317419,0.021135143782834515,0.006701387053093871,0.027836530835928387,0.007216878364870323,0.030413987394810646,0.007732369676646774,0.03711537444790452,0.008247860988423226
a5f7625d8f846f0f,f21beac8ce,images/train/a5f7625d8f846f0f.jpg,USV,0.30885416666666665,0.6407407407407407,0.20208333333333334,0.22592592592592592,0.045655864197530864,1.5901639344262295,-0.013541666666666667,0.018055555555555554,0.10562642596637589,0.0073125987207491,-0.006296960009533947,0.01787524131738669,-0.012593920019067895,0.026812861976080033,-0.017265858090657598,0.03575048263477338,-0.023562818100191545,0.04631312523141097,-0.029859778109725493,0.055250745890104314,-0.036156738119259436,0.06743841042468615,-0.04732876394262612,0.07800105302132374,-0.056875767828048554
a63ddfb38f4cb1c4,b9351a7480,images/train/a63ddfb38f4cb1c4.jpg,Boat,0.5252604166666667,0.4777777777777778,0.14635416666666667,0.07592592592592592,0.01111207561728395,3.426829268292683,-0.0013020833333333333,0.009722222222222222,0.0711054479175,0.0020586851676229366,-0.0020586851676229366,0.004117370335245873,-0.004117370335245873,0.002882159234672111,-0.002882159234672111,0.008234740670491746,-0.0016469481340983493,0.006999529569917984,-0.003705633301721286,0.009058214737540921,-0.005764318469344222,0.011116899905163858,-0.00782300363696716,0.013175585072786794,-0.013175585072786794
a7799cd9ded1154a,b6cf3a91b7,images/train/a7799cd9ded1154a.jpg,Boat,0.4859375,0.6263786764705882,0.18020833333333333,0.09099264705882353,0.016397633272058825,3.494949494949495,-0.0026041666666666665,0.0055147058823529415,0.04219969098870563,0.0006753895960407769,0.0013507791920815539,-0.0013507791920815539,0.0027015583841631077,-0.0006753895960407769,0.0013507791920815539,-0.0027015583841631077,0.0,-0.002026168788122331,-0.0013507791920815539,-0.004052337576244662,0.0,-0.006078506364366992,-0.004052337576244662,-0.010806233536652431,-0.0027015583841631077
a7bff9f0aa830a2b,c230f95bbd,images/train/a7bff9f0aa830a2b.jpg,USV,0.3927083333333333,0.5439814814814815,0.134375,0.10092592592592593,0.013561921296296296,2.36697247706422,-0.0067708333333333336,-0.004166666666666667,0.08203418015440277,0.003726978739999991,-0.002608885117999994,0.007453957479999982,-0.005217770235999988,0.005217770235999988,-0.007826655353999982,0.00894474897599998,-0.010435540471999976,0.009690144723999978,-0.01304442558999997,0.013417123463999968,-0.015653310707999964,0.014162519211999966,-0.018262195825999958,0.014907914959999964,-0.01788949795199996
a7eb025d328d8d63,b9351a7480,images/train/a7eb025d328d8d63.jpg,Boat,0.48489583333333336,0.4726851851851852,0.03333333333333333,0.01574074074074074,0.0005246913580246914,3.764705882352941,0.0015625,-0.000462962962962963,0.09220541326459156,-0.011368857423578108,0.0018948095705963513,-0.022737714847156216,0.0037896191411927026,-0.0037896191411927026,0.005684428711789054,-0.01515847656477081,-0.007579238282385405,0.0037896191411927026,-0.005684428711789054,-0.007579238282385405,-0.0037896191411927026,-0.0037896191411927026,-0.0018948095705963513,0.0,0.0
a81742dfeab01b87,1d2277871a,images/train/a81742dfeab01b87.jpg,USV,0.45286458333333335,0.46064814814814814,0.027604166666666666,0.025,0.0006901041666666667,1.962962962962963,-0.00078125,0.0032407407407407406,0.10066168230124947,-0.008260954017897334,-0.011565335625056268,-0.0033043816071589337,0.0033043816071589337,-0.024782862053692,-0.008260954017897334,-0.033043816071589335,-0.0198262896429536,-0.04130477008948667,-0.018174098839374136,-0.049565724107384,-0.016521908035794668,-0.0446091516966456,-0.028087243660850938,-0.06608763214317867,-0.0396525792859072
a8cf4523e173d602,1d2277871a,images/train/a8cf4523e173d602.jpg,USV,0.22135416666666666,0.4361111111111111,0.059375,0.05185185185185185,0.0030787037037037037,2.0357142857142856,-0.003125,0.003703703703703704,0.09025166706782375,-0.003128913589510993,0.0,-0.006257827179021986,-0.006257827179021986,-0.00938674076853298,-0.012515654358043972,-0.006257827179021986,-0.01877348153706596,-0.015644567947554967,-0.025031308716087945,-0.01877348153706596,-0.025031308716087945,-0.021902395126576952,-0.03128913589510993,-0.025031308716087945,-0.043804790253153904
a9188c56130ca554,ace8fc6a18,images/train/a9188c56130ca554.jpg,Boat,0.25234375,0.4834558823529412,0.05572916666666667,0.0625,0.003483072916666667,1.5735294117647058,0.0390625,0.015625,0.9015593357310822,0.03663563103376876,-0.0014654252413507504,0.07327126206753752,-0.0029308504827015008,0.10990689310130629,-0.010257976689455254,0.14654252413507504,-0.017585102896209005,0.1655930522726348,-0.013188827172156754,0.18464358041019455,-0.02637765434431351,0.1861090056515453,-0.02784307958566426,0.16998932799668706,-0.03517020579241801
a956cba73e729a58,b9351a7480,images/train/a956cba73e729a58.jpg,Boat,0.37421875,0.5976851851851852,0.09322916666666667,0.0787037037037037,0.007337480709876543,2.1058823529411765,-0.0015625,-0.006944444444444444,0.06548687696691645,-0.0010133839803775448,-0.012667299754719311,0.0020267679607550897,-0.021281063587928445,0.005066919901887725,-0.03394836334264775,0.004053535921510179,-0.04256212717585689,0.007093687862642814,-0.05928296285208638,0.01013383980377545,-0.0678967266852955,0.013173991744908084,-0.084617562361525,0.016214143686040718,-0.10539193395926467
a99144dc1d28d33e,96ae008b89,images/train/a99144dc1d28d33e.jpg,Boat,0.21432291666666667,0.42268518518518516,0.13072916666666667,0.09537037037037037,0.012467689043209877,2.436893203883495,0.0046875,0.000925925925925926,0.05631854848806268,0.002332253720946376,-0.0007774179069821253,0.0015548358139642507,-0.0015548358139642507,0.0038870895349106265,-0.002332253720946376,0.0031096716279285013,-0.0031096716279285013,0.005441925348874877,-0.0038870895349106265,0.007774179069821253,-0.004664507441892752,0.006996761162839128,-0.005441925348874877,0.009329014883785503,-0.006219343255857003
a9a55fc4d080b5c2,c230f95bbd,images/train/a9a55fc4d080b5c2.jpg,USV,0.43697916666666664,0.6462962962962963,0.103125,0.09814814814814815,0.010121527777777778,1.8679245283018868,-0.0036458333333333334,-0.008333333333333333,0.07870206876555337,-0.0008628285068360232,0.0008628285068360232,-0.0017256570136720464,0.0017256570136720464,-0.0025884855205080695,-0.004314142534180116,-0.0069026280546881855,-0.010353942082032278,-0.007765456561524209,-0.012942427602540349,-0.008628285068360232,-0.015530913123048417,-0.012942427602540349,-0.02157071267090058,-0.017256570136720464,-0.02415919819140865
aa12a49a258eac01,b0fe05f41b,images/train/aa12a49a258eac01.jpg,USV,0.6354166666666666,0.5707720588235294,0.065625,0.0661764705882353,0.004342830882352941,1.75,0.020572916666666666,0.0027573529411764708,0.4159053892040345,-0.004593318248376025,0.006561883211965751,-0.0039371299271794506,0.0026247532847863,-0.024278967884273278,0.0039371299271794506,-0.0446208058413671,0.0104990131391452,-0.06496264379846092,0.01181138978153835,-0.06430645547726435,0.0183732729935041,-0.07414928029521298,0.014436143066324651,-0.0839921051131616,0.015748519708717802
aa39f28a82409201,f126b8aae2,images/train/aa39f28a82409201.jpg,USV,0.6026041666666667,0.5523148148148148,0.07604166666666666,0.06944444444444445,0.005280671296296296,1.9466666666666668,-0.00390625,0.002777777777777778,0.07719393829562682,-0.005375457928884337,0.0011945462064187414,-0.005972731032093707,0.0023890924128374827,-0.011348188960978044,-0.0011945462064187414,-0.011945462064187415,0.0,-0.01732091999307175,0.0011945462064187414,-0.01791819309628112,-0.0023890924128374827,-0.01851546619949049,-0.0011945462064187414,-0.02389092412837483,0.0
aa99c6090cf7215b,b9351a7480,images/train/aa99c6090cf7215b.jpg,Boat,0.48411458333333335,0.6287037037037037,0.1796875,0.09259259259259259,0.016637731481481483,3.45,-0.0033854166666666668,0.004166666666666667,0.04256282653793743,0.001682443443931767,-0.00033648868878635344,0.0006729773775727069,0.0020189321327181205,-0.003028398199077181,-0.0010094660663590603,-0.004037864265436241,-0.004037864265436241,-0.0077392398420861284,-0.004374352954222595,-0.00874870590844519,-0.004710841643008948,-0.009758171974804249,-0.0077392398420861284,-0.01076763804116331,-0.01076763804116331
aadda607c80806ab,1d2277871a,images/train/aadda607c80806ab.jpg,USV,0.31744791666666666,0.3314814814814815,0.0484375,0.05185185185185185,0.002511574074074074,1.6607142857142858,-0.002864583333333333,0.0023148148148148147,0.08371647711595732,-0.004330265589638229,-0.004330265589638229,-0.0017321062358552914,-0.008660531179276457,-0.00606237182549352,-0.00606237182549352,-0.010392637415131748,-0.010392637415131748,-0.0008660531179276457,-0.007794478061348811,-0.005196318707565874,-0.01212474365098704,-0.009526584297204103,-0.009526584297204103,-0.006928424943421166,-0.013856849886842331
ab66de592cee8968,2b50dc5ca4,images/train/ab66de592cee8968.jpg,USV,0.25026041666666665,0.5439814814814815,0.0765625,0.05648148148148148,0.004324363425925926,2.4098360655737703,-0.0033854166666666668,-0.001388888888888889,0.07044601332951729,-0.0019800569757711774,-0.003300094959618629,0.0013200379838474515,-0.006600189919237258,0.00462013294346608,-0.00462013294346608,0.002640075967694903,-0.002640075967694903,0.03234093060426256,-0.011220322862703339,0.062041785240830226,-0.014520417822321966,0.09174263987739788,-0.01254036084655079,0.12144349451396555,-0.01584045580616942
ab6ff6b2acad7a99,c230f95bbd,images/train/ab6ff6b2acad7a99.jpg,USV,0.4015625,0.5671296296296297,0.121875,0.09351851851851851,0.011397569444444445,2.3168316831683167,-0.004427083333333333,0.004166666666666667,0.06256079382292007,-0.0028458332009149755,-0.0004065476001307108,0.0008130952002614216,-0.0008130952002614216,-0.00528511880169924,0.002032738000653554,-0.004878571201568529,-0.0016261904005228432,-0.010976785203529191,0.0012196428003921323,-0.013822618404444167,-0.0024392856007842646,-0.016668451605359142,0.0004065476001307108,-0.019514284806274117,0.0
abbed50e7223daba,b6cf3a91b7,images/train/abbed50e7223daba.jpg,Boat,0.24739583333333334,0.7247242647058824,0.13020833333333334,0.09466911764705882,0.012326708026960785,2.4271844660194173,-0.00234375,0.0009191176470588235,0.028727038107793187,0.00038948559553109743,-0.0007789711910621949,-0.0023369135731865845,-0.0015579423821243897,-0.005063312741904267,-0.0023369135731865845,-0.007789711910621949,-0.0031158847642487795,-0.007400226315090851,-0.0038948559553109744,-0.010126625483808533,-0.004673827146373169,-0.012853024652526215,-0.0023369135731865845,-0.012463539056995118,0.0
abe3b8ed26487db4,2b50dc5ca4,images/train/abe3b8ed26487db4.jpg,USV,0.41354166666666664,0.5300925925925926,0.059375,0.04722222222222222,0.0028038194444444443,2.235294117647059,0.0036458333333333334,-0.000925925925925926,0.09273581401244288,-0.011475471515734243,-0.004918059221028961,-0.009836118442057923,-0.009836118442057923,-0.014754177663086883,-0.008196765368381601,-0.013114824589410563,-0.006557412294705281,-0.018032883810439524,-0.004918059221028961,-0.022950943031468485,-0.0032787061473526407,-0.021311589957792164,-0.008196765368381601,-0.026229649178821125,-0.006557412294705281
ac16cafa17d3e6d9,b6cf3a91b7,images/train/ac16cafa17d3e6d9.jpg,Boat,0.3953125,0.5482536764705882,0.140625,0.09283088235294118,0.013054342830882353,2.6732673267326734,-0.008333333333333333,-0.03676470588235294,0.26088338265835953,-0.0030278017479698316,0.0,0.0,0.0,0.0,0.0,-0.0030278017479698316,0.0,-0.0030278017479698316,0.0,-0.006055603495939663,0.0030278017479698316,-0.009083405243909494,0.0030278017479698316,-0.009083405243909494,0.009083405243909494
ac4d7b5ac87d5cbd,b6cf3a91b7,images/train/ac4d7b5ac87d5cbd.jpg,Boat,0.33697916666666666,0.4797794117647059,0.121875,0.09558823529411764,0.011649816176470588,2.25,-0.0036458333333333334,-0.003216911764705882,0.0501681918028799,-0.0008012820512820513,-0.00040064102564102563,-0.0016025641025641025,-0.004006410256410256,-0.002403846153846154,-0.007612179487179487,0.003205128205128205,-0.008012820512820512,0.002403846153846154,-0.008413461538461538,0.004807692307692308,-0.01201923076923077,0.004006410256410256,-0.015625,0.009615384615384616,-0.019230769230769232
ac5db896c70bdfa4,b9351a7480,images/train/ac5db896c70bdfa4.jpg,Boat,0.6158854166666666,0.27685185185185185,0.07239583333333334,0.1388888888888889,0.010054976851851851,0.9266666666666666,0.004427083333333333,-0.05092592592592592,0.3854207579664889,0.003029877204656941,0.002597037603991664,0.006059754409313882,0.005194075207983328,0.005626914808648605,0.007791112811974991,0.008656792013305546,0.010388150415966656,0.001298518801995832,0.026836055241247193,-0.0095224712146361,0.04674667687184995,-0.016880744425945813,0.06319458169713048,-0.024239017637255528,0.08310520332773325
ac66f3191f108448,1cec08390c,images/train/ac66f3191f108448.jpg,Boat,0.3723958333333333,0.4866727941176471,0.029166666666666667,0.015625,0.0004557291666666667,3.2941176470588234,0.00625,0.0009191176470588235,0.39027032217393615,-0.01620509308880411,-0.0040512732722010275,-0.01620509308880411,-0.008102546544402055,-0.01620509308880411,-0.012153819816603083,-0.01620509308880411,0.0,-0.01620509308880411,-0.0040512732722010275,-0.03241018617760822,-0.024307639633206167,-0.6968190028185768,-0.060769099083015414,-1.053331050772267,-0.09723055853282467
ac8a5979c99fa734,b9351a7480,images/train/ac8a5979c99fa734.jpg,Boat,0.37213541666666666,0.425,0.09739583333333333,0.1111111111111111,0.010821759259259258,1.5583333333333333,0.0005208333333333333,-0.020370370370370372,0.1470142534954954,0.0025033400148494656,0.005006680029698931,0.005006680029698931,0.006675573372931909,0.004172233358082443,0.01168225340263084,0.0033377866864659545,0.013351146745863818,0.009178913387781375,0.015020040089096794,0.008344466716164886,0.020026720118795725,0.010847806731014351,0.02503340014849466,0.010013360059397862,0.0367156535511255
ad5184d274d07e00,b0fe05f41b,images/train/ad5184d274d07e00.jpg,USV,0.3375,0.484375,0.06458333333333334,0.05514705882352941,0.003561580882352941,2.066666666666667,0.010416666666666666,-0.007352941176470588,0.24973103811470745,-0.005796736197002104,-0.011593472394004208,-0.011593472394004208,-0.011593472394004208,-0.01739020859100631,-0.011593472394004208,-0.023186944788008416,-0.011593472394004208,-0.02898368098501052,-0.011593472394004208,-0.03478041718201262,-0.011593472394004208,-0.04057715337901473,-0.023186944788008416,-0.04637388957601683,-0.01739020859100631
ada931be5283612a,72d433a56e,images/train/ada931be5283612a.jpg,Boat,0.4088541666666667,0.24586397058823528,0.13958333333333334,0.07077205882352941,0.00987859987745098,3.4805194805194803,0.0010416666666666667,-0.008731617647058824,0.06758151446299382,0.0017403125380747756,0.0013052344035560817,0.0034806250761495513,-0.004350781345186939,0.0017403125380747756,0.0039157032106682445,0.0034806250761495513,0.005220937614224327,0.0017403125380747756,0.0065261720177804084,0.0,0.01131203149748604,-0.0017403125380747756,0.016097890977191675,-0.0034806250761495513,0.017403125380747755
ae8a280848870f54,b0fe05f41b,images/train/ae8a280848870f54.jpg,USV,0.49921875,0.5215992647058824,0.0734375,0.07077205882352941,0.005197323069852941,1.8311688311688312,0.012760416666666666,0.011948529411764705,0.2661820917328755,-0.0005998257399458251,-0.005998257399458251,-0.0011996514798916502,-0.0023993029597833004,0.0029991286997291255,-0.008397560359241552,-0.0023993029597833004,-0.004798605919566601,-0.0029991286997291255,-0.010796863319024852,-0.0035989544396749507,-0.007197908879349901,-0.008997386099187377,-0.017994772198374753,-0.014395817758699803,-0.028791635517399605
aec1797067a9c7b4,b9351a7480,images/train/aec1797067a9c7b4.jpg,Boat,0.3953125,0.4444444444444444,0.08645833333333333,0.08333333333333333,0.0072048611111111115,1.8444444444444446,-0.003125,0.000462962962962963,0.04925821916480353,0.0020453362236408997,-0.0005113340559102249,0.004090672447281799,-0.0010226681118204498,0.0020453362236408997,0.002556670279551125,0.0,0.0020453362236408997,-0.0020453362236408997,0.0015340021677306749,-0.004090672447281799,0.0010226681118204498,-0.006136008670922699,0.004602006503192024,-0.012272017341845399,0.004090672447281799
afa5a036144833d5,6fde253657,images/train/afa5a036144833d5.jpg,USV,0.6731770833333334,0.5976851851851852,0.05677083333333333,0.058333333333333334,0.0033116319444444443,1.7301587301587302,0.00546875,-0.002777777777777778,0.13177883692412337,0.0022626519195499887,-0.00754217306516663,-0.001508434613033326,-0.003016869226066652,-0.011313259597749944,-0.0045253038390999775,-0.01508434613033326,0.0,-0.018855432662916574,-0.001508434613033326,-0.02262651919549989,-0.003016869226066652,-0.03243134418021651,0.001508434613033326,-0.03620243071279982,0.006033738452133304
afa5d33f17a0b195,6fde253657,images/train/afa5d33f17a0b195.jpg,USV,0.79921875,0.3824074074074074,0.05677083333333333,0.06851851851851852,0.0038898533950617285,1.472972972972973,0.0046875,0.003703703703703704,0.10966215051304189,-0.006959065248982676,0.005567252199186141,-0.008350878298779212,0.005567252199186141,-0.02644444794613417,0.011134504398372281,-0.05010526979267527,0.022269008796744563,-0.06263158724084408,0.03340351319511685,-0.06959065248982677,0.05010526979267527,-0.08211696993799558,0.06123977419104755,-0.0946432873861644,0.07794153078860598
afa8aa133ab2c788,4642ebc223,images/train/afa8aa133ab2c788.jpg,USV,0.7294270833333333,0.4522058823529412,0.043229166666666666,0.042279411764705885,0.001827703737745098,1.8043478260869565,-0.052083333333333336,0.008272058823529412,1.6249269637453088,0.14565471487897189,-0.018206839359871486,0.3074932869667184,-0.0445056073241303,0.48551571626323964,-0.06271244668400178,0.6878139313729228,-0.07282735743948594,0.8739282892738313,-0.09103419679935743,1.0681345757791272,-0.10924103615922891,1.262340862284423,-0.1274478755191004,1.4565471487897188,-0.14565471487897189
afe2df0be5cd644d,c230f95bbd,images/train/afe2df0be5cd644d.jpg,USV,0.2791666666666667,0.5217592592592593,0.09270833333333334,0.07685185185185185,0.007124807098765432,2.144578313253012,0.0171875,0.002777777777777778,0.272616490538939,0.003085192169304505,0.0010283973897681682,0.0020567947795363363,0.00617038433860901,0.0010283973897681682,0.01131237128744985,0.004113589559072673,0.01645435823629069,0.003085192169304505,0.021596345185131535,0.0020567947795363363,0.0226247425748997,0.0010283973897681682,0.03188031908281322,0.0,0.0452494851497994
b000f784371f2319,b6cf3a91b7,images/train/b000f784371f2319.jpg,Boat,0.3885416666666667,0.5170036764705882,0.07916666666666666,0.10386029411764706,0.008222273284313726,1.345132743362832,-0.00078125,-0.002297794117647059,0.022245821449451485,0.005245799492881481,0.002384454314946128,0.006676472081849158,0.004768908629892256,0.008107144670816835,0.007153362944838384,0.009537817259784512,0.005722690355870707,0.010968489848752188,0.008107144670816835,0.020029416245547476,0.014306725889676767,0.025275215738428957,0.016691180204622895,0.03433614213522424,0.019075634519569024
b02b5c3e2f8cc867,3c1c8b0c56,images/train/b02b5c3e2f8cc867.jpg,Boat,0.1714154411764706,0.4632352941176471,0.21599264705882354,0.034926470588235295,0.007543860834775086,6.184210526315789,-0.025735294117647058,0.0009191176470588235,0.2964893506525857,0.01587323805813319,-0.0013227698381777658,0.03703755546897745,-0.0026455396763555316,0.04761971417439957,0.0013227698381777658,0.0740751109379549,0.0,0.0740751109379549,0.009259388867244362,0.11111266640693233,0.01322769838177766,0.1481502218759098,0.011904928543599893,0.17989669799217617,0.01587323805813319
b0af853831a676a0,6fde253657,images/train/b0af853831a676a0.jpg,USV,0.65703125,0.6222222222222222,0.0671875,0.07037037037037037,0.004728009259259259,1.6973684210526316,-0.005989583333333334,0.003703703703703704,0.12296901654062202,-0.005680948804078901,-0.005049732270292356,-0.001262433067573089,-0.005049732270292356,-0.0018936496013596334,-0.010099464540584711,-0.0075745984054385335,-0.010099464540584711,-0.0031560826689327223,-0.015149196810877067,-0.0037872992027192668,-0.015149196810877067,-0.004418515736505812,-0.015149196810877067,-0.005049732270292356,-0.020198929081169423
b0dd954ad3638903,1d2277871a,images/train/b0dd954ad3638903.jpg,USV,0.3419270833333333,0.42268518518518516,0.043229166666666666,0.03611111111111111,0.0015610532407407407,2.128205128205128,0.002864583333333333,-0.013888888888888888,0.2808093250706752,0.0054926088456033455,-0.0021970435382413383,0.010985217691206691,-0.004394087076482677,0.01647782653681004,-0.006591130614724015,0.030758609535378737,-0.008788174152965353,0.04503939253394744,0.006591130614724015,0.05053200137955078,0.004394087076482677,0.05602461022515413,0.010985217691206691,0.07030539322372283,0.017576348305930706
b0ec4fa36c159e15,b6cf3a91b7,images/train/b0ec4fa36c159e15.jpg,Boat,0.3346354166666667,0.45036764705882354,0.1203125,0.09558823529411764,0.01150045955882353,2.2211538461538463,0.0015625,-0.008272058823529412,0.061206647892641096,0.0008064683970195456,0.0008064683970195456,0.0016129367940390911,0.0016129367940390911,-0.0008064683970195456,0.005645278779136819,0.0032258735880781823,0.0032258735880781823,0.0072582155731759105,0.004032341985097728,0.011290557558273639,0.0016129367940390911,0.015322899543371366,0.0024194051910586367,0.019355241528469094,0.0032258735880781823
b1156b0475589c33,6fde253657,images/train/b1156b0475589c33.jpg,USV,0.7067708333333333,0.7060185185185185,0.0375,0.04351851851851852,0.0016319444444444445,1.5319148936170213,0.00078125,-0.004166666666666667,0.08154100913168028,-0.0032231913945587297,-0.007520779920637035,0.002148794263039153,-0.006446382789117459,0.007520779920637035,-0.013967162709754495,0.004297588526078306,-0.02148794263039153,0.0010743971315195764,-0.029008722551028567,-0.002148794263039153,-0.019339148367352378,0.0032231913945587297,-0.026859928287989412,0.008595177052156611,-0.034380708208626445
b1c5513267c9847e,3c1c8b0c56,images/train/b1c5513267c9847e.jpg,Boat,0.3662683823529412,0.6263786764705882,0.12408088235294118,0.02665441176470588,0.003307302930363322,4.655172413793103,0.00505514705882353,0.0,0.08790160527232042,0.012985464415229154,0.0,0.017979873805701905,-0.007991055024756402,0.022974283196174658,-0.015982110049512804,0.027968692586647408,-0.015982110049512804,0.02497204695236376,-0.015982110049512804,0.029966456342836508,-0.015982110049512804,0.02696981070855286,-0.023973165074269207,0.023973165074269207,-0.023973165074269207
b22823087839a73d,dd66390d74,images/train/b22823087839a73d.jpg,Boat,0.5020833333333333,0.3014705882352941,0.11354166666666667,0.07536764705882353,0.008557368259803922,2.658536585365854,0.004427083333333333,-0.012408088235294117,0.11931875696701275,0.003272222935598229,0.0014023812581135267,0.0028047625162270534,-0.004674604193711756,0.006076985451825282,0.00420714377434058,0.005609525032454107,0.009349208387423511,0.005142064613082931,0.010751589645537038,0.004674604193711756,0.01589365425861997,0.00420714377434058,0.01355635216176409,0.007479366709938809,0.018698416774847022
b2370df451e3fe82,1cec08390c,images/train/b2370df451e3fe82.jpg,Boat,0.2872395833333333,0.46369485294117646,0.0296875,0.015625,0.0004638671875,3.3529411764705883,0.0005208333333333333,0.00045955882352941176,0.035916426326717966,-0.0040155785387702226,-0.0020077892693851113,0.008031157077540445,-0.0040155785387702226,0.020077892693851112,-0.006023367808155333,0.03212462831016178,-0.008031157077540445,0.044171363926472446,-0.010038946346925556,0.05621809954278311,0.0040155785387702226,0.06826483515909378,0.0020077892693851113,0.08031157077540445,0.0
b256d67162b8d78d,3c1c8b0c56,images/train/b256d67162b8d78d.jpg,Boat,0.24816176470588236,0.4802389705882353,0.18382352941176472,0.024816176470588234,0.00456179714532872,7.407407407407407,0.03354779411764706,0.0027573529411764708,0.4983769954859771,-0.014458793620595147,-0.011907241805196004,-0.042525863589985724,-0.003402069087198858,-0.04337638086178544,-0.008505172717997146,-0.04422689813358516,-0.006804138174397716,-0.03146913905658944,-0.011907241805196004,0.028917587241190295,-0.010206207261596574,0.06889189901577687,-0.015309310892394862,0.0816496580927726,-0.013608276348795433
b2d3a13cb608a5b7,b0fe05f41b,images/train/b2d3a13cb608a5b7.jpg,USV,0.28489583333333335,0.4733455882352941,0.06875,0.058823529411764705,0.004044117647058824,2.0625,-0.0067708333333333336,-0.00045955882352941176,0.14154267077992824,0.0013599816871538895,0.0006799908435769447,0.002719963374307779,0.0013599816871538895,0.004079945061461668,0.002039972530730834,0.005439926748615558,0.002719963374307779,0.012239835184385005,0.00883988096650028,0.01903974362015445,0.009519871810077225,0.0258396520559239,0.01019986265365417,0.032639560491693344,0.016319780245846672
b31c3ca44c583ae3,dd66390d74,images/train/b31c3ca44c583ae3.jpg,Boat,0.5908854166666667,0.3327205882352941,0.1890625,0.125,0.0236328125,2.6691176470588234,0.0026041666666666665,-0.019301470588235295,0.09715612649364291,-0.0005625838312367468,0.0005625838312367468,0.0011251676624734936,-0.0011251676624734936,0.005063254481130721,-0.002812919156183734,0.0067510059748409615,0.00900134129978795,0.010689092793498188,0.007313589806077708,0.012376844287208429,0.005625838312367468,0.016314931105865658,0.010689092793498188,0.022503353249469872,0.0067510059748409615
b3d80bd93493bc3a,b6cf3a91b7,images/train/b3d80bd93493bc3a.jpg,Boat,0.39036458333333335,0.5238970588235294,0.07864583333333333,0.10294117647058823,0.008095894607843138,1.3482142857142858,-0.0026041666666666665,-0.006433823529411764,0.06614825240413458,0.004805986343131758,-0.0009611972686263515,0.005767183611758109,0.001922394537252703,0.006728380880384461,0.004805986343131758,0.011534367223516218,0.007689578149010812,0.016340353566647977,0.006728380880384461,0.013456761760768921,0.013456761760768921,0.01826274810390068,0.01249556449214257,0.023068734447032436,0.015379156298021624
b3f41df51e19aff9,b6cf3a91b7,images/train/b3f41df51e19aff9.jpg,Boat,0.37786458333333334,0.44715073529411764,0.08385416666666666,0.08547794117647059,0.007167681525735294,1.7311827956989247,0.0018229166666666667,0.0009191176470588235,0.029747709163803232,-0.003575391843556397,-0.0010215405267303991,0.0010215405267303991,0.0020430810534607983,0.009704635003938792,0.0010215405267303991,0.014301567374225587,0.0,0.018898499744512385,-0.0010215405267303991,0.02349543211479918,-0.0020430810534607983,0.028092364485085976,0.0010215405267303991,0.03268929685537277,0.0
b432431f0c307f23,1cec08390c,images/train/b432431f0c307f23.jpg,Boat,0.20130208333333333,0.4407169117647059,0.024479166666666666,0.013786764705882353,0.00033748851102941176,3.1333333333333333,0.0026041666666666665,0.0009191176470588235,0.1920401849200148,0.014123317071650801,-0.004707772357216934,0.028246634143301603,-0.009415544714433868,0.042369951214952406,-0.014123317071650801,0.056493268286603206,0.0,0.070616585358254,-0.004707772357216934,0.08473990242990481,-0.009415544714433868,0.08003213007268788,-0.014123317071650801,0.09415544714433868,-0.018831089428867735
b504581c15e20f62,b6cf3a91b7,images/train/b504581c15e20f62.jpg,Boat,0.37552083333333336,0.41130514705882354,0.10208333333333333,0.11672794117647059,0.011915977328431372,1.5433070866141732,-0.0018229166666666667,0.008731617647058824,0.06416999959344392,-0.0003961412988464794,0.001980706494232397,-0.0007922825976929588,0.0007922825976929588,-0.0011884238965394383,0.002772989091925356,-0.0015845651953859175,0.0015845651953859175,-0.001980706494232397,0.00673440208039015,-0.0023768477930788765,0.005545978183850712,-0.005942119482697191,0.010695815068854943,-0.003169130390771835,0.01267652156308734
b51347095b140f8b,b6cf3a91b7,images/train/b51347095b140f8b.jpg,Boat,0.4127604166666667,0.42463235294117646,0.07447916666666667,0.09375,0.006982421875,1.4019607843137254,-0.0005208333333333333,0.012408088235294117,0.11208664940652692,0.0010350037144279955,0.002587509286069989,-0.002070007428855991,0.005175018572139978,-0.0010350037144279955,0.007762527858209967,0.0,0.014490052001991938,0.0010350037144279955,0.017077561288061927,0.002070007428855991,0.023805085431843898,0.0031050111432839866,0.026392594717913886,0.004140014857711982,0.03726013371940784
b64fcf907194b30f,ace8fc6a18,images/train/b64fcf907194b30f.jpg,Boat,0.36796875,0.4696691176470588,0.0265625,0.04411764705882353,0.001171875,1.0625,-0.0018229166666666667,-0.007352941176470588,0.17648760811171266,-0.0012632063803975676,-0.010105651043180541,-0.012632063803975677,-0.020211302086361082,-0.003789619141192703,-0.020211302086361082,-0.015158476564770812,-0.020211302086361082,-0.01642168294516838,-0.020211302086361082,-0.017684889325565948,-0.020211302086361082,-0.029053746749144058,-0.030316953129541625,-0.030316953129541625,-0.040422604172722164
b6b2f0b36e9bf3cd,6fde253657,images/train/b6b2f0b36e9bf3cd.jpg,USV,0.7192708333333333,0.6976851851851852,0.03854166666666667,0.04351851851851852,0.0016772762345679012,1.574468085106383,0.00234375,0.0032407407407407406,0.09666669971511666,0.007418451616195164,0.009538009220822354,0.006358672813881569,0.0021195576046271897,0.005298894011567974,0.011657566825449543,0.012717345627763138,0.004239115209254379,0.0031793364069407845,0.013777124430076733,0.010597788023135948,0.006358672813881569,0.0010597788023135948,-0.0010597788023135948,0.008478230418508759,-0.008478230418508759
b6e2fc4581ff8b97,3c1c8b0c56,images/train/b6e2fc4581ff8b97.jpg,Boat,0.29963235294117646,0.34237132352941174,0.10661764705882353,0.017463235294117647,0.0018618890570934255,6.105263157894737,0.009191176470588236,0.002297794117647059,0.21956275638810074,0.005325179035528812,0.003993884276646609,0.010650358071057624,-0.002662589517764406,0.015975537106586436,-0.009319063312175422,0.021300716142115247,-0.005325179035528812,0.026625895177644063,-0.001331294758882203,0.03195107421317287,-0.007987768553293218,0.037276253248701686,-0.014644242347704233,0.053251790355288126,-0.010650358071057624
b6f8dd27754ad907,c230f95bbd,images/train/b6f8dd27754ad907.jpg,USV,0.23229166666666667,0.48194444444444445,0.15,0.11018518518518519,0.016527777777777777,2.4201680672268906,-0.035416666666666666,0.018055555555555554,0.38212000463970086,-0.010803395392536073,0.013841850346686843,-0.021606790785072147,0.027683700693373687,-0.029709337329474204,0.03882470219192651,-0.040512732722010274,0.05266655253861336,-0.05131612811454635,0.0665084028853002,-0.05941867465894841,0.08035025323198705,-0.0729229188996185,0.09149125473053987,-0.08102546544402055,0.10533310507722672
b6fe8b544566fff5,b6cf3a91b7,images/train/b6fe8b544566fff5.jpg,Boat,0.41380208333333335,0.4039522058823529,0.07447916666666667,0.09283088235294118,0.0069139667585784315,1.4158415841584158,0.00078125,0.004136029411764706,0.03946958439737563,-0.0015601723124493922,0.0036404020623819152,-0.0031203446248987843,0.0072808041247638304,-0.0046805169373481765,0.0067607466872807,-0.006240689249797569,0.014561608249527661,-0.007800861562246961,0.018202010311909576,-0.0135214933745614,0.021842412374291492,-0.019242125186875837,0.0338037334364035,-0.02080229749932523,0.03744413549878541
b76812432c64dddb,6fde253657,images/train/b76812432c64dddb.jpg,USV,0.7231770833333333,0.4685185185185185,0.0484375,0.05555555555555555,0.002690972222222222,1.55,-0.0046875,-0.020370370370370372,0.3182050915474772,-0.005020120805640618,-0.01673373601880206,-0.003346747203760412,-0.02008048322256247,-0.00836686800940103,-0.023427230426322884,-0.006693494407520824,-0.026773977630083295,-0.005020120805640618,-0.030120724833843707,-0.003346747203760412,-0.04016096644512494,-0.001673373601880206,-0.050201208056406176,0.006693494407520824,-0.05354795526016659
b76b1f8fbfd2a240,b9351a7480,images/train/b76b1f8fbfd2a240.jpg,Boat,0.4114583333333333,0.40046296296296297,0.07395833333333333,0.08981481481481482,0.006642554012345679,1.4639175257731958,0.0033854166666666668,-0.0032407407407407406,0.06290254423430375,-0.002662686168744265,0.003727760636241971,-0.00532537233748853,0.007455521272483942,-0.003727760636241971,0.011183281908725912,-0.01065074467497706,0.01065074467497706,-0.009053132973730501,0.014378505311219031,-0.011715819142474765,0.018106265947461002,-0.018638803181209855,0.03035462232368462,-0.025561787219944943,0.04260297869990824
b775ed4c8a90fc76,6fde253657,images/train/b775ed4c8a90fc76.jpg,USV,0.7643229166666666,0.5305555555555556,0.0515625,0.05925925925925926,0.0030555555555555557,1.546875,-0.00625,-0.004166666666666667,0.16100712858300856,0.006281486345370076,0.0007851857931712595,0.012562972690740151,0.001570371586342519,0.018844459036110227,0.0023555573795137784,0.018844459036110227,-0.003140743172685038,0.025125945381480302,-0.008637043724883853,0.025125945381480302,-0.007851857931712595,0.03140743172685038,-0.01334815848391141,0.037688918072220454,-0.012562972690740151
b777780d05ef23cc,f21beac8ce,images/train/b777780d05ef23cc.jpg,USV,0.3109375,0.5972222222222222,0.22604166666666667,0.25,0.05651041666666667,1.6074074074074074,0.00078125,-0.020833333333333332,0.06587471234528847,-0.000547740085468353,0.000912900142447255,-0.001095480170936706,0.000365160056978902,0.007120621111088589,-0.000182580028489451,0.015336722393113884,-0.000730320113957804,0.025013463903054787,-0.004199340655257373,0.03469020541299569,-0.007668361196556942,0.035603105555442945,-0.006755461054109687,0.03943728615372141,-0.005842560911662432
b7c05922732c33f6,6fde253657,images/train/b7c05922732c33f6.jpg,USV,0.7010416666666667,0.6837962962962963,0.06145833333333333,0.06574074074074074,0.004040316358024691,1.6619718309859155,0.01171875,0.006944444444444444,0.259114123329948,0.002048477009101022,-0.004779779687902385,0.00955955937580477,-0.00955955937580477,0.011608036384905792,-0.014339339063707155,0.013656513394006814,-0.01911911875160954,0.02116759576071056,-0.023898898439511925,0.023216072769811583,-0.02867867812741431,0.03618976049411806,-0.03892106317291942,0.043700842860821806,-0.043700842860821806
b7c9b15821495b21,b9351a7480,images/train/b7c9b15821495b21.jpg,Boat,0.38125,0.46435185185185185,0.08333333333333333,0.08981481481481482,0.007484567901234568,1.6494845360824741,-0.0013020833333333333,-0.0023148148148148147,0.02837978807415624,-0.001505065544690474,0.0025084425744841235,-0.003010131089380948,-0.003010131089380948,-0.0005016885148968246,-0.0005016885148968246,-0.0020067540595872986,-0.0020067540595872986,-0.00752532772345237,-0.0035118196042777726,-0.009030393268142844,-0.005016885148968247,-0.010535458812833317,-0.006521950693658721,-0.01605403247669839,-0.008027016238349194
b81aecbe8531658a,b6cf3a91b7,images/train/b81aecbe8531658a.jpg,Boat,0.18880208333333334,0.5303308823529411,0.17135416666666667,0.17095588235294118,0.02929400275735294,1.7688172043010753,-0.00078125,0.006433823529411764,0.02893959931541528,0.0027791902750313045,0.0005053073227329645,0.009600839131926324,-0.001010614645465929,0.0184437172797532,-0.0025265366136648223,0.02526536613664822,-0.004042458581863716,0.03208701499354324,-0.003537151259130751,0.0368874345595064,-0.007074302518261502,0.04573031270733328,-0.006568995195528537,0.05659442014609201,-0.012127375745591147
b82ded66e91a1eac,6fde253657,images/train/b82ded66e91a1eac.jpg,USV,0.64375,0.6805555555555556,0.08125,0.08148148148148149,0.00662037037037037,1.7727272727272727,0.0049479166666666664,-0.001388888888888889,0.08208564803334144,-0.0016002861140599661,0.0016002861140599661,-0.0032005722281199323,-0.0010668574093733107,-0.0005334287046866553,0.0005334287046866553,0.0021337148187466214,0.0021337148187466214,-0.0037340009328065875,-0.004800858342179898,-0.005334287046866553,-0.0032005722281199323,-0.011202002798419763,-0.010135145389046451,-0.01280228891247973,-0.008534859274986486
b8af531badb3ce1d,dd66390d74,images/train/b8af531badb3ce1d.jpg,Boat,0.5216145833333333,0.2771139705882353,0.1203125,0.08547794117647059,0.010284064797794118,2.4838709677419355,0.005989583333333334,-0.006893382352941176,0.09367165922583884,0.007249056329604938,-0.05159622446365868,0.017909433284906316,-0.11342641080440667,0.03198113086590414,-0.19231320027363688,0.04605282844690196,-0.2746113103685635,0.07718112915638199,-0.40466790922324036,0.10489810924016557,-0.5381358287036137,0.1360264099496456,-0.6818377100610762,0.14327546627925053,-0.8391848739213246
b94e932506972089,f91b246954,images/train/b94e932506972089.jpg,USV,0.24453125,0.44027777777777777,0.08385416666666666,0.11203703703703703,0.00939477237654321,1.3305785123966942,-0.0010416666666666667,0.006944444444444444,0.05561256193816479,0.001791160014179774,-0.0031345300248146048,0.003582320028359548,-0.002686740021269661,-0.001791160014179774,-0.0022389500177247175,-0.003582320028359548,0.001791160014179774,-0.005373480042539322,0.0022389500177247175,-0.007164640056719096,0.002686740021269661,-0.012538120099258419,-0.0004477900035449435,-0.014329280113438193,0.0
b9635192238cade9,6fde253657,images/train/b9635192238cade9.jpg,USV,0.7041666666666667,0.7129629629629629,0.03854166666666667,0.04259259259259259,0.0016415895061728395,1.608695652173913,-0.0013020833333333333,0.001851851851851852,0.05487406798525414,0.005356181017117664,0.004284944813694131,0.010712362034235328,0.0,0.01606854305135299,-0.004284944813694131,0.021424724068470655,-0.008569889627388262,0.02678090508558832,-0.012854834441082392,0.03213708610270598,-0.017139779254776524,0.046063156747211904,-0.012854834441082392,0.05141933776432957,-0.017139779254776524
b9716f90647791d5,b6cf3a91b7,images/train/b9716f90647791d5.jpg,Boat,0.22291666666666668,0.4806985294117647,0.165625,0.16911764705882354,0.028010110294117648,1.7282608695652173,-0.015625,0.019761029411764705,0.15258292526999406,-0.0010335167919565801,-0.0007751375939674351,-0.0020670335839131602,-0.003617308771848031,-0.0031005503758697404,-0.004392446365815466,-0.0041340671678263205,-0.005167583959782901,-0.0031005503758697404,-0.008009755137663497,-0.0041340671678263205,-0.008784892731630932,-0.005167583959782901,-0.009560030325598367,-0.006201100751739481,-0.012402201503478961
b98c52f2e9d5e742,b0fe05f41b,images/train/b98c52f2e9d5e742.jpg,USV,0.31640625,0.47012867647058826,0.06927083333333334,0.057904411764705885,0.004011086856617647,2.111111111111111,0.00078125,0.0,0.016386838133611557,-0.0020483547667014446,0.0,-0.004096709533402889,0.005462279377870518,-0.006145064300104333,0.010924558755741037,-0.008193419066805778,0.010924558755741037,-0.021166332589248257,0.010924558755741037,-0.0232146873559497,0.010924558755741037,-0.02526304212265115,0.010924558755741037,-0.027311396889352593,0.010924558755741037
b9d9d477e9187b64,b9351a7480,images/train/b9d9d477e9187b64.jpg,Boat,0.39505208333333336,0.4546296296296296,0.0796875,0.08888888888888889,0.007083333333333333,1.59375,-0.00026041666666666666,-0.000462962962962963,0.0058345003501167085,-0.0036099129171024585,0.0005157018453003512,-0.007219825834204917,-0.007219825834204917,-0.010829738751307376,-0.006704123988904566,-0.014439651668409834,-0.010314036906007025,-0.013923949823109483,-0.013923949823109483,-0.01753386274021194,-0.01753386274021194,-0.0211437756573144,-0.0211437756573144,-0.02475368857441686,-0.02475368857441686
ba6e377478da4cfe,1cec08390c,images/train/ba6e377478da4cfe.jpg,Boat,0.4856770833333333,0.4875919117647059,0.05364583333333333,0.02849264705882353,0.0015285117953431372,3.3225806451612905,0.003125,0.0,0.10618221756031318,-0.0044242590650130495,0.0,0.0,0.0,-0.0044242590650130495,0.0,-0.008848518130026099,0.0,-0.013272777195039148,0.0,-0.017697036260052198,0.0,-0.0044242590650130495,0.0,0.0,0.0
ba8ea7d43bb3b5fe,c230f95bbd,images/train/ba8ea7d43bb3b5fe.jpg,USV,0.41848958333333336,0.5532407407407407,0.0765625,0.06759259259259259,0.005175057870370371,2.0136986301369864,0.002864583333333333,-0.006944444444444444,0.08978172726114898,-0.0018100108349986231,-0.0006033369449995411,0.0012066738899990821,-0.0012066738899990821,-0.0006033369449995411,-0.0018100108349986231,-0.0024133477799981643,-0.0024133477799981643,0.0006033369449995411,-0.003016684724997705,0.0036200216699972462,-0.0036200216699972462,0.006636706394994952,-0.004223358614996787,0.014480086679988985,0.0
bb23435a18095630,c230f95bbd,images/train/bb23435a18095630.jpg,USV,0.32317708333333334,0.6504629629629629,0.1109375,0.08796296296296297,0.009758391203703703,2.2421052631578946,0.0005208333333333333,0.004629629629629629,0.03584553524272114,-0.0008787359792202547,-0.004393679896101274,0.0017574719584405095,-0.008787359792202548,0.0008787359792202547,-0.01318103968830382,0.007029887833762038,-0.017574719584405096,0.006151151854541783,-0.02196839948050637,0.008787359792202548,-0.02636207937660764,0.007908623812982293,-0.030755759272708915,0.010544831750643057,-0.03514943916881019
bb5917ecb6470cd1,72d433a56e,images/train/bb5917ecb6470cd1.jpg,Boat,0.3927083333333333,0.2421875,0.13958333333333334,0.06893382352941177,0.00962201286764706,3.5733333333333333,0.0005208333333333333,-0.0027573529411764708,0.022304986837273527,0.0061717741387627345,0.0026450460594697432,0.01939700443611145,-0.0052900921189394864,0.02909550665416718,-0.0061717741387627345,0.035267280792929914,-0.0070534561585859825,0.04496578301098564,-0.00793513817840923,0.051137557149748374,-0.012343548277525469,0.05730933128851111,-0.009698502218055726,0.06700783350656683,-0.010580184237878973
bb73163702a4a206,c230f95bbd,images/train/bb73163702a4a206.jpg,USV,0.4510416666666667,0.5185185185185185,0.1125,0.08518518518518518,0.009583333333333333,2.347826086956522,-0.0005208333333333333,0.0,0.007093804422989573,0.0008867255528736966,0.0,0.0017734511057473932,0.0,-0.0044336277643684825,0.0,-0.0035469022114947863,0.0,-0.006207078870115876,0.0,-0.0053203533172421795,0.0,-0.007980529975863269,0.0035469022114947863,-0.010640706634484359,0.0035469022114947863
bbc67038dc3df440,b0fe05f41b,images/train/bbc67038dc3df440.jpg,USV,0.31484375,0.5298713235294118,0.07135416666666666,0.05606617647058824,0.004000555300245098,2.2459016393442623,0.0049479166666666664,0.0013786764705882354,0.10520724915432433,0.008887879718317532,0.0034184152762759736,0.006836830552551947,0.0013673661105103895,0.004785781386786363,-0.0006836830552551948,0.008204196663062336,-0.002734732221020779,0.01162261193933831,-0.004785781386786363,0.009571562773572725,-0.006836830552551947,0.012989978049848699,-0.008887879718317532,0.016408393326124673,-0.005469464442041558
bbe20dc23eb6c8f9,6fde253657,images/train/bbe20dc23eb6c8f9.jpg,USV,0.5609375,0.6171296296296296,0.057291666666666664,0.058333333333333334,0.0033420138888888887,1.746031746031746,-0.00078125,-0.005555555555555556,0.0742932064153952,0.0022523436567388976,0.00900937462695559,0.004504687313477795,0.006006249751303727,0.01276328072152042,0.00900937462695559,0.015015624378259316,0.006006249751303727,0.017267968034998214,0.015015624378259316,0.01952031169173711,0.012012499502607453,0.02177265534847601,0.015015624378259316,0.024024999005214907,0.012012499502607453
bc3496d7eee3cbec,055abdf17e,images/train/bc3496d7eee3cbec.jpg,USV,0.34609375,0.5666666666666667,0.09635416666666667,0.1037037037037037,0.009992283950617284,1.6517857142857142,0.0,0.0032407407407407406,0.024314938128981868,0.0034735625898545527,0.003907757913586372,0.0034735625898545527,0.004341953237318191,0.0,0.00477614856105001,-0.0034735625898545527,0.005210343884781829,-0.0034735625898545527,0.009118101798368201,-0.006947125179709105,0.00955229712210002,-0.01389425035941821,0.009986492445831838,-0.01389425035941821,0.010420687769563657
bc957a15dc0deb84,b6cf3a91b7,images/train/bc957a15dc0deb84.jpg,Boat,0.6130208333333333,0.2743566176470588,0.18125,0.13694852941176472,0.024821920955882353,2.335570469798658,-0.009375,-0.0013786764705882354,0.07932178962129405,-0.007685202095617404,0.020585362756118046,-0.01317463216391555,0.030191865375639802,-0.034034466423448505,0.057364544213715625,-0.054894300682981456,0.08234145102447218,-0.07575413494251441,0.11610144594450578,-0.09661396920204736,0.15644875694649715,-0.11527803143426106,0.1880129798392115,-0.13394209366647475,0.21957720273192582
bc9a257f0b481e46,1cec08390c,images/train/bc9a257f0b481e46.jpg,Boat,0.140625,0.4306066176470588,0.0375,0.021139705882352942,0.0007927389705882353,3.130434782608696,0.0036458333333333334,0.0009191176470588235,0.17376201171422898,0.0030717074198936905,-0.0030717074198936905,-0.018430244519362142,-0.006143414839787381,-0.015358537099468453,-0.009215122259681071,-0.012286829679574762,-0.012286829679574762,-0.033788781618830595,-0.015358537099468453,-0.030717074198936906,-0.006143414839787381,-0.027645366779043213,-0.009215122259681071,-0.04914731871829905,-0.012286829679574762
bd6365ba6a37f37c,1d2277871a,images/train/bd6365ba6a37f37c.jpg,USV,0.39296875,0.5115740740740741,0.030729166666666665,0.028703703703703703,0.0008820408950617284,1.903225806451613,-0.0049479166666666664,0.0,0.22213487743385393,-0.007307068336639932,0.0,-0.002922827334655973,0.0,-0.010229895671295905,0.0,-0.017536964007935838,0.0,-0.013152723005951878,0.0,-0.02045979134259181,0.0,-0.016075550340607852,0.0,-0.046765237354495566,-0.023382618677247783
bd8e239fa799955a,f21beac8ce,images/train/bd8e239fa799955a.jpg,USV,0.5552083333333333,0.45694444444444443,0.04375,0.04722222222222222,0.002065972222222222,1.6470588235294117,0.0013020833333333333,0.01712962962962963,0.2852178226359748,-0.0047744713386886,-0.012413625480590362,-0.0095489426773772,-0.024827250961180724,-0.00668425987416404,-0.029601722299869324,-0.011458731212852642,-0.042015347780459684,-0.016233202551541242,-0.05442897326105005,-0.01336851974832808,-0.05920344459973865,-0.018142991087016683,-0.07161707008032901,-0.022917462425705283,-0.08403069556091937
be4e1b4407471c00,b0fe05f41b,images/train/be4e1b4407471c00.jpg,USV,0.34739583333333335,0.5477941176470589,0.09479166666666666,0.08639705882352941,0.008189721200980393,1.9361702127659575,0.004427083333333333,-0.0009191176470588235,0.0654341090921735,0.00334486378615844,0.00095567536747384,0.00286702610242152,0.00191135073494768,0.0062118898885799596,0.00286702610242152,0.00573405220484304,0.00382270146989536,0.0052562145211061196,0.0047783768373692,0.008601078307264559,0.00573405220484304,0.00812324062352764,0.00668972757231688,0.00764540293979072,0.01529080587958144
bf606df354b2ebe9,6fde253657,images/train/bf606df354b2ebe9.jpg,USV,0.7083333333333334,0.6953703703703704,0.0375,0.04259259259259259,0.0015972222222222223,1.565217391304348,0.0005208333333333333,-0.004629629629629629,0.08860158884519916,0.006516075439283586,0.002172025146427862,0.004344050292855724,0.004344050292855724,0.002172025146427862,0.006516075439283586,0.0,0.0,0.015204176024995034,0.010860125732139311,0.013032150878567171,0.013032150878567171,0.019548226317850758,0.015204176024995034,0.026064301757134343,0.017376201171422898
c04bc5e0c879a98a,3c1c8b0c56,images/train/c04bc5e0c879a98a.jpg,Boat,0.2945772058823529,0.5289522058823529,0.11121323529411764,0.02297794117647059,0.002555451178633218,4.84,0.002297794117647059,0.003676470588235294,0.08576346483687822,0.003409090909090909,-0.00909090909090909,0.015909090909090907,0.0,0.010227272727272727,0.00909090909090909,0.013636363636363636,0.01818181818181818,0.017045454545454544,0.0,0.4113636363636364,-0.05454545454545454,0.5056818181818182,-0.08181818181818182,0.6454545454545455,-0.08181818181818182
c05125eca93f07e4,1cec08390c,images/train/c05125eca93f07e4.jpg,Boat,0.21223958333333334,0.4416360294117647,0.024479166666666666,0.013786764705882353,0.00033748851102941176,3.1333333333333333,-0.0026041666666666665,-0.00045955882352941176,0.18925010657032515,-0.014123317071650801,0.002353886178608467,0.009415544714433868,0.004707772357216934,-0.004707772357216934,-0.011769430893042335,-0.018831089428867735,-0.009415544714433868,0.004707772357216934,-0.007061658535825401,-0.009415544714433868,-0.004707772357216934,0.014123317071650801,-0.002353886178608467,0.0,0.0
c061d4b1dd0b6dee,b6cf3a91b7,images/train/c061d4b1dd0b6dee.jpg,Boat,0.5307291666666667,0.45128676470588236,0.14166666666666666,0.07720588235294118,0.0109375,3.238095238095238,-0.0046875,0.01332720588235294,0.11290388130868587,0.0008269626937890049,-0.0020674067344725123,0.00496177616273403,-0.0008269626937890049,0.009096589631679053,0.00041348134689450243,0.013231403100624078,-0.00496177616273403,0.014058365794413084,-0.003721332122050522,0.018193179263358106,-0.005788738856523034,0.019020141957147112,-0.004548294815839527,0.023154955426092135,-0.00992355232546806
c072969dc1f9d645,6fde253657,images/train/c072969dc1f9d645.jpg,USV,0.7192708333333333,0.8351851851851851,0.042708333333333334,0.05,0.0021354166666666665,1.5185185185185186,-0.00078125,0.010648148148148148,0.1742839266318158,0.002817717608335726,0.0009392392027785753,0.005635435216671452,-0.020663262461128658,0.0009392392027785753,-0.04226576412503589,-0.0037569568111143013,-0.06386826578894313,-0.0009392392027785753,-0.07795685383062176,0.0018784784055571506,-0.09955935549452899,-0.002817717608335726,-0.12116185715843622,0.0,-0.14276435882234345
c0fe3020179506e7,6fde253657,images/train/c0fe3020179506e7.jpg,USV,0.6791666666666667,0.6518518518518519,0.051041666666666666,0.053703703703703705,0.0027411265432098764,1.6896551724137931,0.0013020833333333333,0.007407407407407408,0.11117218198113306,-0.004144985227166336,0.0,-0.0016579940908665344,0.0,-0.005802979318032871,0.0,-0.009947964545199207,0.0,-0.014092949772365543,0.0,-0.018237934999531878,0.006631976363466138,-0.022382920226698216,0.006631976363466138,-0.02652790545386455,0.006631976363466138
c14551b692e7254a,b6cf3a91b7,images/train/c14551b692e7254a.jpg,Boat,0.3953125,0.5376838235294118,0.07916666666666666,0.10477941176470588,0.008295036764705882,1.3333333333333333,-0.0013020833333333333,-0.006893382352941176,0.06005729797205769,-0.005222740921945628,-0.00047479462926778437,-0.006647124809748981,-0.0009495892585355687,-0.008071508697552333,-0.0014243838878033532,-0.009495892585355688,-0.0018991785170711375,-0.010920276473159041,-0.002373973146338922,-0.012344660360962394,-0.0028487677756067063,-0.013769044248765747,-0.0033235624048744907,-0.0151934281365691,-0.003798357034142275
c18282fe2a371d85,dd66390d74,images/train/c18282fe2a371d85.jpg,Boat,0.6020833333333333,0.29825367647058826,0.19270833333333334,0.12408088235294118,0.023911420036764705,2.740740740740741,0.005989583333333334,-0.016544117647058824,0.09557266415735272,0.002516835207052591,0.010067340828210364,0.009508044115532011,0.013423121104280485,0.018736439874724845,0.016778901380350607,0.016778901380350607,0.02013468165642073,0.023770110288830026,0.025727648783204264,0.03523569289873627,0.031320615909987796,0.03998971495650228,0.036913583036771336,0.0469809238649817,0.04026936331284146
c1924f10834923ce,b6cf3a91b7,images/train/c1924f10834923ce.jpg,Boat,0.5705729166666667,0.35294117647058826,0.13802083333333334,0.09375,0.012939453125,2.5980392156862746,-0.0171875,0.03400735294117647,0.3015559600477589,0.0068427315067016905,-0.012925159512658749,0.016726677016381912,-0.02889153302829603,0.026610622526062132,-0.04181669254095478,0.03649456803574235,-0.05778306605659206,0.05854336955733669,-0.07374943957222933,0.07450974307297396,-0.08059217107893103,0.08135247457967566,-0.09959975859754683,0.0942776340923344,-0.11556613211318412
c1cca9b3e68d0421,1d2277871a,images/train/c1cca9b3e68d0421.jpg,USV,0.3223958333333333,0.32916666666666666,0.04791666666666667,0.05277777777777778,0.0025289351851851853,1.6140350877192982,-0.0013020833333333333,0.0,0.03452301104163172,0.004315376380203965,0.0,-0.005178451656244758,0.0,-0.0008630752760407929,-0.013809204416652687,0.0034523011041631716,-0.013809204416652687,0.0008630752760407929,-0.013809204416652687,-0.00863075276040793,0.0,-0.011219978588530308,0.0,-0.02071380662497903,0.0
c1f0eb717f958650,6fde253657,images/train/c1f0eb717f958650.jpg,USV,0.8002604166666667,0.4439814814814815,0.05677083333333333,0.06759259259259259,0.0038372878086419754,1.4931506849315068,0.0010416666666666667,0.018518518518518517,0.22532843664513372,-0.0028026271809222926,0.0,0.0,0.0,0.0028026271809222926,0.0,0.01121050872368917,-0.005605254361844585,0.014013135904611463,-0.005605254361844585,0.016815763085533758,-0.005605254361844585,0.025223644628300634,-0.01121050872368917,0.028026271809222927,-0.005605254361844585
c27facd1bafb3282,b0fe05f41b,images/train/c27facd1bafb3282.jpg,USV,0.315625,0.5358455882352942,0.09791666666666667,0.08639705882352941,0.008459712009803921,2.0,0.0067708333333333336,0.009191176470588236,0.12337673941216175,0.002820904712180376,-0.0018806031414535839,0.0018806031414535839,0.0,0.00470150785363396,0.0018806031414535839,0.0037612062829071678,0.0,0.002820904712180376,-0.0018806031414535839,0.0018806031414535839,-0.011283618848721503,0.0009403015707267919,-0.013164221990175088,-0.0037612062829071678,-0.015044825131628671
c280a2f80100b84c,c230f95bbd,images/train/c280a2f80100b84c.jpg,USV,0.41302083333333334,0.5671296296296297,0.078125,0.06759259259259259,0.005280671296296296,2.0547945205479454,0.0020833333333333333,-0.005555555555555556,0.0689119615704602,-0.0047781848256749655,-0.0023890924128374827,0.0,-0.0047781848256749655,0.0,-0.007167277238512448,0.0047781848256749655,-0.009556369651349931,0.009556369651349931,-0.011945462064187415,0.0047781848256749655,-0.014334554477024896,0.009556369651349931,-0.011945462064187415,0.009556369651349931,-0.014334554477024896
c28fcc2c7f5ce980,3c1c8b0c56,images/train/c28fcc2c7f5ce980.jpg,Boat,0.3538602941176471,0.5473345588235294,0.08639705882352941,0.017463235294117647,0.0015087721669550173,4.947368421052632,0.0059742647058823525,0.004136029411764706,0.1870679045049061,0.01626791802213535,0.010352311468631584,-0.0029578032767518816,-0.0029578032767518816,0.0014789016383759408,0.007394508191879703,-0.005915606553503763,0.005915606553503763,-0.0014789016383759408,0.004436704915127822,-0.008873409830255644,0.0029578032767518816,-0.01626791802213535,0.0014789016383759408,-0.011831213107007526,0.0
c2c27db5b91bcec4,c230f95bbd,images/train/c2c27db5b91bcec4.jpg,USV,0.4005208333333333,0.5375,0.15104166666666666,0.15648148148148147,0.0236352237654321,1.7159763313609468,-0.0013020833333333333,-0.001388888888888889,0.013169434044887438,0.0014115870661411142,0.0008469522396846685,0.005081713438108011,0.001693904479369337,0.006493300504249125,0.0002823174132282228,0.00790488757039024,0.003387808958738674,0.011575013942357135,0.004234761198423342,0.01298660100849825,0.0028231741322822285,0.01665672738046515,0.0036701263719668966,0.01806831444660626,0.004517078611651565
c2c49b5bf0e5fc94,b9351a7480,images/train/c2c49b5bf0e5fc94.jpg,Boat,0.3763020833333333,0.45694444444444443,0.08489583333333334,0.08981481481481482,0.007624903549382716,1.6804123711340206,-0.0026041666666666665,-0.004166666666666667,0.053497023904426934,0.0009941006177451317,0.0004970503088725658,0.0019882012354902633,-0.002982301853235395,-0.0009941006177451317,-0.006461654015343356,0.0,-0.0019882012354902633,0.0009941006177451317,-0.005467553397598224,-0.0019882012354902633,-0.004970503088725658,-0.0009941006177451317,-0.008449855250833619,-0.003976402470980527,-0.01192920741294158
c33f1a035c10e334,ace8fc6a18,images/train/c33f1a035c10e334.jpg,Boat,0.17604166666666668,0.3759191176470588,0.075,0.08088235294117647,0.006066176470588235,1.6363636363636365,0.0033854166666666668,-0.002297794117647059,0.06186546579947377,-0.0027760509942136775,-0.0016656305965282066,-0.00999378357916924,0.0011104203976854711,-0.008328152982641033,0.003886471391899149,-0.015545885567596595,0.006662522386112826,-0.013880254971068389,0.00499689178958462,-0.02109798755602395,0.007772942783798298,-0.019432356959495745,0.010548993778011976,-0.026650089544451305,0.013325044772225653
c3c4984b22f05686,055abdf17e,images/train/c3c4984b22f05686.jpg,USV,0.4973958333333333,0.3976851851851852,0.041666666666666664,0.03611111111111111,0.0015046296296296296,2.051282051282051,0.00078125,-0.007407407407407408,0.14571881950858084,-0.0033567884720598416,0.008951435925492912,-0.006713576944119683,0.017902871850985824,-0.010070365416179524,0.017902871850985824,-0.013427153888239366,0.017902871850985824,-0.01678394236029921,0.017902871850985824,-0.02909216675785196,0.017902871850985824,-0.032448955229911806,0.026854307776478733,-0.03580574370197165,0.03580574370197165
c3cb6f32114bcb59,b9351a7480,images/train/c3cb6f32114bcb59.jpg,Boat,0.6044270833333333,0.48935185185185187,0.10364583333333334,0.1361111111111111,0.014107349537037036,1.3537414965986394,0.00234375,-0.031018518518518518,0.19762546226222688,0.0025579547158439313,-0.010597240965639144,0.0021925326135805124,-0.018271105113170937,0.0018271105113170938,-0.028868346078810083,0.001461688409053675,-0.03361883340823452,0.004019643124897607,-0.04421607437387367,0.0007308442045268375,-0.051889938521405464,0.003288798920370769,-0.07125730994136666,0.0058467536362147,-0.0935480581794352
c3cb9ba16bf0bda3,4642ebc223,images/train/c3cb9ba16bf0bda3.jpg,USV,0.7296875,0.4765625,0.04791666666666667,0.035845588235294115,0.0017176011029411764,2.358974358974359,-0.00078125,0.0013786764705882354,0.035414412348741424,-0.013564292691912987,-0.0031302213904414585,-0.027128585383825975,-0.006260442780882917,-0.04069287807573896,-0.009390664171324377,-0.05425717076765195,-0.004173628520588612,-0.059474206418387715,0.001043407130147153,-0.0730384991103007,-0.002086814260294306,-0.08660279180221368,-0.005217035650735764,-0.10016708449412667,0.0
c406ca0387b7e99a,c230f95bbd,images/train/c406ca0387b7e99a.jpg,USV,0.43385416666666665,0.5425925925925926,0.14270833333333333,0.10740740740740741,0.015327932098765432,2.3620689655172415,0.0013020833333333333,0.001851851851851852,0.0179579871587508,-0.0017528540065808703,-0.0014022832052646963,-0.0007011416026323482,0.0,-0.0024539956092132185,0.0014022832052646963,-0.007011416026323481,0.0,-0.008764270032904352,-0.0014022832052646963,-0.010517124039485222,0.0,-0.012269978046066093,-0.0014022832052646963,-0.01121826564211757,0.0
c4ea892a394c4536,6fde253657,images/train/c4ea892a394c4536.jpg,USV,0.6325520833333333,0.6236111111111111,0.058854166666666666,0.062037037037037036,0.0036511381172839507,1.6865671641791045,0.005208333333333333,0.000462962962962963,0.11507091529210581,-0.002873183644620125,-0.0007182959111550313,0.00574636728924025,-0.012929326400790564,0.002873183644620125,-0.013647622311945596,0.0,-0.014365918223100627,0.008619550933860376,-0.015084214134255657,0.0114927345784805,-0.027295244623891192,0.008619550933860376,-0.028013540535046223,0.0114927345784805,-0.04022457102468176
c4fa3c394cf0067d,b6cf3a91b7,images/train/c4fa3c394cf0067d.jpg,Boat,0.3455729166666667,0.5735294117647058,0.0859375,0.07536764705882353,0.0064769071691176475,2.0121951219512195,-0.00625,0.006893382352941176,0.12165707319749249,0.004298541322570687,-0.0037612236572493506,0.0,0.0010746353306426717,0.0,0.0016119529959640075,-0.004298541322570687,0.00644781198385603,-0.01289562396771206,0.006985129649177366,-0.017194165290282747,0.007522447314498701,-0.02149270661285343,0.012358306302390723,-0.02149270661285343,0.01289562396771206
c529911af650ec2c,f21beac8ce,images/train/c529911af650ec2c.jpg,USV,0.5875,0.5277777777777778,0.04895833333333333,0.04814814814814815,0.002357253086419753,1.8076923076923077,0.0013020833333333333,0.003703703703703704,0.067468244333563,0.0026818573485497955,0.007151619596132789,-0.0017879048990331972,0.0,-0.00625766714661619,0.007151619596132789,-0.0035758097980663943,0.0,-0.008045572045649388,0.007151619596132789,-0.005363714697099591,0.007151619596132789,-0.009833476944682585,0.007151619596132789,-0.014303239192265577,0.007151619596132789
c5552cd3a9998792,b9351a7480,images/train/c5552cd3a9998792.jpg,Boat,0.6174479166666667,0.20925925925925926,0.10260416666666666,0.13703703703703704,0.01406057098765432,1.3310810810810811,0.0005208333333333333,0.010185185185185186,0.06468684126712633,-0.0007320589291566571,-0.0021961767874699714,-0.0014641178583133141,-0.0014641178583133141,-0.0021961767874699714,0.008052648220723229,0.0,0.01756941429975977,-0.0007320589291566571,0.03001441609542294,0.004392353574939943,0.03953118217445948,0.0036602946457832855,0.049047948253496024,0.0058564714332532564,0.05856471433253257
c5aa052f9cacdc52,f21beac8ce,images/train/c5aa052f9cacdc52.jpg,USV,0.5643229166666667,0.5333333333333333,0.033854166666666664,0.03518518518518519,0.00119116512345679,1.7105263157894737,-0.0015625,0.002777777777777778,0.08536655898367082,0.007545409092989379,0.0025151363643297927,0.015090818185978757,-0.0050302727286595855,0.0025151363643297927,-0.012575681821648964,0.010060545457319171,0.0,0.01760595455030855,-0.007545409092989379,0.02515136364329793,-0.015090818185978757,0.03269677273628731,-0.012575681821648964,0.040242181829276684,-0.010060545457319171
c60e351c961801d8,b0fe05f41b,images/train/c60e351c961801d8.jpg,USV,0.6622395833333333,0.5753676470588235,0.06510416666666667,0.0625,0.004069010416666667,1.838235294117647,0.010416666666666666,0.00045955882352941176,0.21699823799772577,0.0,0.010168615210249508,-0.021693045781865615,0.009490707529566208,-0.03796283011826483,0.0033895384034165026,-0.059655875900130446,-0.002711630722733202,-0.09219544457292887,-0.025082584185282118,-0.12473501324572729,-0.047453537647831036,-0.15185132047305933,-0.05355470677398074,-0.17896762770039135,-0.05423261445466404
c6c3a7972cc4153b,6fde253657,images/train/c6c3a7972cc4153b.jpg,USV,0.71953125,0.812037037037037,0.044270833333333336,0.04814814814814815,0.002131558641975309,1.6346153846153846,0.0010416666666666667,0.016203703703703703,0.26493830921991574,-0.003760355234976168,-0.0028202664262321256,0.0,-0.013161243322416588,-0.003760355234976168,-0.031022930688553385,-0.007520710469952336,-0.03384319711478551,-0.011281065704928503,-0.036663463541017634,-0.015041420939904671,-0.047004440437202095,-0.011281065704928503,-0.04982470686343422,-0.015041420939904671,-0.060165683759618685
c71780b700ebef12,b9351a7480,images/train/c71780b700ebef12.jpg,Boat,0.33489583333333334,0.4773148148148148,0.121875,0.09351851851851851,0.011397569444444445,2.3168316831683167,-0.0033854166666666668,-0.004166666666666667,0.05142465574753656,0.00528511880169924,-0.0028458332009149755,0.004065476001307108,-0.005691666401829951,0.006098214001960662,-0.008537499602744926,0.008130952002614216,-0.011383332803659902,0.01016369000326777,-0.010976785203529191,0.01544880880496701,-0.013822618404444167,0.014229166004574877,-0.016668451605359142,0.016261904005228433,-0.022766665607319804
c71cd3a4ced8e358,f21beac8ce,images/train/c71cd3a4ced8e358.jpg,USV,0.49375,0.30694444444444446,0.04583333333333333,0.05092592592592592,0.002334104938271605,1.6,-0.004427083333333333,-0.010648148148148148,0.2055530737199093,-0.006288620346925754,0.006288620346925754,-0.005390246011650646,0.012577240693851507,-0.01886586104077726,0.0116788663585764,-0.025154481387703015,0.017967486705502154,-0.017069112370227048,0.03863009641682963,-0.016170738034951938,0.05929270612815711,-0.008085369017475969,0.07995531583948459,0.0,0.10061792555081206
c73929e3940669c9,ace8fc6a18,images/train/c73929e3940669c9.jpg,Boat,0.37135416666666665,0.49356617647058826,0.026041666666666668,0.04411764705882353,0.0011488970588235295,1.0416666666666667,0.0005208333333333333,-0.003676470588235294,0.08416254115301731,-0.002551551815399144,0.0,0.005103103630798288,0.0,-0.007654655446197432,-0.010206207261596576,-0.010206207261596576,-0.010206207261596576,-0.01275775907699572,-0.010206207261596576,-0.015309310892394864,-0.010206207261596576,-0.017860862707794006,-0.020412414523193152,-0.020412414523193152,-0.020412414523193152
c75cb74928337ec9,6fde253657,images/train/c75cb74928337ec9.jpg,USV,0.7145833333333333,0.6912037037037037,0.03854166666666667,0.04351851851851852,0.0016772762345679012,1.574468085106383,0.0018229166666666667,0.0023148148148148147,0.07293249574894728,-0.007418451616195164,-0.005298894011567974,0.0021195576046271897,0.006358672813881569,-0.005298894011567974,0.0010597788023135948,0.004239115209254379,0.004239115209254379,0.013777124430076733,0.007418451616195164,0.006358672813881569,0.010597788023135948,0.015896682034703923,0.013777124430076733,0.016956460837017517,0.016956460837017517
c7b20bc225c20979,b9351a7480,images/train/c7b20bc225c20979.jpg,Boat,0.5888020833333333,0.5300925925925926,0.21197916666666666,0.1361111111111111,0.02885271990740741,2.7687074829931975,-0.009375,-0.012962962962962963,0.09322787814203343,0.0010220782268431116,0.0010220782268431116,0.0020441564536862232,0.0,0.005110391134215558,0.0010220782268431116,0.008176625814744893,0.0020441564536862232,0.009198704041588004,0.005110391134215558,0.012264938722117338,0.0040883129073724465,0.015331173402646673,0.007154547587901781,0.016353251629489786,0.006132469361058669
c7c5382c7cc1f3d4,dd66390d74,images/train/c7c5382c7cc1f3d4.jpg,Boat,0.5833333333333334,0.3547794117647059,0.18125,0.12316176470588236,0.022323069852941177,2.5970149253731343,0.0015625,0.01011029411764706,0.05279948117047814,-0.001736557814093188,0.0005788526046977293,-0.003473115628186376,0.0011577052093954586,-0.0075250838610704815,-0.0005788526046977293,-0.009261641675163669,0.0023154104187909173,-0.010998199489256857,0.0075250838610704815,-0.012734757303350046,0.008103936465768211,-0.01678672553623415,0.013313609908047775,-0.018523283350327338,0.016207872931536423
c7d74d2363944def,96ae008b89,images/train/c7d74d2363944def.jpg,Boat,0.2591145833333333,0.38333333333333336,0.23072916666666668,0.11481481481481481,0.026491126543209877,3.5725806451612905,0.00234375,-0.0023148148148148147,0.02196393912107114,0.0018666605606225527,0.001333328971873252,0.0037333211212451055,0.002666657943746504,0.005599981681867658,0.003999986915619756,0.005333315887493008,0.005333315887493008,0.007199976448115561,0.004533318504369057,0.009066637008738113,0.005866647476242309,0.010933297569360666,0.007199976448115561,0.010666631774986016,0.008533305419988813
c7fdb293309b807c,6fde253657,images/train/c7fdb293309b807c.jpg,USV,0.7549479166666667,0.5208333333333334,0.0515625,0.058333333333333334,0.0030078125,1.5714285714285714,-0.0046875,-0.004629629629629629,0.13036621620912245,0.0015827857841616381,-0.0047483573524849144,0.0031655715683232763,0.0031655715683232763,0.0047483573524849144,-0.0015827857841616381,0.012662286273293105,0.0,0.0015827857841616381,0.0015827857841616381,-0.0031655715683232763,0.0031655715683232763,-0.0015827857841616381,0.0047483573524849144,0.0,0.012662286273293105
c8939f45328635a8,b6cf3a91b7,images/train/c8939f45328635a8.jpg,Boat,0.2598958333333333,0.7215073529411765,0.11875,0.0900735294117647,0.010696231617647059,2.326530612244898,-0.0033854166666666668,0.00045955882352941176,0.04361280339672896,0.002090593329423424,-0.0004181186658846848,0.004181186658846848,-0.0008362373317693696,0.006271779988270272,-0.0012543559976540544,0.0050174239906162175,-0.0016724746635387391,0.007108017320039641,-0.002090593329423424,0.009198610649463066,-0.0025087119953081088,0.011289203978886489,-0.0029268306611927937,0.010034847981232435,-0.0033449493270774782
c9685ea3e5880368,b0fe05f41b,images/train/c9685ea3e5880368.jpg,USV,0.31536458333333334,0.49954044117647056,0.06510416666666667,0.057904411764705885,0.003769818474264706,1.9841269841269842,0.012239583333333333,-0.0055147058823529415,0.2733101035425012,0.0007042952122737639,-0.0028171808490950554,0.0014085904245475277,0.0,0.0021128856368212916,-0.0028171808490950554,0.0028171808490950554,-0.005634361698190111,-0.007747247335011402,-0.008451542547285166,-0.0070429521227376385,-0.011268723396380222,-0.011973018608653985,-0.014085904245475277,-0.011268723396380222,-0.028171808490950554
c9bd6cb699a24f1e,b6cf3a91b7,images/train/c9bd6cb699a24f1e.jpg,Boat,0.39296875,0.5193014705882353,0.0796875,0.10477941176470588,0.008349609375,1.3421052631578947,0.002864583333333333,0.002297794117647059,0.04574549076649264,0.0023662023459596598,0.005205645161111252,0.0047324046919193195,0.002839442815151592,0.007098607037878979,0.008045087976262844,0.009464809383838639,0.009464809383838639,0.015616935483333755,0.010884530791414436,0.017983137829293415,0.012304252198990232,0.01656341642171762,0.017509897360101483,0.018929618767677278,0.015143695014141824
c9e893e6d30b7191,b6cf3a91b7,images/train/c9e893e6d30b7191.jpg,Boat,0.3736979166666667,0.43566176470588236,0.1109375,0.0900735294117647,0.009992532169117647,2.173469387755102,0.009635416666666667,0.021139705882352942,0.2043000890760307,0.008219223284927388,0.007786632585720684,0.016438446569854777,0.01211253957778773,0.024657669854782165,0.01989917216350841,0.025955441952402278,0.02422507915557546,0.03417466523732966,0.02162953496033523,0.03201171174129614,0.029416167546055916,0.03330948383891626,0.03374207453812296,0.031146530342882735,0.04152870712384364
c9f1eb0ddcca09b8,b6cf3a91b7,images/train/c9f1eb0ddcca09b8.jpg,Boat,0.33958333333333335,0.5556066176470589,0.07395833333333333,0.06893382352941177,0.005098230698529412,1.8933333333333333,-0.0109375,0.004136029411764706,0.20811020915594117,0.0012112539577787732,-0.0006056269788893866,0.0024225079155575464,-0.0012112539577787732,-0.0012112539577787732,-0.006661896767783252,0.004845015831115093,-0.007267523746672638,0.0012112539577787732,-0.007873150725562026,-0.0024225079155575464,-0.013323793535566505,0.003633761873336319,-0.01392942051445589,0.009690031662230186,-0.014535047493345277
ca02ba168b7e3b01,b9351a7480,images/train/ca02ba168b7e3b01.jpg,Boat,0.5028645833333333,0.6736111111111112,0.2838541666666667,0.1361111111111111,0.03863570601851852,3.707482993197279,0.0078125,0.022685185185185187,0.10149294347261939,0.002208122173345973,-0.003753807694688154,0.006182742085368724,-0.007507615389376308,0.010157361997391475,-0.011261423084064462,0.012365484170737448,-0.015015230778752615,0.0163401040827602,-0.018769038473440768,0.02031472399478295,-0.022522846168128923,0.0242893439068057,-0.026276653862817075,0.026497466080151674,-0.03003046155750523
ca2b51f1b4cba505,dd66390d74,images/train/ca2b51f1b4cba505.jpg,Boat,0.41640625,0.5799632352941176,0.13072916666666667,0.07352941176470588,0.009612438725490197,3.1375,-0.009114583333333334,-0.008272058823529412,0.13887173422168045,-0.005733786468897873,-0.002646362985645172,-0.018524540899516204,-0.005292725971290344,-0.03131529533013454,-0.004410604976075287,-0.044106049760752865,-0.007056967961720459,-0.0568968041913712,-0.01676029890908609,-0.08027301056457022,-0.01587817791387103,-0.10012073295690901,-0.011467572937795746,-0.1199684553492478,-0.010585451942580688
ca4533ef48aed594,b6cf3a91b7,images/train/ca4533ef48aed594.jpg,Boat,0.33046875,0.5932904411764706,0.0890625,0.07628676470588236,0.006794289981617647,2.0602409638554215,-0.007552083333333333,0.011488970588235295,0.1606940838986118,-0.001573853016143372,0.0036723237043345346,0.0010492353440955814,-0.0010492353440955814,-0.004721559048430116,0.0026230883602389532,-0.0020984706881911628,0.006295412064573488,-0.0036723237043345346,0.005770794392525697,-0.0010492353440955814,0.0052461767204779065,-0.0026230883602389532,0.008918500424812442,0.0,0.012590824129146977
cab30a9367ccd0b5,b9351a7480,images/train/cab30a9367ccd0b5.jpg,Boat,0.3640625,0.4115740740740741,0.11875,0.09722222222222222,0.01154513888888889,2.1714285714285713,0.0013020833333333333,0.004166666666666667,0.033270617692956105,-0.0020197050373163576,0.009290643171655245,-0.004039410074632715,0.012118230223898144,-0.006059115111949072,0.014945817276141044,-0.00807882014926543,0.017773404328383945,-0.006866997126875616,0.023832519440333017,-0.008886702164191972,0.026660106492575917,0.008482761156728701,0.0424138057836435,0.025852224477649375,0.06139903313441727
cac1fdd614bf5fbb,b6cf3a91b7,images/train/cac1fdd614bf5fbb.jpg,Boat,0.5981770833333333,0.5418198529411765,0.1265625,0.13511029411764705,0.017099896599264707,1.653061224489796,0.004166666666666667,0.0009191176470588235,0.04265744840369603,-0.0026455026455026454,-0.005952380952380952,-0.0026455026455026454,-0.009259259259259259,-0.0026455026455026454,-0.012566137566137565,-0.005291005291005291,-0.018518518518518517,-0.005291005291005291,-0.02447089947089947,-0.007936507936507936,-0.027777777777777776,-0.010582010582010581,-0.046957671957671955,-0.010582010582010581,-0.06349206349206349
cb2a98f099c15763,b9351a7480,images/train/cb2a98f099c15763.jpg,Boat,0.6104166666666667,0.38796296296296295,0.08645833333333333,0.13703703703703704,0.011847993827160494,1.1216216216216217,0.003125,-0.05555555555555555,0.38470429551195134,-0.007974897526415113,-0.00637991802113209,-0.009569877031698136,-0.009569877031698136,-0.011164856536981158,-0.015949795052830226,-0.015949795052830226,-0.015949795052830226,-0.01754477455811325,-0.022329713073962316,-0.022329713073962316,-0.02551967208452836,-0.02392469257924534,-0.03189959010566045,-0.02551967208452836,-0.03189959010566045
cb2b432bf07c6b3c,b9351a7480,images/train/cb2b432bf07c6b3c.jpg,Boat,0.3421875,0.48194444444444445,0.12395833333333334,0.09351851851851851,0.011592399691358024,2.3564356435643563,-0.0033854166666666668,0.004166666666666667,0.050990684648850156,-0.0012093502720631217,-0.003628050816189365,0.0008062335147087478,-0.00725610163237873,-0.003628050816189365,-0.010884152448568095,-0.004837401088252487,-0.01451220326475746,-0.0028218173014806173,-0.018140254080946827,-0.004031167573543739,-0.02176830489713619,-0.005240517845606861,-0.025396355713325557,-0.006449868117669982,-0.03224934058834991
cb2f6aff47e6f2fc,b6cf3a91b7,images/train/cb2f6aff47e6f2fc.jpg,Boat,0.6140625,0.30330882352941174,0.075,0.13786764705882354,0.010340073529411764,0.96,0.0026041666666666665,-0.05652573529411765,0.41983517488899624,0.005953620902598002,0.00467784499489843,0.011907241805196004,0.00935568998979686,0.014458793620595147,0.017435604071894147,0.02381448361039201,0.02211344906679258,0.029768104512990008,0.026791294061691007,0.028917587241190295,0.034871208143788295,0.028067069969390582,0.03954905313868673,0.027216552697590865,0.05103103630798287
cc1871e69d129c26,c230f95bbd,images/train/cc1871e69d129c26.jpg,USV,0.4192708333333333,0.524537037037037,0.15,0.11388888888888889,0.017083333333333332,2.341463414634146,0.0020833333333333333,0.000462962962962963,0.02141794914595675,-0.0026565696377639095,-0.0003320712047204887,-0.0026565696377639095,0.001992427228322932,-0.005313139275527819,0.004316925661366352,-0.007969708913291728,0.003984854456645864,-0.007969708913291728,0.0036527832519253753,-0.010626278551055638,0.0033207120472048867,-0.013282848188819547,0.002988640842484398,-0.013282848188819547,0.005313139275527819
cc26bad146da7ffe,2b50dc5ca4,images/train/cc26bad146da7ffe.jpg,USV,0.61328125,0.4759259259259259,0.049479166666666664,0.044444444444444446,0.002199074074074074,1.9791666666666667,0.00390625,-0.001851851851851852,0.11494659324332154,-0.006478815850490072,0.003702180485994327,-0.00555327072899149,0.007404360971988654,-0.012032086579481563,0.01110654145798298,-0.01110654145798298,0.007404360971988654,-0.017585357308473052,0.01110654145798298,-0.01665981218697447,0.007404360971988654,-0.01573426706547589,0.01110654145798298,-0.02221308291596596,0.014808721943977308
cc8adc31cb15879c,b9351a7480,images/train/cc8adc31cb15879c.jpg,Boat,0.41328125,0.5476851851851852,0.07552083333333333,0.09537037037037037,0.007202449845679013,1.4077669902912622,-0.0026041666666666665,0.014351851851851852,0.133267755327298,0.001022839283988662,-0.0035799374939603167,-0.002045678567977324,-0.003068517851965986,-0.00511419641994331,-0.0066484553459263025,-0.008182714271909296,-0.01022839283988662,-0.011251232123875281,-0.013808330333846937,-0.01022839283988662,-0.013296910691852605,-0.017388267827807252,-0.02096820532176757,-0.024548142815727887,-0.028639499951682534
cc95b83ea6a20bd3,f21beac8ce,images/train/cc95b83ea6a20bd3.jpg,USV,0.5140625,0.362962962962963,0.014583333333333334,0.016666666666666666,0.00024305555555555555,1.5555555555555556,0.0005208333333333333,0.018518518518518517,0.891983699758533,-0.005567942539842175,0.0222717701593687,-0.01113588507968435,0.0,-0.016703827619526525,0.0222717701593687,-0.0222717701593687,0.0,-0.027839712699210872,-0.0222717701593687,-0.01113588507968435,0.0,-0.03897559777889522,0.0,-0.0445435403187374,0.0
cccdbeedddc3022b,1d2277871a,images/train/cccdbeedddc3022b.jpg,USV,0.3328125,0.34629629629629627,0.058333333333333334,0.05740740740740741,0.0033487654320987653,1.8064516129032258,-0.0010416666666666667,0.000462962962962963,0.02473942542798665,-0.009000288013824737,-0.0007500240011520614,-0.006000192009216491,-0.0015000480023041227,-0.009000288013824737,-0.0022500720034561842,-0.006000192009216491,-0.0030000960046082455,-0.0030000960046082455,-0.003750120005760307,0.0,-0.01050033601612886,0.0030000960046082455,-0.01125036001728092,0.006000192009216491,-0.018000576027649474
ccf5ef11401e3f92,2b50dc5ca4,images/train/ccf5ef11401e3f92.jpg,USV,0.66484375,0.4666666666666667,0.0546875,0.04259259259259259,0.0023292824074074075,2.282608695652174,0.035416666666666666,0.0,0.9784425872172221,0.03597215394180964,0.0,0.07194430788361927,0.0,0.1079164618254289,-0.007194430788361927,0.13669418497887662,-0.007194430788361927,0.19424963128577202,0.0,0.25899950838102936,0.0,0.3525271086297344,0.0,0.44605470887843945,0.0
cd35d5f85165196e,c230f95bbd,images/train/cd35d5f85165196e.jpg,USV,0.34375,0.5824074074074074,0.12916666666666668,0.09814814814814815,0.012677469135802468,2.339622641509434,0.044270833333333336,-0.04398148148148148,0.6005567132205574,-0.013106301711491597,0.011949863325183515,-0.023128767726161643,0.02389972665036703,-0.03315123374083169,0.0389334256723721,-0.043173699755501733,0.05088328899755561,-0.056280001466993336,0.06283315232273913,-0.06630246748166338,0.0778668513447442,-0.10099561907090585,0.10215205745721392,-0.13877260635696986,0.13260493496332676
cd5e7a1963e71950,b6cf3a91b7,images/train/cd5e7a1963e71950.jpg,Boat,0.6036458333333333,0.5091911764705882,0.109375,0.13602941176470587,0.014878216911764705,1.4189189189189189,0.00234375,-0.022518382352941176,0.14129616932035866,0.0024816329809728616,-0.016662392872246357,0.0021271139836910244,-0.03332478574449271,0.001772594986409187,-0.047151026638484375,0.0014180759891273497,-0.06097726753247603,0.0038997089701002115,-0.07480350842646769,0.003545189972818374,-0.09146590129871406,0.0060268229537912355,-0.10812829417096041,0.0028361519782546993,-0.12195453506495206
cdcd096f94da4d32,6fde253657,images/train/cdcd096f94da4d32.jpg,USV,0.7869791666666667,0.537962962962963,0.052083333333333336,0.06111111111111111,0.00318287037037037,1.5151515151515151,-0.005729166666666666,0.001388888888888889,0.136653731834306,-0.001538643637241659,-0.0023079654558624887,0.003077287274483318,0.001538643637241659,0.001538643637241659,-0.0007693218186208295,0.0,-0.003077287274483318,0.0046159309117249775,-0.0053852527303458065,0.003077287274483318,-0.013847792735174932,0.001538643637241659,-0.01615575819103742,0.006154574548966636,-0.01846372364689991
cdfa958ea0c7aa4e,3c1c8b0c56,images/train/cdfa958ea0c7aa4e.jpg,Boat,0.3791360294117647,0.6194852941176471,0.12224264705882353,0.029411764705882353,0.003595371972318339,4.15625,0.00045955882352941176,-0.002297794117647059,0.0390801182073154,0.006706211525616814,-0.0028740906538357773,-0.0019160604358905182,-0.005748181307671555,-0.0028740906538357773,-0.008622271961507333,-0.0038321208717810363,-0.0038321208717810363,-0.004790151089726295,-0.014370453269178888,-0.005748181307671555,-0.00958030217945259,-0.006706211525616814,-0.012454392833288369,-0.007664241743562073,-0.015328483487124145
ce22ad2cb61ad929,b0fe05f41b,images/train/ce22ad2cb61ad929.jpg,USV,0.5091145833333334,0.42830882352941174,0.06302083333333333,0.06066176470588235,0.003822954963235294,1.8333333333333333,0.002864583333333333,-0.0009191176470588235,0.06255475938217958,0.0034969173573674074,0.001398766942946963,0.006993834714734815,0.002797533885893926,0.021680887615677925,0.004196300828840888,0.025177804973045333,0.005595067771787852,0.02867472233041274,0.006993834714734815,0.037766707459568,0.008392601657681777,0.04685869258872326,0.009791368600628741,0.05035560994609067,0.011190135543575704
ce6a34940410e8fb,f21beac8ce,images/train/ce6a34940410e8fb.jpg,USV,0.35078125,0.586574074074074,0.1515625,0.17685185185185184,0.026804108796296296,1.5235602094240839,-0.02578125,0.028703703703703703,0.24773855277113743,0.007157817207011967,0.0026510434100044324,0.010073964958016842,0.005302086820008865,0.004506773797007535,0.007953130230013296,-0.0010604173640017729,0.012725008368021274,-0.004506773797007535,0.019617721234032798,-0.010073964958016842,0.024389599372040778,-0.01564115611902615,0.0312823122380523,-0.02120834728003546,0.03393335564805673
cfd80e09366c6f9b,dd66390d74,images/train/cfd80e09366c6f9b.jpg,Boat,0.4669270833333333,0.3727022058823529,0.11510416666666666,0.07628676470588236,0.008780924479166667,2.6626506024096384,0.0015625,-0.00505514705882353,0.046257765216537725,0.0009229428931025333,-0.009690900377576599,-0.0018458857862050666,-0.011998257610332934,-0.0009229428931025333,-0.006922071698269,0.0,-0.0166129720758456,-0.0027688286793076,-0.018920329308601932,-0.0018458857862050666,-0.017535914968948133,-0.0009229428931025333,-0.019843272201704468,-0.003691771572410133,-0.018458857862050666
d0af2d08c107ba14,f21beac8ce,images/train/d0af2d08c107ba14.jpg,USV,0.57265625,0.5277777777777778,0.06510416666666667,0.05555555555555555,0.003616898148148148,2.0833333333333335,-0.00234375,-0.005555555555555556,0.08660254037844387,0.00649519052838329,-0.002886751345948129,0.0014433756729740645,-0.005773502691896258,-0.0036084391824351613,-0.002886751345948129,-0.002886751345948129,-0.005773502691896258,-0.007938566201357354,-0.002886751345948129,-0.007216878364870323,-0.005773502691896258,-0.012268693220279547,-0.002886751345948129,-0.017320508075688773,-0.005773502691896258
d0b31b0594765ea5,b9351a7480,images/train/d0b31b0594765ea5.jpg,Boat,0.4348958333333333,0.49444444444444446,0.046875,0.053703703703703705,0.0025173611111111113,1.5517241379310345,-0.0015625,-0.000462962962962963,0.042095494430413764,0.005190342490858748,0.0008650570818097914,0.0034602283272391655,0.0017301141636195828,0.0017301141636195828,0.002595171245429374,0.006920456654478331,0.0034602283272391655,0.005190342490858748,-0.002595171245429374,0.0034602283272391655,-0.008650570818097914,0.008650570818097914,-0.0077855137362881225,0.006920456654478331,-0.006920456654478331
d0b6ae6db1da0d3b,b9351a7480,images/train/d0b6ae6db1da0d3b.jpg,Boat,0.3807291666666667,0.4486111111111111,0.103125,0.08425925925925926,0.008689236111111111,2.1758241758241756,0.01328125,0.024074074074074074,0.27130600547527256,-0.008846680176131052,0.005587376953345928,-0.02141827832115939,0.0074498359377945704,-0.030264958497290443,0.009312294922243213,-0.039111638673421496,0.014899671875589141,-0.047958318849552546,0.020487048828935067,-0.056804999025683596,0.022349507813383712,-0.06565167920181465,0.024211966797832354,-0.07822327734684299,0.026074425782280995
d172ee08f49c9fb0,c230f95bbd,images/train/d172ee08f49c9fb0.jpg,USV,0.4518229166666667,0.538425925925926,0.07239583333333334,0.06574074074074074,0.004759355709876543,1.9577464788732395,0.0067708333333333336,0.0060185185185185185,0.14630588123025526,-0.00629134415267041,0.006920478567937451,-0.0075496129832044925,0.008807881813738575,-0.0037748064916022462,0.015728360381676024,-0.010066150644272655,0.01761576362747715,-0.011324419474806738,0.0245362421954146,-0.0075496129832044925,0.03145672076335205,-0.013840957135874903,0.038377199331289504,-0.02013230128854531,0.04529767789922695
d1b40436174749eb,4642ebc223,images/train/d1b40436174749eb.jpg,USV,0.6541666666666667,0.48299632352941174,0.051041666666666666,0.05238970588235294,0.0026740579044117647,1.719298245614035,0.0026041666666666665,-0.0013786764705882354,0.06984459246292593,0.0050174239906162175,0.0025087119953081088,-0.0033449493270774782,-0.0016724746635387391,0.0016724746635387391,0.0008362373317693696,0.0066898986541549564,0.0033449493270774782,0.011707322644771175,0.005853661322385587,0.01672474663538739,0.0016724746635387391,0.015052271971848653,-0.0025087119953081088,0.02006969596246487,0.0
d1b4c2c4aaa37e38,b9351a7480,images/train/d1b4c2c4aaa37e38.jpg,Boat,0.5825520833333333,0.5171296296296296,0.1578125,0.13425925925925927,0.021187789351851852,2.089655172413793,0.0036458333333333334,0.006944444444444444,0.04894470743629805,0.000596354770398527,0.0002981773851992635,0.001192709540797054,0.000596354770398527,0.0017890643111955807,-0.0014908869259963172,0.002385419081594108,0.001192709540797054,0.0029817738519926345,0.003876306007590425,0.005963547703985269,0.006559902474383796,0.006559902474383796,0.009243498941177167,0.007156257244782323,0.009541676326376432
d259a5f2622dadea,b6cf3a91b7,images/train/d259a5f2622dadea.jpg,Boat,0.5861979166666667,0.6240808823529411,0.2911458333333333,0.13602941176470587,0.03960439644607843,3.777027027027027,0.005208333333333333,0.003216911764705882,0.03683463860249816,-0.0008691670362172542,-0.0015210423133801949,0.0,-0.0030420846267603897,0.0008691670362172542,-0.006301461012575093,0.0017383340724345085,-0.007822503325955289,0.0008691670362172542,-0.009343545639335482,0.0017383340724345085,-0.010864587952715677,0.0026075011086517624,-0.008908962121226856,0.003476668144869017,-0.008691670362172542
d2a8b84e4665bbd3,c230f95bbd,images/train/d2a8b84e4665bbd3.jpg,USV,0.4083333333333333,0.5773148148148148,0.07916666666666666,0.06944444444444445,0.005497685185185185,2.026666666666667,0.0033854166666666668,-0.002777777777777778,0.06704934030315078,0.0017560983967156764,-0.0011707322644771176,-0.0011707322644771176,-0.0070243935868627054,0.0005853661322385588,-0.0035121967934313527,-0.002341464528954235,-0.00936585811581694,-0.0005853661322385588,-0.005853661322385587,-0.0035121967934313527,-0.011707322644771175,-0.006439027454624146,-0.012878054909248293,-0.014048787173725411,-0.01873171623163388
d3478cda610e5d72,4642ebc223,images/train/d3478cda610e5d72.jpg,USV,0.9046875,0.42784926470588236,0.08854166666666667,0.08363970588235294,0.007405598958333333,1.8681318681318682,0.016666666666666666,-0.0027573529411764708,0.25840743423616847,-0.008039977681052937,0.003014991630394851,-0.016079955362105873,0.006029983260789702,-0.028139921883685276,0.009044974891184554,-0.036179899564738216,0.012059966521579405,-0.04421987724579115,0.011054969311447787,-0.05627984376737055,0.014069960941842638,-0.07235979912947643,0.013064963731711022,-0.08039977681052936,0.016079955362105873
d3492259626b6b51,b6cf3a91b7,images/train/d3492259626b6b51.jpg,Boat,0.4401041666666667,0.48299632352941174,0.046875,0.05422794117647059,0.002541934742647059,1.5254237288135593,0.0036458333333333334,0.008272058823529412,0.15646759801272575,-0.012007726639892349,-0.008576947599923107,-0.024015453279784698,-0.010292337119907728,-0.036023179919677045,-0.012007726639892349,-0.048030906559569396,-0.020584674239815456,-0.06003863319946175,-0.029161621839738562,-0.06518480175941561,-0.030877011359723185,-0.07719252839930796,-0.03945395895964629,-0.09606181311913879,-0.04116934847963091
d3695d80e74c0179,6fde253657,images/train/d3695d80e74c0179.jpg,USV,0.7138020833333333,0.5902777777777778,0.0359375,0.03981481481481482,0.0014308449074074074,1.6046511627906976,-0.00703125,-0.024074074074074074,0.5378338508269841,-0.005737084526203371,0.004589667620962697,-0.011474169052406741,-0.009179335241925393,-0.01721125357861011,-0.004589667620962697,-0.022948338104813483,-0.009179335241925393,-0.028685422631016852,-0.01376900286288809,-0.03442250715722022,-0.018358670483850786,-0.0401595916834236,-0.022948338104813483,-0.045896676209626966,-0.018358670483850786
d3812468759cfbdf,3c1c8b0c56,images/train/d3812468759cfbdf.jpg,Boat,0.31112132352941174,0.5317095588235294,0.13143382352941177,0.019301470588235295,0.002536866079152249,6.809523809523809,-0.00045955882352941176,0.003676470588235294,0.07356123579206246,-0.007983629812832318,0.0,-0.006843111268141987,0.0,-0.005702592723451656,0.0,-0.0045620741787613245,0.0,-0.0034215556340709934,0.0,-0.0022810370893806622,0.0,-0.01026466690221298,0.0,-0.018248296715045298,0.0
d3ab596316401230,f21beac8ce,images/train/d3ab596316401230.jpg,USV,0.5890625,0.5351851851851852,0.052083333333333336,0.04814814814814815,0.002507716049382716,1.9230769230769231,0.00078125,0.0032407407407407406,0.05280588545286916,-0.0026001571698057615,0.0008667190566019205,-0.005200314339611523,-0.005200314339611523,-0.007800471509417285,-0.004333595283009603,-0.003466876226407682,-0.003466876226407682,-0.0060670333962134435,-0.009533909622621125,-0.008667190566019205,-0.001733438113203841,-0.01820110018864033,-0.007800471509417285,-0.013867504905630728,-0.013867504905630728
d421a128d770cc50,b0fe05f41b,images/train/d421a128d770cc50.jpg,USV,0.30703125,0.4963235294117647,0.06927083333333334,0.05698529411764706,0.00394741881127451,2.1451612903225805,-0.0020833333333333333,-0.0027573529411764708,0.05506153812634727,0.0055061538126347275,-0.0013765384531586819,0.011012307625269455,-0.0027530769063173637,0.0055061538126347275,0.0013765384531586819,0.011012307625269455,-0.0055061538126347275,0.016518461437904183,-0.0013765384531586819,0.02202461525053891,-0.008259230718952092,0.027530769063173637,-0.0151419229847455,0.03303692287580837,-0.011012307625269455
d44f3313aea1b0fa,1cec08390c,images/train/d44f3313aea1b0fa.jpg,Boat,0.32447916666666665,0.4765625,0.030208333333333334,0.015625,0.00047200520833333334,3.411764705882353,0.005208333333333333,0.001838235294117647,0.3247717251054837,-0.007961621941231026,-0.007961621941231026,-0.01592324388246205,0.0,-0.007961621941231026,0.007961621941231026,-0.01592324388246205,0.0,-0.007961621941231026,-0.007961621941231026,-0.01592324388246205,0.0,-0.007961621941231026,0.007961621941231026,-0.01592324388246205,0.0
d5485a1349f9cb54,b6cf3a91b7,images/train/d5485a1349f9cb54.jpg,Boat,0.5458333333333333,0.6920955882352942,0.28958333333333336,0.13419117647058823,0.03885952818627451,3.808219178082192,0.011979166666666667,-0.006893382352941176,0.08490961809070079,-0.001316186536594657,0.0015355509593604332,-0.004387288455315524,0.001316186536594657,-0.0092133057561626,-0.002413008650423538,-0.012284407674883466,-0.004387288455315524,-0.015355509593604332,-0.008116483642333718,-0.0184266115123252,-0.008335848065099493,-0.023252628813172273,-0.012065043252117689,-0.02632373073189314,-0.014039323057009674
d5538589d58c1f3d,b9351a7480,images/train/d5538589d58c1f3d.jpg,Boat,0.6013020833333333,0.6212962962962963,0.28177083333333336,0.13703703703703704,0.03861304012345679,3.6554054054054053,0.007291666666666667,-0.001851851851851852,0.049978763537286426,-0.0008835080653133548,-0.0008835080653133548,0.0,0.0,-0.0026505241959400645,-0.0008835080653133548,-0.0035340322612534194,-0.0017670161306267097,-0.004417540326566774,-0.0026505241959400645,-0.005301048391880129,-0.005301048391880129,-0.0061845564571934835,-0.004417540326566774,-0.008835080653133548,-0.007068064522506839
d5d75457e3d3c828,6fde253657,images/train/d5d75457e3d3c828.jpg,USV,0.6510416666666666,0.6722222222222223,0.08020833333333334,0.07777777777777778,0.006238425925925926,1.8333333333333333,0.003125,-0.0060185185185185185,0.07777538500898742,-0.002198062338916656,-0.006044671432020803,-0.004396124677833312,-0.007693218186208295,-0.010990311694583279,-0.009341764940395788,-0.008792249355666623,-0.010990311694583279,-0.01538643637241659,-0.012638858448770772,-0.017584498711333246,-0.014287405202958263,-0.019782561050249902,-0.015935951957145755,-0.02637674806699987,-0.017584498711333246
d5de962f10d8dd84,3c1c8b0c56,images/train/d5de962f10d8dd84.jpg,Boat,0.28170955882352944,0.33869485294117646,0.109375,0.015625,0.001708984375,7.0,0.009191176470588236,0.001838235294117647,0.22673508509633683,0.005558301073665107,-0.005558301073665107,0.0,0.0,0.005558301073665107,-0.005558301073665107,0.0,-0.011116602147330214,-0.005558301073665107,-0.005558301073665107,0.0,0.0,-0.005558301073665107,-0.005558301073665107,-0.011116602147330214,-0.011116602147330214
d609758224a1f12c,b9351a7480,images/train/d609758224a1f12c.jpg,Boat,0.371875,0.4726851851851852,0.134375,0.09166666666666666,0.012317708333333333,2.606060606060606,-0.009375,-0.024074074074074074,0.19786662665012414,-0.0015642730328714121,0.0015642730328714121,0.0,0.0031285460657428242,0.0015642730328714121,0.010949911230099885,0.0,0.012514184262971297,0.0046928190986142366,0.014078457295842709,0.0062570921314856484,0.028156914591685418,0.010949911230099885,0.048492464019013776,0.012514184262971297,0.06257092131485649
d6208fb7891b7066,ace8fc6a18,images/train/d6208fb7891b7066.jpg,Boat,0.14505208333333333,0.37637867647058826,0.08385416666666666,0.08915441176470588,0.007475968903186274,1.6597938144329898,-0.026041666666666668,-0.008731617647058824,0.40726026173866414,-0.08202100006436887,-0.018504737819400294,-0.19605019527580853,-0.033008451245416744,-0.3260834880607836,-0.05951523785158473,-0.4561167808457586,-0.08202100006436887,-0.6061551955976529,-0.10452676227715302,-0.7281864395958603,-0.1390355976700887,-0.838214610413916,-0.15353931109610514,-0.9282376592650526,-0.17604507330888927
d664a69f7e72afc8,f21beac8ce,images/train/d664a69f7e72afc8.jpg,USV,0.5125,0.32685185185185184,0.014583333333333334,0.016666666666666666,0.00024305555555555555,1.5555555555555556,0.0005208333333333333,0.01574074074074074,0.7585491581939996,0.03897559777889522,0.03897559777889522,0.07795119555779044,0.03340765523905305,0.07238325301794826,0.027839712699210872,0.0668153104781061,0.0668153104781061,0.06124736793826392,0.06124736793826392,0.055679425398421745,0.055679425398421745,0.050111482858579574,0.09465502317731697,0.0445435403187374,0.0890870806374748
d6806e6b1415b5b1,3c1c8b0c56,images/train/d6806e6b1415b5b1.jpg,Boat,0.27068014705882354,0.4255514705882353,0.11121323529411764,0.01838235294117647,0.0020443609429065743,6.05,-0.0055147058823529415,0.004136029411764706,0.15245918028407657,0.005081972676135886,-0.011434438521305742,0.010163945352271771,-0.002540986338067943,0.015245918028407657,-0.0038114795071019143,0.020327890704543543,-0.005081972676135886,0.0355738087329512,0.0038114795071019143,0.040655781409087086,-0.0076229590142038285,0.05590169943749474,0.0012704931690339714,0.06098367211363063,-0.010163945352271771
d6efdb61e1bb3675,b9351a7480,images/train/d6efdb61e1bb3675.jpg,Boat,0.4953125,0.5736111111111111,0.27708333333333335,0.13425925925925927,0.03720100308641975,3.668965517241379,-0.007291666666666667,0.024537037037037038,0.10790928021272314,0.0009001195438136548,0.0006750896578602411,0.0,-0.0004500597719068274,0.006300836806695584,0.0002250298859534137,0.009001195438136548,0.0009001195438136548,0.013501793157204822,0.001575209201673896,0.016202151788645786,0.002250298859534137,0.02070274950771406,0.0011251494297670685,0.023403108139155027,0.0036004781752546192
d6fac74987b6dad4,dd66390d74,images/train/d6fac74987b6dad4.jpg,Boat,0.13671875,0.4655330882352941,0.13072916666666667,0.0744485294117647,0.009732594209558824,3.0987654320987654,-0.027083333333333334,-0.015165441176470588,0.38260913429164456,0.014026542291062294,0.0004383294465956967,0.028053084582124587,0.004383294465956967,0.03857299130042131,0.00131498833978709,0.056106169164249174,0.012273224504679506,0.08065261817360819,0.00920491837850963,0.11221233832849835,0.0131498833978709,0.14727869405615407,0.013588212844466596,0.17883841421104424,0.017533177863827867
d73dfab630d1326b,6fde253657,images/train/d73dfab630d1326b.jpg,USV,0.7075520833333333,0.7513888888888889,0.0453125,0.049074074074074076,0.0022236689814814814,1.6415094339622642,0.004427083333333333,0.011111111111111112,0.21656112405299155,-0.0009204123900111125,0.0,-0.001840824780022225,0.0073632991200889,-0.0027612371700333374,0.0,-0.01104494868013335,0.0073632991200889,-0.004602061950055562,0.0073632991200889,0.001840824780022225,0.0147265982401778,-0.006442886730077787,0.0220898973602667,-0.0073632991200889,0.0294531964803556
d771dd1c41292b0d,1cec08390c,images/train/d771dd1c41292b0d.jpg,Boat,0.17552083333333332,0.44025735294117646,0.021875,0.012867647058823529,0.0002814797794117647,3.0,0.00078125,0.0,0.06185895741317419,0.01288728279441129,0.0,0.005154913117764516,0.0,-0.002577456558882258,0.0,-0.010309826235529031,0.0,0.002577456558882258,0.0,0.015464739353293547,0.0,0.0077323696766467736,0.0,0.0,0.0
d77fe08c52d9bcc3,ace8fc6a18,images/train/d77fe08c52d9bcc3.jpg,Boat,0.2703125,0.3506433823529412,0.12708333333333333,0.14613970588235295,0.018571920955882355,1.5345911949685536,0.002864583333333333,0.001838235294117647,0.029712337024211926,-0.0034904323664782955,-0.0012692481332648347,-0.006980864732956591,0.0,-0.010471297099434887,-0.0012692481332648347,-0.01650022573244285,-0.0025384962665296693,-0.022529154365450815,-0.0012692481332648347,-0.026019586731929112,-0.0025384962665296693,-0.029510019098407406,-0.0012692481332648347,-0.0330004514648857,-0.0025384962665296693
d78ccb23f2376b3e,6fde253657,images/train/d78ccb23f2376b3e.jpg,USV,0.6919270833333333,0.7240740740740741,0.04635416666666667,0.05185185185185185,0.0024035493827160494,1.5892857142857142,0.0026041666666666665,0.002777777777777778,0.08259436939366824,-0.0017706021864689796,0.0017706021864689796,-0.010623613118813878,-0.003541204372937959,-0.005311806559406939,-0.0017706021864689796,-0.007082408745875918,0.0,-0.008853010932344899,0.0017706021864689796,-0.003541204372937959,-0.003541204372937959,0.0017706021864689796,0.005311806559406939,0.007082408745875918,0.0
d7d4f78c6f11572b,3c1c8b0c56,images/train/d7d4f78c6f11572b.jpg,Boat,0.3079044117647059,0.5390625,0.1323529411764706,0.019301470588235295,0.002554606401384083,6.857142857142857,-0.001838235294117647,0.003676470588235294,0.08132500607904443,-0.0045462060465831745,0.0,0.0,0.0,-0.0045462060465831745,-0.009092412093166349,-0.009092412093166349,-0.009092412093166349,-0.0045462060465831745,-0.009092412093166349,0.0,-0.018184824186332698,0.0045462060465831745,-0.018184824186332698,0.0,-0.018184824186332698
d8b3e62317005ab4,b6cf3a91b7,images/train/d8b3e62317005ab4.jpg,Boat,0.3809895833333333,0.4462316176470588,0.0859375,0.08363970588235294,0.007187787224264706,1.8131868131868132,-0.00390625,0.00045955882352941176,0.06134251187311914,-0.0005100553991053425,-0.0005100553991053425,-0.001020110798210685,-0.001020110798210685,0.002550276995526712,0.002550276995526712,0.00204022159642137,0.00204022159642137,0.009691052583001507,-0.002550276995526712,0.009180997183896164,-0.0030603323946320547,0.01275138497763356,-0.003570387793737397,0.01632177277137096,-0.00408044319284274
d8d111ae078ac4d0,b6cf3a91b7,images/train/d8d111ae078ac4d0.jpg,Boat,0.5028645833333333,0.3713235294117647,0.13489583333333333,0.06433823529411764,0.008678959865196078,3.7,0.0033854166666666668,-0.0078125,0.07947011496557703,0.0013925229774375974,0.0004641743258125325,0.006498440561375454,0.004641743258125324,0.0041775689323127925,0.008819312190438118,0.00557009190975039,0.01671027572925117,0.006962614887187987,0.028314633874564482,0.008355137864625585,0.03620559741337753,0.002320871629062662,0.04038316634569032,0.0,0.04827412988450338
d8d4f81ad330ae67,b6cf3a91b7,images/train/d8d4f81ad330ae67.jpg,Boat,0.38203125,0.4664522058823529,0.0828125,0.08915441176470588,0.007383099724264706,1.6391752577319587,-0.00078125,-0.0013786764705882354,0.01708133568513228,-0.006542427826285432,-0.002516318394725166,-0.005032636789450332,-0.005032636789450332,-0.007548955184175499,-0.007548955184175499,-0.006039164147340399,-0.010065273578900665,-0.012581591973625832,-0.012581591973625832,-0.015097910368350998,-0.011071800936790731,-0.017614228763076164,-0.013588119331515899,-0.02013054715780133,-0.016104437726241067
d8e06327df15984e,6fde253657,images/train/d8e06327df15984e.jpg,USV,0.6802083333333333,0.6268518518518519,0.06354166666666666,0.06666666666666667,0.0042361111111111115,1.6944444444444444,-0.00625,0.03287037037037037,0.39983062215350335,0.005334869997203999,-0.010002881244757499,0.010669739994407998,-0.025340632486718997,0.016004609991611997,-0.0353435137314765,0.032009219983223994,-0.045346394976233995,0.04801382997483599,-0.06068414621819549,0.069353309963652,-0.070687027462953,0.08535791995526398,-0.08602477870491448,0.10136252994687599,-0.10136252994687599
d96a5ead6bfd7744,b6cf3a91b7,images/train/d96a5ead6bfd7744.jpg,Boat,0.49713541666666666,0.6608455882352942,0.28177083333333336,0.13602941176470587,0.038329120710784315,3.6554054054054053,0.0046875,0.022058823529411766,0.0905843546286666,0.006626310489850161,0.0,0.013252620979700322,0.0,0.019878931469550484,0.0,0.024738225828773934,0.0017670161306267097,0.027830504057370677,-0.0035340322612534194,0.03092278228596742,-0.005301048391880129,0.03754909277581758,0.0,0.045942419396294454,-0.0035340322612534194
d9837f7e32ea5d5a,6fde253657,images/train/d9837f7e32ea5d5a.jpg,USV,0.6158854166666666,0.6625,0.08697916666666666,0.08981481481481482,0.0078120177469135806,1.7216494845360826,0.0036458333333333334,-0.001388888888888889,0.0562474492017203,-0.0029463691936681374,0.0014731845968340687,-0.0019642461291120915,-0.0009821230645560457,-0.0009821230645560457,0.0004910615322780229,0.0,-0.0019642461291120915,-0.006874861451892321,-0.0004910615322780229,-0.005892738387336275,0.004910615322780229,-0.008839107581004412,0.006383799919614298,-0.01178547677467255,0.007856984516448366
da6b432d63fc77af,3c1c8b0c56,images/train/da6b432d63fc77af.jpg,Boat,0.22426470588235295,0.328125,0.11029411764705882,0.016544117647058824,0.0018247188581314879,6.666666666666667,0.002297794117647059,0.0009191176470588235,0.05793514892948392,-0.006723929420498988,-0.002689571768199595,0.008068715304598786,0.016137430609197572,0.012103072956898178,0.013447858840997976,0.026895717681995952,0.02151657414559676,0.030930075334295343,0.018827002377397165,0.03496443298659474,0.016137430609197572,0.08203193893008766,0.024206145913796356,0.08606629658238704,0.02151657414559676
daa66a3d7534a95a,f126b8aae2,images/train/daa66a3d7534a95a.jpg,USV,0.4817708333333333,0.3263888888888889,0.09791666666666667,0.10092592592592593,0.00988233024691358,1.724770642201835,-0.0049479166666666664,0.001851851851851852,0.06781855090005888,-0.00218302067109755,0.005239249610634119,-0.0043660413421951,0.0034928330737560797,-0.00305622893953657,0.0017464165368780398,-0.0017464165368780398,0.0034928330737560797,-0.00392943720797559,0.0017464165368780398,-0.0026196248053170597,-0.0034928330737560797,-0.0048026454764146095,-0.0087320826843902,-0.0034928330737560797,-0.013971332295024319
dae7ef5b4f870e87,3c1c8b0c56,images/train/dae7ef5b4f870e87.jpg,Boat,0.3318014705882353,0.5868566176470589,0.11580882352941177,0.02297794117647059,0.0026610483347750866,5.04,-0.04044117647058824,0.027573529411764705,0.9488505995769093,0.06236095644623235,-0.04008918628686366,0.09799578870122228,-0.06236095644623235,0.2494438257849294,-0.10245014273309601,0.32962219835865675,-0.11581320482871722,0.42761798705987897,-0.16481109917932837,0.5345224838248488,-0.20490028546619202,0.632518272526071,-0.2628068878805506,0.7305140612272932,-0.31180478223116176
daee8c67e62c9aa8,3c1c8b0c56,images/train/daee8c67e62c9aa8.jpg,Boat,0.3069852941176471,0.48483455882352944,0.14154411764705882,0.019301470588235295,0.0027320096237024223,7.333333333333333,-0.00045955882352941176,0.0,0.008792249355666623,-0.007693218186208295,-0.008792249355666623,-0.006594187016749967,-0.008792249355666623,-0.0054951558472916395,-0.017584498711333246,-0.004396124677833312,-0.017584498711333246,-0.0032970935083749837,-0.017584498711333246,-0.002198062338916656,-0.017584498711333246,-0.001099031169458328,-0.008792249355666623,0.0,-0.008792249355666623
db26a24b5166351c,f21beac8ce,images/train/db26a24b5166351c.jpg,USV,0.5440104166666667,0.48657407407407405,0.028645833333333332,0.030555555555555555,0.0008752893518518518,1.6666666666666667,0.008072916666666667,0.003703703703703704,0.37574535659506797,0.0014670391462906882,0.011736313170325505,-0.008802234877744128,0.0,-0.0073351957314534404,0.011736313170325505,-0.017604469755488256,0.0,-0.01613743060919757,-0.011736313170325505,-0.014670391462906881,0.0,-0.036675978657267204,-0.011736313170325505,-0.03520893951097651,-0.02347262634065101
db413598faa9bf79,b9351a7480,images/train/db413598faa9bf79.jpg,Boat,0.5994791666666667,0.5361111111111111,0.121875,0.1388888888888889,0.016927083333333332,1.56,0.002864583333333333,-0.0032407407407407406,0.03479692818089279,-0.0036696035246999137,-0.0003336003204272649,-0.0020016019225635893,-0.0006672006408545298,-0.0003336003204272649,-0.014344813778372389,-0.004003203845127179,-0.02535362435247213,-0.002335202242990854,-0.03903123748998999,-0.003336003204272649,-0.047371245500671615,-0.0016680016021363244,-0.06104885863818947,-0.002668802563418119,-0.07205766921228922
db4ceec3cddb1a03,f21beac8ce,images/train/db4ceec3cddb1a03.jpg,USV,0.4622395833333333,0.41064814814814815,0.03177083333333333,0.03611111111111111,0.0011472800925925925,1.564102564102564,0.0,0.014351851851851852,0.3177857926405827,0.01025115460130912,0.00128139432516364,0.02050230920261824,0.00256278865032728,0.02050230920261824,-0.0064069716258182,0.03075346380392736,0.00512557730065456,0.0512557730065456,-0.00384418297549092,0.06150692760785472,-0.00256278865032728,0.08200923681047297,-0.02178370352778188,0.1025115460130912,-0.03075346380392736
db7f653c383ff61b,b0fe05f41b,images/train/db7f653c383ff61b.jpg,USV,0.26979166666666665,0.42463235294117646,0.103125,0.08639705882352941,0.00890969669117647,2.106382978723404,0.0015625,0.006433823529411764,0.055823553037368405,-0.0027487468570846405,-0.0027487468570846405,-0.005497493714169281,-0.0018324979047230937,-0.0009162489523615469,-0.004581244761807734,-0.0036649958094461875,-0.0036649958094461875,0.0009162489523615469,0.004581244761807734,0.0018324979047230937,0.005497493714169281,0.0027487468570846405,0.010078738475977015,0.007329991618892375,0.01465998323778475
db8f04c49065b252,b9351a7480,images/train/db8f04c49065b252.jpg,Boat,0.39453125,0.5486111111111112,0.0890625,0.11018518518518519,0.009813368055555556,1.4369747899159664,-0.007291666666666667,-0.006944444444444444,0.11133816302056253,0.0017525421536147342,-0.00043813553840368354,0.0,-0.0008762710768073671,-0.0017525421536147342,-0.0013144066152110505,0.0,-0.005257626460844202,-0.0017525421536147342,-0.016211014920936292,0.0035050843072294683,-0.02365931907379891,0.005257626460844202,-0.03811779184112046,0.010515252921688404,-0.045566095993983084
dbaec90dc79b6cb1,b6cf3a91b7,images/train/dbaec90dc79b6cb1.jpg,Boat,0.36354166666666665,0.40762867647058826,0.11875,0.09834558823529412,0.011678538602941177,2.130841121495327,0.0020833333333333333,0.00045955882352941176,0.025808773742638465,-0.0032011844012410943,0.006002220752327052,-0.006402368802482189,0.00880325710341301,-0.009603553203723282,0.014805477855740061,-0.012804737604964377,0.020807698608067113,-0.009603553203723282,0.020407550557911977,-0.012804737604964377,0.026409771310239027,-0.016005922006205472,0.03241199206256608,-0.019207106407446564,0.04481658161737532
dbd666972741eb77,6fde253657,images/train/dbd666972741eb77.jpg,USV,0.6989583333333333,0.7319444444444444,0.04479166666666667,0.049074074074074076,0.0021981095679012345,1.6226415094339623,0.004166666666666667,0.005092592592592593,0.14379822292431613,0.0,0.012034726063242499,0.0,0.016663466856797305,0.0,0.021292207650352113,0.0,0.02592094844390692,0.0,0.03795567450714942,0.0,0.042584415300704226,0.0,0.04721315609425903,0.0,0.05184189688781384
dbe16f4ba9932a6c,b9351a7480,images/train/dbe16f4ba9932a6c.jpg,Boat,0.54609375,0.4842592592592593,0.19947916666666668,0.09259259259259259,0.018470293209876542,3.83,0.00026041666666666666,0.0,0.00255488065153798,-0.0003193600814422475,0.0,-0.000638720162884495,0.00255488065153798,-0.0009580802443267425,0.00510976130307596,-0.00383232097730697,0.00510976130307596,-0.004151681058749217,0.00766464195461394,-0.0044710411401914655,0.01021952260615192,-0.004790401221633713,0.01021952260615192,-0.00510976130307596,0.01532928390922788
dbeffc046fa871ec,6fde253657,images/train/dbeffc046fa871ec.jpg,USV,0.6239583333333333,0.6226851851851852,0.06145833333333333,0.0712962962962963,0.004381751543209877,1.5324675324675325,-0.003125,-0.004629629629629629,0.08193671556569225,-0.002622730353245097,0.0013113651766225485,0.0,0.002622730353245097,0.00786819105973529,0.003934095529867645,0.01573638211947058,0.010490921412980388,0.023604573179205873,0.006556825883112742,0.03671822494543135,0.013113651766225485,0.04983187671165684,0.009179556236357838,0.05770006777139213,0.01573638211947058
dc1b72ee090b294f,dd66390d74,images/train/dc1b72ee090b294f.jpg,Boat,0.4752604166666667,0.35294117647058826,0.11510416666666666,0.07536764705882353,0.008675130208333333,2.6951219512195124,0.0033854166666666668,-0.003216911764705882,0.054839714872863245,0.005107044469315501,0.0069641515490665926,0.00649987477912882,0.002785660619626637,0.0041784909294399555,0.00974981216869323,0.005571321239253274,0.009285535398755457,0.00324993738956441,0.008821258628817684,0.0009285535398755457,0.008356981858879911,-0.0013928303098133185,0.015321133407946504,-0.0037142141595021827,0.022285284957013096
dc4b67da233c2a23,b6cf3a91b7,images/train/dc4b67da233c2a23.jpg,Boat,0.23463541666666668,0.5170036764705882,0.17864583333333334,0.17738970588235295,0.031689931832107845,1.7772020725388602,0.01328125,-0.009191176470588236,0.10645775109482965,-0.0026720648123662386,0.0009716599317695413,-0.00728744948827156,-0.0019433198635390827,-0.013846154027715964,-0.0009716599317695413,-0.018461538703621286,-0.0019433198635390827,-0.026963563106604773,-0.0009716599317695413,-0.033522267646049174,0.0,-0.043967611912571744,-0.006801619522386789,-0.052469636315555235,-0.007773279454156331
dd32e6303eab7a15,b9351a7480,images/train/dd32e6303eab7a15.jpg,Boat,0.3893229166666667,0.5175925925925926,0.07864583333333333,0.1037037037037037,0.008155864197530864,1.3482142857142858,0.0005208333333333333,-0.000925925925925926,0.010874705707258892,-0.0009611972686263515,0.0009611972686263515,0.001922394537252703,0.001922394537252703,0.0009611972686263515,0.0028835918058790545,0.0,0.003844789074505406,0.006728380880384461,0.004805986343131758,0.013456761760768921,0.009611972686263516,0.020185142641153384,0.010573169954889867,0.019223945372527033,0.019223945372527033
dd7e8668358d823f,b0fe05f41b,images/train/dd7e8668358d823f.jpg,USV,0.5421875,0.5514705882352942,0.06979166666666667,0.06801470588235294,0.004746859681372549,1.8108108108108107,0.010677083333333334,0.004595588235294118,0.21190134095304985,-0.0006276416541198367,0.0037658499247190205,-0.0012552833082396734,0.007531699849438041,-0.0018829249623595102,0.011297549774157062,-0.002510566616479347,0.015063399698876082,0.0018829249623595102,0.013808116390636409,0.006276416541198367,0.012552833082396735,0.010669908120037225,0.011297549774157062,0.015063399698876082,0.010042266465917387
dddd9a4eeddbd279,b6cf3a91b7,images/train/dddd9a4eeddbd279.jpg,Boat,0.37526041666666665,0.6024816176470589,0.09322916666666667,0.07996323529411764,0.0074549057904411764,2.057471264367816,-0.0015625,-0.001838235294117647,0.02889252743626679,-0.0010016681648962503,-0.006010008989377502,0.0020033363297925007,-0.012020017978755003,0.0010016681648962503,-0.018030026968132506,0.004006672659585001,-0.03606005393626501,0.007011677154273753,-0.05008340824481251,0.014023354308547505,-0.06811343521294502,0.017028358803236256,-0.08213678952149253,0.012020017978755003,-0.10417348914921003
ddde9b0e2f9b1977,4642ebc223,images/train/ddde9b0e2f9b1977.jpg,USV,0.24322916666666666,0.6930147058823529,0.26666666666666666,0.2555147058823529,0.06813725490196078,1.841726618705036,0.0036458333333333334,-0.007352941176470588,0.028176162497641963,-0.000993971401968716,0.0,-0.0006626476013124773,0.0013252952026249546,0.000993971401968716,-0.002650590405249909,0.003975885607874864,-0.005301180810499818,0.005632504611156057,-0.007951771215749729,0.008614418817062205,-0.010602361620999637,0.008945742617718444,-0.014578247228874502,0.010602361620999637,-0.01722883763412441
ddf7ff10d34b1a61,b6cf3a91b7,images/train/ddf7ff10d34b1a61.jpg,Boat,0.34427083333333336,0.48161764705882354,0.12395833333333334,0.09558823529411764,0.011848958333333333,2.2884615384615383,-0.003125,0.006433823529411764,0.05860090386731192,-0.004767120339196138,0.0007945200565326896,-0.0031780802261307584,-0.004767120339196138,-0.004767120339196138,-0.010328760734924966,-0.006356160452261517,-0.012712320904523034,-0.004767120339196138,-0.018273961300251863,-0.006356160452261517,-0.02383560169598069,-0.007945200565326896,-0.02939724209170952,-0.006356160452261517,-0.03495888248743834
ddf8567263ea3ce8,b6cf3a91b7,images/train/ddf8567263ea3ce8.jpg,Boat,0.47760416666666666,0.6332720588235294,0.17604166666666668,0.09191176470588236,0.01618030024509804,3.38,-0.0046875,0.001838235294117647,0.05014771080925114,-0.004759372565678685,-0.0013598207330510529,-0.006799103665255264,0.0,-0.008838834764831844,-0.0013598207330510529,-0.010878565864408423,-0.0027196414661021058,-0.012918296963985002,-0.0013598207330510529,-0.017677669529663688,-0.0027196414661021058,-0.019717400629240267,-0.004079462199153158,-0.024476773194918953,-0.0027196414661021058
ddfeb8f12eeb7b9c,b6cf3a91b7,images/train/ddfeb8f12eeb7b9c.jpg,Boat,0.08333333333333333,0.7293198529411765,0.16666666666666666,0.1130514705882353,0.01884191176470588,2.6016260162601625,-0.0020833333333333333,-0.008731617647058824,0.051956145516296424,0.0,-0.0015751520284092027,0.0,-0.0031503040568184055,0.0025202432454547244,-0.002205212839772884,0.0025202432454547244,-0.0037803648681820866,0.0025202432454547244,-0.005355516896591289,0.005040486490909449,-0.009450912170455216,0.005040486490909449,-0.008505820953409694,0.005040486490909449,-0.012601216227273622
de0ca760c450f0f5,3c1c8b0c56,images/train/de0ca760c450f0f5.jpg,Boat,0.3556985294117647,0.3556985294117647,0.10845588235294118,0.016544117647058824,0.0017943068771626297,6.555555555555555,0.007352941176470588,0.0027573529411764708,0.1853890905031616,0.0,0.013561344893835819,-0.02169815183013731,0.016273613872602982,-0.02169815183013731,0.018985882851370147,-0.032547227745205964,0.02169815183013731,-0.04339630366027462,0.024410420808904473,-0.054245379575343276,0.027122689787671638,-0.06509445549041193,0.0298349587664388,-0.07594353140548059,0.032547227745205964
de575893622c3d4b,f91b246954,images/train/de575893622c3d4b.jpg,USV,0.22083333333333333,0.47314814814814815,0.084375,0.1111111111111111,0.009375,1.35,-0.009375,0.009259259259259259,0.1476844595361251,-0.008965239227331985,0.0017930478454663968,-0.014344382763731175,0.0035860956909327937,-0.019723526300130367,0.0017930478454663968,-0.025102669836529555,0.0035860956909327937,-0.030481813372928747,0.0017930478454663968,-0.032274861218395144,0.0035860956909327937,-0.037654004754794336,0.0017930478454663968,-0.04303314829119353,0.0035860956909327937
de7cfc067062581e,b6cf3a91b7,images/train/de7cfc067062581e.jpg,Boat,0.39036458333333335,0.4898897058823529,0.09427083333333333,0.07720588235294118,0.007278262867647059,2.1547619047619047,0.0046875,0.027573529411764705,0.2540127833013629,-0.005068752513088119,-0.0020275010052352477,-0.0060825030157057435,0.004055002010470495,-0.019261259549734854,0.0060825030157057435,-0.03244001608376396,0.00811000402094099,-0.04156377060732258,0.010137505026176238,-0.054742527141351686,0.01622000804188198,-0.0719762856858513,0.022302511057587723,-0.0892100442303509,0.024330012062822974
dec3c31970dc4a8f,b9351a7480,images/train/dec3c31970dc4a8f.jpg,Boat,0.33229166666666665,0.4625,0.11979166666666667,0.09537037037037037,0.01142457561728395,2.233009708737864,-0.0005208333333333333,-0.007407407407407408,0.052381043748629744,0.0008121336073583759,-0.0032485344294335035,0.0016242672147167517,-0.0032485344294335035,0.0024364008220751276,-0.0032485344294335035,0.006497068858867007,-0.0032485344294335035,0.007309202466225384,-0.0032485344294335035,0.008121336073583759,-0.006497068858867007,0.015430538539809142,-0.006497068858867007,0.01949120657660102,-0.006497068858867007
df4c8ac55e97aa4a,1d2277871a,images/train/df4c8ac55e97aa4a.jpg,USV,0.27682291666666664,0.4074074074074074,0.059895833333333336,0.053703703703703705,0.003216628086419753,1.9827586206896552,0.008072916666666667,0.000462962962962963,0.18988673338135784,0.0007652742499660951,-0.0007652742499660951,-0.0045916454997965706,-0.0015305484999321901,-0.0038263712498304756,-0.0022958227498982853,-0.0030610969998643802,-0.0030610969998643802,-0.014540210749355806,-0.0038263712498304756,-0.013774936499389712,-0.0045916454997965706,-0.013009662249423617,0.0007652742499660951,-0.018366581999186282,0.0
df510ff8981125e0,c230f95bbd,images/train/df510ff8981125e0.jpg,USV,0.3229166666666667,0.5763888888888888,0.1,0.08055555555555556,0.008055555555555555,2.206896551724138,-0.008333333333333333,-0.004166666666666667,0.12859998048539087,0.0,0.0004835816098360726,0.0,-0.0029014896590164358,0.0,-0.006286560927868944,0.0,-0.009671632196721453,0.003868652878688581,-0.00918805058688538,0.003868652878688581,-0.008704468977049308,0.003868652878688581,-0.012089540245901816,0.003868652878688581,-0.015474611514754323
e0068da333b5fce8,1d2277871a,images/train/e0068da333b5fce8.jpg,USV,0.334375,0.3337962962962963,0.08020833333333334,0.08055555555555556,0.006461226851851852,1.7701149425287357,0.0036458333333333334,-0.0023148148148148147,0.06421642946633663,0.00971924513165725,-0.001619874188609542,0.010799161257396946,0.0010799161257396947,0.01619874188609542,0.0037797064400889313,0.017278658011835115,0.006479496754438168,0.018358574137574808,0.009179287068787404,0.02375815476627328,0.007559412880177863,0.024838070892012974,0.010259203194527099,0.03023765152071145,0.012958993508876335
e0bbd5525beef701,1d2277871a,images/train/e0bbd5525beef701.jpg,USV,0.46041666666666664,0.3597222222222222,0.15833333333333333,0.1398148148148148,0.022137345679012346,2.013245033112583,-0.00703125,0.013425925925925926,0.09246866020200495,-0.0037922599910889475,-0.006125958447143684,-0.009918218438232632,-0.014585615350342106,-0.016044176885376318,-0.02071157379748579,-0.019836436876465264,-0.024503833788574736,-0.025962395323608948,-0.03296349069177316,-0.032088353770752635,-0.03908944913891684,-0.03588061376184158,-0.04754910604211526,-0.042006572208985266,-0.05134136603320421
e0fd81dcbb0eebb9,b9351a7480,images/train/e0fd81dcbb0eebb9.jpg,Boat,0.3893229166666667,0.5611111111111111,0.07864583333333333,0.09814814814814815,0.007718942901234568,1.4245283018867925,-0.0010416666666666667,-0.0023148148148148147,0.0253058265164195,0.005928159187154509,0.0024700663279810455,0.011856318374309017,0.000988026531192418,0.013832371436693854,0.0034580928591734636,0.01580842449907869,0.001976053062384836,0.0217365836862332,0.004446119390365882,0.02766474287338771,0.0029640795935772543,0.029640795935772544,0.0054341459215583,0.03556895512292706,0.007904212249539345
e1282bcdf981ba01,f21beac8ce,images/train/e1282bcdf981ba01.jpg,USV,0.5182291666666666,0.43842592592592594,0.4864583333333333,0.5324074074074074,0.2589940200617284,1.6243478260869566,-0.01328125,0.032407407407407406,0.059091120684168906,0.0002558550018213192,0.000852850006071064,-0.0022174100157847662,0.00921078006556749,-0.0026438350188202984,0.010063630071638555,-0.002387980016998979,0.01159876008256647,-0.0028144050200345112,0.011769330083780684,-0.002558550018213192,0.011939900084994896,0.0011087050078923831,0.010745910076495406,0.003411400024284256,0.010234200072852768
e13adaccea70a72a,ace8fc6a18,images/train/e13adaccea70a72a.jpg,Boat,0.06770833333333333,0.44025735294117646,0.075,0.07536764705882353,0.005652573529411765,1.7560975609756098,0.00390625,0.00045955882352941176,0.069172910874966,0.005176477784758432,-0.005176477784758432,0.02875820991532462,-0.010352955569516865,0.05233994204589081,-0.015529433354275295,0.05751641983064924,-0.016104597552581788,0.06729421120185962,-0.02128107533734022,0.07707200257307,-0.026457553122098652,0.0914511075307323,-0.03163403090685708,0.09662758531549073,-0.036810508691615514
e14dc46029a860d5,f21beac8ce,images/train/e14dc46029a860d5.jpg,USV,0.50625,0.48333333333333334,0.18854166666666666,0.21296296296296297,0.04015239197530864,1.5739130434782609,0.002864583333333333,-0.005092592592592593,0.026956250531362563,0.001083008383300565,-0.002815821796581469,0.000433203353320226,-0.003898830179882034,0.003249025149901695,-0.004981838563182599,0.007797660359764068,-0.006064846946483164,0.010613482156345536,-0.007147855329783729,0.013429303952927005,-0.009963677126365198,0.016245125749508475,-0.011046685509665763,0.019060947546089942,-0.013862507306247232
e211e405971ba15e,c230f95bbd,images/train/e211e405971ba15e.jpg,USV,0.14192708333333334,0.5569444444444445,0.1515625,0.11203703703703703,0.016980613425925925,2.4049586776859506,-0.047135416666666666,0.03888888888888889,0.5316980802501067,-0.0009992222416372997,0.0013322963221830662,-0.004663037127640731,0.0026645926443661324,-0.005662259369278031,0.0013322963221830662,-0.006661481610915331,0.005329185288732265,-0.010325296496918763,0.0013322963221830662,-0.013989111382922196,0.0,-0.017652926268925628,-0.0013322963221830662,-0.02131674115492906,-0.005329185288732265
e261bff970d3f146,c230f95bbd,images/train/e261bff970d3f146.jpg,USV,0.28229166666666666,0.5569444444444445,0.09895833333333333,0.0824074074074074,0.008154899691358025,2.134831460674157,-0.01171875,-0.003703703703703704,0.17573870448226447,-0.0014418811633342054,0.003845016435557881,-0.002883762326668411,0.0,-0.00048062705444473514,0.003845016435557881,-0.0019225082177789406,0.003845016435557881,-0.003364389381113146,0.003845016435557881,-0.004806270544447351,0.007690032871115762,-0.0024031352722236757,0.011535049306673643,0.0,0.011535049306673643
e2a121b4f876fd31,6fde253657,images/train/e2a121b4f876fd31.jpg,USV,0.7361979166666667,0.4097222222222222,0.044270833333333336,0.05462962962962963,0.0024184992283950617,1.4406779661016949,0.022395833333333334,-0.014814814814814815,0.6478740446004909,-0.005295363761621699,0.007060485015495598,-0.010590727523243398,0.007060485015495598,-0.008825606269369497,0.007060485015495598,-0.021181455046486795,0.014120970030991196,-0.019416333792612896,0.014120970030991196,-0.03177218256973019,0.014120970030991196,-0.030007061315856294,0.014120970030991196,-0.02824194006198239,0.021181455046486795
e2c0aa9528c99da5,96ae008b89,images/train/e2c0aa9528c99da5.jpg,Boat,0.10911458333333333,0.4444444444444444,0.05572916666666667,0.1,0.005572916666666667,0.9907407407407407,-0.0036458333333333334,0.0,0.06511698342169388,-0.0011628032753873906,0.0,0.006976819652324344,0.0046512131015495626,0.005814016376936954,0.0046512131015495626,0.0046512131015495626,0.0046512131015495626,0.012790836029261298,0.0046512131015495626,0.011628032753873908,0.009302426203099125,0.010465229478486517,0.009302426203099125,0.01860485240619825,0.009302426203099125
e2ca9ede922cb2ef,6fde253657,images/train/e2ca9ede922cb2ef.jpg,USV,0.6322916666666667,0.6291666666666667,0.06458333333333334,0.07314814814814814,0.004724151234567901,1.5696202531645569,-0.005729166666666666,0.0,0.1111394637388688,0.0037888453547341634,-0.005051793806312218,0.002525896903156109,-0.010103587612624436,0.006314742257890272,-0.010103587612624436,0.005051793806312218,-0.010103587612624436,0.00884063916104638,-0.015155381418936653,0.007577690709468327,-0.020207175225248872,0.01136653606420249,-0.020207175225248872,0.010103587612624436,-0.020207175225248872
e30ca07320692e43,72d433a56e,images/train/e30ca07320692e43.jpg,Boat,0.290625,0.2568933823529412,0.134375,0.07077205882352941,0.009509995404411765,3.3506493506493507,0.008854166666666666,0.0059742647058823525,0.1291286848675096,-0.004434297243838417,0.001330289173151525,-0.0053211566926061,0.00266057834630305,-0.006208016141373784,0.00044342972438384166,-0.0106423133852122,0.0017737188975353666,-0.011529172833979884,0.003104008070686892,-0.0159634700778183,0.0008868594487676833,-0.02394520511672745,0.0022171486219192084,-0.028379502360565866,0.0
e341fde5c6da2618,b9351a7480,images/train/e341fde5c6da2618.jpg,Boat,0.21510416666666668,0.4898148148148148,0.165625,0.1685185185185185,0.02791087962962963,1.7472527472527473,-0.015885416666666666,0.01898148148148148,0.15275591652202294,-0.0007793849550436903,-0.0023381548651310712,-0.0015587699100873807,-0.0025979498501456345,-0.0023381548651310712,-0.002857744835160198,-0.0031175398201747613,-0.005195899700291269,-0.003896924775218452,-0.0054556946853058326,-0.0046763097302621424,-0.005715489670320396,-0.003377334805189325,-0.005975284655334959,0.00831343952046603,-0.014548519160815553
e379695a88f4c3a8,f21beac8ce,images/train/e379695a88f4c3a8.jpg,USV,0.5447916666666667,0.45092592592592595,0.209375,0.2462962962962963,0.05156828703703704,1.5112781954887218,0.00703125,0.0,0.04128382454430065,-0.0005733864520041757,-0.0015290305386778018,-0.0011467729040083514,-0.0015290305386778018,-0.003249189894690329,0.0,-0.006880637424050109,0.0,-0.008983054414732086,0.0015290305386778018,-0.012614501944091866,0.0030580610773556036,-0.014716918934773842,0.0030580610773556036,-0.018348366464133622,0.006116122154711207
e37a9496995daabc,b6cf3a91b7,images/train/e37a9496995daabc.jpg,Boat,0.5890625,0.5335477941176471,0.14375,0.13694852941176472,0.019686351102941178,1.8523489932885906,0.00390625,0.01011029411764706,0.06565161994083579,0.0027737981332531243,0.0030819979258368047,0.0030819979258368047,0.001232799170334722,0.003390197718420485,-0.000616399585167361,0.0036983975110041656,-0.002465598340669444,0.00647219564425729,-0.004314797096171527,0.00678039543684097,-0.0061639958516736095,0.009554193570094094,-0.010478792947845136,0.009862393362677776,-0.014793590044016662
e38b1bf13abbdaa0,b0fe05f41b,images/train/e38b1bf13abbdaa0.jpg,USV,0.3541666666666667,0.5546875,0.09479166666666666,0.08363970588235294,0.00792834712009804,2.0,-0.005989583333333334,-0.004595588235294118,0.09744037280751759,-0.0004856502618039475,-0.006799103665255266,-0.016512108901334217,-0.013598207330510531,-0.028653365446432905,-0.016512108901334217,-0.04079462199153159,-0.02331121256658948,-0.05682108063106186,-0.030110316231844746,-0.07284753927059213,-0.03690941989710001,-0.08498879581569081,-0.039823321467923695,-0.0971300523607895,-0.04662242513317896
e3905a7cfba11873,b6cf3a91b7,images/train/e3905a7cfba11873.jpg,Boat,0.2903645833333333,0.7035845588235294,0.1078125,0.08363970588235294,0.009017405790441177,2.2747252747252746,-0.0033854166666666668,0.0,0.04735954134036387,-0.0013661406155874194,0.0,0.0009107604103916129,0.0,-0.00045538020519580644,0.0,-0.0018215208207832258,0.007286083283132903,0.00045538020519580644,0.007286083283132903,-0.0009107604103916129,0.007286083283132903,-0.0022769010259790323,0.010929124924699355,-0.0036430416415664515,0.014572166566265806
e3d6b1e2b393cd00,72d433a56e,images/train/e3d6b1e2b393cd00.jpg,Boat,0.3768229166666667,0.27987132352941174,0.1390625,0.07077205882352941,0.009841739430147059,3.4675324675324677,0.006510416666666667,0.003676470588235294,0.09153319503904654,-0.0004358921261274665,0.003487137009019732,-0.000871784252254933,0.0,-0.0013076763783823997,0.003487137009019732,-0.001743568504509866,0.0,-0.005666597639657065,0.003487137009019732,-0.0026153527567647993,0.0,-0.006538381891911998,0.0,-0.010461411027059197,0.0
e426f0f8aa2cb942,b9351a7480,images/train/e426f0f8aa2cb942.jpg,Boat,0.5598958333333334,0.6601851851851852,0.29375,0.13333333333333333,0.03916666666666667,3.9166666666666665,0.0026041666666666665,-0.014814814814814815,0.05882099435968904,-0.0004386207922221453,0.0017544831688885811,0.0008772415844442906,0.0017544831688885811,-0.001315862376666436,0.0017544831688885811,-0.0017544831688885811,0.0035089663377771622,-0.003947587129999308,0.0035089663377771622,-0.006140691091110035,0.005263449506665744,-0.006579311883332179,0.005263449506665744,-0.008772415844442907,0.0070179326755543244
e432c3e461a4cca1,c230f95bbd,images/train/e432c3e461a4cca1.jpg,USV,0.2359375,0.5425925925925926,0.09791666666666667,0.08148148148148149,0.007978395061728394,2.1363636363636362,-0.009895833333333333,-0.006481481481481481,0.15742426259192455,0.0029154863136146387,-0.0009718287712048796,0.0058309726272292774,0.0019436575424097591,0.008746458940843915,0.004859143856024398,0.011661945254458555,0.0038873150848195183,0.026239376822531746,0.0029154863136146387,0.03692949330578542,0.0019436575424097591,0.05150692487385861,0.0009718287712048796,0.06997167152675132,0.0
e48a47144ed01fd8,b6cf3a91b7,images/train/e48a47144ed01fd8.jpg,Boat,0.40182291666666664,0.5289522058823529,0.08072916666666667,0.10753676470588236,0.008681353400735295,1.3247863247863247,0.0046875,0.0055147058823529415,0.0803219328902499,-0.0009282206653210687,-0.0018564413306421375,-0.0018564413306421375,0.0,-0.0027846619959632063,0.0018564413306421375,-0.00742576532256855,0.0,-0.008353985987889619,0.0018564413306421375,-0.012995089314494963,0.0,-0.017636192641100307,0.0018564413306421375,-0.02227729596770565,0.003712882661284275
e53f703fc4e809c8,b0fe05f41b,images/train/e53f703fc4e809c8.jpg,USV,0.44453125,0.47012867647058826,0.07552083333333333,0.07261029411764706,0.005483589920343137,1.8354430379746836,0.010677083333333334,0.012408088235294117,0.229340618212165,0.004087714076689193,0.0029197957690637096,0.008175428153378387,0.005839591538127419,0.01226314223006758,0.008759387307191129,0.02102252953725871,0.011679183076254838,0.02043857038344597,0.014598978845318548,0.02452628446013516,0.012847101383880323,0.028613998536824357,0.015766897152944034,0.032701712613513546,0.018686692922007742
e5988c8e4e9455dc,b0fe05f41b,images/train/e5988c8e4e9455dc.jpg,USV,0.30703125,0.48713235294117646,0.06927083333333334,0.05698529411764706,0.00394741881127451,2.1451612903225805,0.0,-0.0009191176470588235,0.011012307625269455,0.0,-0.004129615359476046,0.0,-0.0027530769063173637,0.0,-0.0013765384531586819,0.0,0.0,0.011012307625269455,0.0013765384531586819,0.011012307625269455,-0.008259230718952092,0.011012307625269455,-0.006882692265793409,0.011012307625269455,-0.0055061538126347275
e59fee894bf07b94,b0fe05f41b,images/train/e59fee894bf07b94.jpg,USV,0.30104166666666665,0.5174632352941176,0.09895833333333333,0.08639705882352941,0.008549708946078432,2.021276595744681,0.005729166666666666,0.011029411764705883,0.12180979426894713,0.004676697612622652,-0.0037413580900981214,0.009353395225245304,0.0,0.014030092837867957,-0.0037413580900981214,0.011224074270294364,-0.007482716180196243,0.015900771882917015,-0.007482716180196243,0.02057746949553967,-0.007482716180196243,0.02525416710816232,-0.011224074270294364,0.02993086472078497,-0.014965432360392486
e5bfeb3bd39c2841,1d2277871a,images/train/e5bfeb3bd39c2841.jpg,USV,0.271875,0.3,0.14270833333333333,0.13148148148148148,0.018763503086419754,1.9295774647887325,-0.007552083333333333,-0.000925925925925926,0.07368496901110827,-0.000950564997858482,0.0006337099985723214,0.0006337099985723214,0.0012674199971446428,-0.0003168549992861607,0.001901129995716964,-0.003802259991433928,0.0025348399942892856,-0.00475282498929241,0.003168549992861607,-0.005703389987150892,0.003802259991433928,-0.00918879497929866,0.004435969990006249,-0.010139359977157142,0.005069679988578571
e5ca6c6915f55734,b6cf3a91b7,images/train/e5ca6c6915f55734.jpg,Boat,0.38984375,0.5620404411764706,0.07864583333333333,0.09834558823529412,0.0077344707414215685,1.411214953271028,-0.0013020833333333333,-0.0027573529411764708,0.030722358974641963,-0.001475098120234336,0.002950196240468672,0.0009833987468228905,-0.001966797493645781,0.0073754906011716794,0.0009833987468228905,0.009833987468228906,0.0,0.012292484335286132,0.002950196240468672,0.014750981202343359,0.005900392480937344,0.017209478069400586,0.004916993734114453,0.019667974936457812,0.003933594987291562
e6066abfd5d76d72,b9351a7480,images/train/e6066abfd5d76d72.jpg,Boat,0.42916666666666664,0.6643518518518519,0.15833333333333333,0.08981481481481482,0.014220679012345678,3.134020618556701,-0.00625,0.0060185185185185185,0.07947407498475577,0.0,-0.0047315203326379176,0.002911704820084872,-0.0065513358451909625,0.005823409640169744,-0.008371151357744008,0.008735114460254618,-0.013102671690381925,0.008735114460254618,-0.01492248720293497,0.008735114460254618,-0.01965400753557289,0.011646819280339489,-0.021473823048125933,0.011646819280339489,-0.02620534338076385
e663849bd032fd2e,c230f95bbd,images/train/e663849bd032fd2e.jpg,USV,0.34270833333333334,0.6143518518518518,0.10520833333333333,0.08425925925925926,0.008864776234567901,2.21978021978022,0.004427083333333333,-0.011111111111111112,0.1084630161536031,-0.0004609816483097104,0.003687853186477683,-0.0009219632966194208,0.0,-0.005070798131406815,0.003687853186477683,-0.005531779779716525,0.007375706372955366,-0.005992761428026235,0.003687853186477683,-0.006453743076335946,0.007375706372955366,-0.0069147247246456565,0.01106355955943305,-0.014751412745910733,0.01106355955943305
e71ff36f8c87bfaf,72d433a56e,images/train/e71ff36f8c87bfaf.jpg,Boat,0.17838541666666666,0.3524816176470588,0.08489583333333334,0.04503676470588235,0.003823433670343137,3.326530612244898,0.00546875,0.008272058823529412,0.1547422401493544,0.002098019062467743,-0.006993396874892476,0.015385473124763448,-0.008392076249870971,0.028672927187059154,-0.009790755624849467,0.03636566374944088,-0.016784152499741942,0.049653117811736584,-0.01818283187472044,0.06853528937394626,-0.019581511249698935,0.08741746093615596,-0.03216962562450539,0.10629963249836565,-0.033568304999483885
e7cbee3a516ee465,c230f95bbd,images/train/e7cbee3a516ee465.jpg,USV,0.37604166666666666,0.5023148148148148,0.13125,0.09907407407407408,0.013003472222222222,2.3551401869158877,-0.0033854166666666668,-0.012037037037037037,0.08851282449947714,-0.007231717609164335,-0.0022837002976308428,-0.008373567757979756,-0.0045674005952616855,-0.015605285367144091,-0.006851100892892528,-0.01674713551595951,-0.009134801190523371,-0.02093391939494939,-0.008373567757979756,-0.02512070327393927,-0.010657268055610599,-0.02930748715292915,-0.012940968353241442,-0.03349427103191902,-0.015224668650872283
e84ebcbd6d0f2c64,b9351a7480,images/train/e84ebcbd6d0f2c64.jpg,Boat,0.3888020833333333,0.45185185185185184,0.08177083333333333,0.08703703703703704,0.007117091049382716,1.6702127659574468,0.0049479166666666664,0.002777777777777778,0.08200710951895997,-0.0015434320668757358,-0.0030868641337514716,0.005144773556252453,-0.006173728267502943,-0.0046302962006272074,-0.005144773556252453,-0.006173728267502943,-0.004115818845001963,-0.007717160334378679,-0.007202682978753434,-0.013376411246256378,-0.006173728267502943,-0.019035662158134077,-0.009260592401254415,-0.020579094225009812,-0.008231637690003926
e86cc09331685c56,b6cf3a91b7,images/train/e86cc09331685c56.jpg,Boat,0.40989583333333335,0.40119485294117646,0.07708333333333334,0.09099264705882353,0.007014016544117647,1.494949494949495,0.004166666666666667,-0.0055147058823529415,0.08261359951610162,-0.004130679975805081,0.0020653399879025404,-0.004130679975805081,0.008261359951610162,-0.008261359951610162,0.014457379915317783,-0.008261359951610162,0.020653399879025404,-0.008261359951610162,0.026849419842733025,-0.012392039927415242,0.033045439806440646,-0.012392039927415242,0.030980099818538106,-0.016522719903220323,0.03717611978224573
e92d4675e44ac478,b6cf3a91b7,images/train/e92d4675e44ac478.jpg,Boat,0.5106770833333333,0.3671875,0.19427083333333334,0.09283088235294118,0.01803433287377451,3.6930693069306932,0.004427083333333333,-0.002297794117647059,0.04564778676329009,0.002254046933135849,0.006762140799407546,0.00966020114201078,0.018676388874554174,0.014490301713016171,0.02543852967396172,0.01674434864615202,0.03220067047336927,0.013846288303548785,0.04153886491064636,0.013524281598815092,0.05087705934792344,0.015778328531950943,0.06279130742307007,0.018032375465086792,0.07728160913608624
e94e9c77aa9657c7,6fde253657,images/train/e94e9c77aa9657c7.jpg,USV,0.5791666666666667,0.6685185185185185,0.06041666666666667,0.06481481481481481,0.003915895061728395,1.6571428571428573,-0.0020833333333333333,-0.004629629629629629,0.07105815283093027,0.0,-0.004161532140173205,0.0,-0.0027743547601154707,0.0,-0.0013871773800577354,0.0,-0.005548709520230941,-0.005548709520230941,-0.004161532140173205,-0.005548709520230941,-0.00832306428034641,-0.005548709520230941,-0.0069358869002886766,-0.011097419040461883,-0.005548709520230941
e97e30bd0447fec2,055abdf17e,images/train/e97e30bd0447fec2.jpg,USV,0.3614583333333333,0.5120370370370371,0.071875,0.08888888888888889,0.006388888888888889,1.4375,0.005208333333333333,0.003703703703703704,0.09357370703003592,-0.002172025146427862,-0.004344050292855724,-0.013032150878567171,-0.004344050292855724,-0.015204176024995034,-0.008688100585711449,-0.021720251464278622,-0.008688100585711449,-0.023892276610706482,-0.008688100585711449,-0.030408352049990067,-0.013032150878567171,-0.03692442748927365,-0.017376201171422898,-0.039096452635701516,-0.013032150878567171
e9863463f876d413,055abdf17e,images/train/e9863463f876d413.jpg,USV,0.36484375,0.4986111111111111,0.06822916666666666,0.08055555555555556,0.005496238425925926,1.5057471264367817,-0.0018229166666666667,-0.005555555555555556,0.06506589150839226,-0.005268988523727729,-0.002341772677212324,-0.00585443169303081,-0.004683545354424648,-0.006439874862333892,-0.002341772677212324,-0.01170886338606162,-0.004683545354424648,-0.007610761200940053,-0.002341772677212324,-0.012879749724667783,-0.004683545354424648,-0.013465192893970863,-0.002341772677212324,-0.014050636063273945,-0.004683545354424648
e9adf6bab57685cf,ace8fc6a18,images/train/e9adf6bab57685cf.jpg,Boat,0.2171875,0.3556985294117647,0.08020833333333334,0.13051470588235295,0.010468367034313725,1.0845070422535212,0.0026041666666666665,0.00505514705882353,0.05026452797949709,-0.0008452895118718532,-0.004649092315295193,-0.0016905790237437064,-0.005917026583102973,-0.00253586853561556,-0.010566118898398166,-0.003381158047487413,-0.011834053166205945,-0.0008452895118718532,-0.01648314548150114,-0.0016905790237437064,-0.01775107974930892,0.0008452895118718532,-0.02240017206460411,0.0,-0.027049264379899303
ea28df7cdda190bc,c230f95bbd,images/train/ea28df7cdda190bc.jpg,USV,0.43697916666666664,0.5023148148148148,0.10833333333333334,0.10833333333333334,0.01173611111111111,1.7777777777777777,0.0010416666666666667,0.000462962962962963,0.013215082133389938,-0.0016025641025641025,-0.003605769230769231,-0.003205128205128205,-0.004006410256410256,-0.004807692307692308,-0.004407051282051282,-0.00641025641025641,-0.004807692307692308,-0.008012820512820512,-0.008413461538461538,-0.009615384615384616,-0.008814102564102564,-0.011217948717948718,-0.00921474358974359,-0.01282051282051282,-0.009615384615384616
ea3baa4ae26a7d85,dd66390d74,images/train/ea3baa4ae26a7d85.jpg,Boat,0.33984375,0.4177389705882353,0.1171875,0.0744485294117647,0.008724437040441176,2.7777777777777777,0.035416666666666666,-0.0027573529411764708,0.5041936614886411,-0.007407407407407408,0.006481481481481481,-0.014814814814814815,-0.005555555555555556,-0.02962962962962963,-0.006481481481481481,-0.04814814814814815,-0.003703703703703704,-0.05925925925925926,-0.008333333333333333,-0.07407407407407407,-0.001851851851851852,-0.0962962962962963,-0.010185185185185186,-0.1111111111111111,0.0
ea6f39c1e58cb269,b6cf3a91b7,images/train/ea6f39c1e58cb269.jpg,Boat,0.3078125,0.6999080882352942,0.1,0.07996323529411764,0.007996323529411764,2.206896551724138,0.0,0.008272058823529412,0.06963575181639446,0.0,0.0029014896590164358,0.0,-0.0019343264393442904,-0.003868652878688581,-0.006770142537705017,-0.003868652878688581,-0.007737305757377162,-0.003868652878688581,-0.01644177473442647,-0.011605958636065743,-0.017408937954098615,-0.011605958636065743,-0.02224475405245934,-0.015474611514754323,-0.023211917272131486
eb2ac6a1fb57abf6,c230f95bbd,images/train/eb2ac6a1fb57abf6.jpg,USV,0.39791666666666664,0.47824074074074074,0.16354166666666667,0.12314814814814815,0.02013985339506173,2.3609022556390977,0.0026041666666666665,0.009259259259259259,0.054709703608970234,-0.000611673081492615,-0.00122334616298523,-0.00367003848895569,-0.00244669232597046,-0.001835019244477845,-0.00367003848895569,-0.00489338465194092,-0.00244669232597046,-0.005505057733433535,-0.00367003848895569,-0.008563423140896611,-0.00489338465194092,-0.006728403896418766,-0.006116730814926151,-0.00978676930388184,-0.00489338465194092
eb410fa43a13f38b,b9351a7480,images/train/eb410fa43a13f38b.jpg,Boat,0.41640625,0.5157407407407407,0.07447916666666667,0.09444444444444444,0.0070341435185185186,1.4019607843137254,0.0010416666666666667,0.020833333333333332,0.18703522312136034,0.002070007428855991,-0.002587509286069989,0.0,-0.005175018572139978,-0.002070007428855991,-0.0036225130004979844,-0.008280029715423964,-0.010350037144279955,-0.014490052001991938,-0.017077561288061927,-0.01656005943084793,-0.019665070574131915,-0.022770081717415902,-0.026392594717913886,-0.024840089146271893,-0.028980104003983875
eba47582bda59075,3c1c8b0c56,images/train/eba47582bda59075.jpg,Boat,0.34375,0.5390625,0.08639705882352941,0.017463235294117647,0.0015087721669550173,4.947368421052632,0.003216911764705882,0.00505514705882353,0.15426014588733714,0.013310114745383466,-0.004436704915127822,0.014789016383759407,-0.008873409830255644,0.01626791802213535,-0.013310114745383466,0.01774681966051129,-0.01774681966051129,0.01922572129888723,-0.022183524575639112,0.02070462293726317,-0.014789016383759407,0.022183524575639112,-0.01922572129888723,0.023662426214015053,-0.023662426214015053
ec14bbd564639538,1d2277871a,images/train/ec14bbd564639538.jpg,USV,0.453125,0.4041666666666667,0.05520833333333333,0.05277777777777778,0.002913773148148148,1.8596491228070176,0.017708333333333333,-0.0032407407407407406,0.43972133151306175,-0.0032162488816300516,-0.01366905774692772,-0.012864995526520207,-0.014473119967335234,-0.016081244408150258,-0.02170967995100285,-0.025729991053040413,-0.028946239934670468,-0.028946239934670468,-0.02975030215507798,-0.04502748434282072,-0.030554364375485494,-0.05467623098771088,-0.031358426595893,-0.057892479869340936,-0.03859498657956062
ecda47caf60ef5d5,c230f95bbd,images/train/ecda47caf60ef5d5.jpg,USV,0.43020833333333336,0.475,0.10520833333333333,0.07777777777777778,0.00818287037037037,2.4047619047619047,-0.002864583333333333,-0.006481481481481481,0.06834146868006585,-0.01391434244313059,0.0028788294709925356,-0.02782868488626118,0.0019192196473283572,-0.03790458803473505,-0.0028788294709925356,-0.05181893047786564,0.0,-0.06573327292099623,-0.0009596098236641786,-0.07964761536412682,0.0019192196473283572,-0.09356195780725741,-0.0028788294709925356,-0.10363786095573128,-0.0038384392946567143
ed323ffd0ab64c31,b0fe05f41b,images/train/ed323ffd0ab64c31.jpg,USV,0.33828125,0.5487132352941176,0.09427083333333333,0.08639705882352941,0.008144722732843137,1.925531914893617,0.00546875,0.0,0.0804981843392074,0.0014374675774858465,0.0,-0.0009583117183238976,0.0,-0.0033540910141336418,0.0,-0.005749870309943386,0.0,-0.00814564960575313,0.0,-0.010541428901562873,0.0,-0.012937208197372619,0.0,-0.011499740619886772,0.0
ed6c82dea1709285,1d2277871a,images/train/ed6c82dea1709285.jpg,USV,0.3375,0.4513888888888889,0.040625,0.03425925925925926,0.0013917824074074073,2.108108108108108,-0.00078125,-0.015277777777777777,0.30840613663535477,0.012797482346170844,0.0011634074860155312,0.02559496469234169,0.0023268149720310624,0.03839244703851253,0.003490222458046594,0.041882669496559125,0.004653629944062125,0.05468015184272997,-0.003490222458046594,0.05817037430077657,-0.0023268149720310624,0.08027511653507166,0.00814385240210872,0.08376533899311825,0.00930725988812425
edb1480e62d2fb4f,b6cf3a91b7,images/train/edb1480e62d2fb4f.jpg,Boat,0.4044270833333333,0.45036764705882354,0.0765625,0.08639705882352941,0.0066147748161764705,1.5638297872340425,0.030989583333333334,0.02849264705882353,0.5707474410648942,0.043066783989471884,0.018077415501753628,0.07337303938947061,0.023394302414034108,0.09942578525964496,0.028711189326314588,0.09995747395087301,0.021267547649121917,0.09623565311227668,0.009570396442104863,0.08400681321403157,-0.0021267547649121915,0.050510425666664555,-0.013823905971929246,0.017014038119297532,-0.03828158576841945
edd58d71c77f02d8,b6cf3a91b7,images/train/edd58d71c77f02d8.jpg,Boat,0.52578125,0.4885110294117647,0.14947916666666666,0.0744485294117647,0.011128504136029413,3.54320987654321,0.0005208333333333333,0.006433823529411764,0.04637688172942679,0.0024595055670873136,0.0008198351890291045,0.001639670378058209,0.001639670378058209,0.0008198351890291045,-0.0008198351890291045,0.0,0.0,0.005738846323203732,-0.005738846323203732,0.008198351890291045,-0.004919011134174627,0.007378516701261941,-0.010657857457378359,0.009838022268349254,-0.013117363024465672
ee87526a01004c2d,b6cf3a91b7,images/train/ee87526a01004c2d.jpg,Boat,0.3765625,0.48299632352941174,0.13645833333333332,0.09283088235294118,0.012667547487745097,2.594059405940594,-0.009635416666666667,-0.029871323529411766,0.22988990605582552,-0.001152630054539254,0.006531570309055773,0.0007684200363595027,0.009989460472673534,-0.00038421001817975133,0.01959471092716732,0.0015368400727190053,0.02612628123622309,0.00038421001817975133,0.029584171399840854,0.002305260109078508,0.042263101999772644,0.001152630054539254,0.05186835245426643,0.0030736801454380107,0.061473602908760215
ee8ce41c3511c676,4642ebc223,images/train/ee8ce41c3511c676.jpg,USV,0.5729166666666666,0.578125,0.165625,0.15073529411764705,0.024965533088235296,1.9390243902439024,-0.027083333333333334,0.0009191176470588235,0.22774463272002943,-0.0021894474216732907,-0.0005473618554183227,-0.0021894474216732907,0.0010947237108366453,0.004378894843346581,0.0027368092770916133,0.008757789686693163,0.004378894843346581,0.015326131951713036,0.006020980409601549,0.017515579373386325,0.007663065975856518,0.024083921638406197,0.009305151542111485,0.030652263903426073,0.010947237108366453
eeac950ccc7c9501,ace8fc6a18,images/train/eeac950ccc7c9501.jpg,Boat,0.28125,0.3851102941176471,0.059375,0.09558823529411764,0.005675551470588235,1.0961538461538463,0.0010416666666666667,-0.004595588235294118,0.049457243083165424,0.0022959948699082656,0.0011479974349541328,0.004591989739816531,0.0022959948699082656,-0.0022959948699082656,0.0034439923048623987,-0.004591989739816531,0.009183979479633063,-0.011479974349541329,0.010331976914587196,-0.013775969219449595,0.006887984609724797,-0.01607196408935786,0.012627971784495462,-0.02755193843889919,0.009183979479633063
eed4ae44c23f7527,b9351a7480,images/train/eed4ae44c23f7527.jpg,Boat,0.49192708333333335,0.4615740740740741,0.03802083333333333,0.019444444444444445,0.0007392939814814815,3.4761904761904763,0.0013020833333333333,-0.006481481481481481,0.18984320787083786,-0.020751633672201127,-0.07981397566231202,-0.05427350345037218,-0.1851684235365639,-0.10056560933451315,-0.3032931075167857,-0.1340874791126842,-0.4724987359208872,-0.15483911278488532,-0.6544746004309586,-0.23944192698693606,-0.8236802288350601,-0.2601935606591372,-0.9801156211331916,-0.29371543043730824,-1.1237807773253532
eee900d3789c19d5,b6cf3a91b7,images/train/eee900d3789c19d5.jpg,Boat,0.52265625,0.4724264705882353,0.2703125,0.13419117647058823,0.03627355238970588,3.5547945205479454,-0.00026041666666666666,0.028952205882352942,0.11444719445597117,-0.0015893441603310333,0.005676229144039404,-0.004995081646754676,0.00045409833152315236,-0.0047680324809931,-0.0011352458288078808,-0.006357376641324133,-0.004540983315231523,-0.009763114127747776,-0.009763114127747776,-0.0095360649619862,-0.011352458288078808,-0.012941802448409841,-0.014758195774502452,-0.014531146608740875,-0.02179671991311131
ef69b3a6a842e9ae,c230f95bbd,images/train/ef69b3a6a842e9ae.jpg,USV,0.35208333333333336,0.5967592592592592,0.11770833333333333,0.09166666666666666,0.010789930555555556,2.282828282828283,-0.00859375,0.0060185185185185185,0.11856008664381837,0.0004178382563126143,0.0012535147689378427,0.0008356765126252285,0.0025070295378756854,0.0012535147689378427,0.0037605443068135284,0.001671353025250457,0.005014059075751371,0.0020891912815630713,0.0029248677941883,0.0058497355883766,0.0041783825631261425,0.009610279895190128,0.0054318973320639855,0.010028118151502742,0.006685412101001828
ef747ac943c8da00,6fde253657,images/train/ef747ac943c8da00.jpg,USV,0.6,0.6638888888888889,0.08645833333333333,0.08703703703703704,0.007525077160493827,1.7659574468085106,0.019010416666666665,0.024537037037037038,0.3610861878664584,-0.012508408476694429,-0.022515135258049972,-0.029019507665931078,-0.03702488909101551,-0.05753867899279438,-0.05954002434906548,-0.08605785031965768,-0.08605785031965768,-0.11857971235906319,-0.10857298557770764,-0.15110157439846872,-0.1270854301232154,-0.17962074572533201,-0.16160863751889204,-0.2081399170521953,-0.18812646348948422
ef7c3fb3a135d5c9,3c1c8b0c56,images/train/ef7c3fb3a135d5c9.jpg,Boat,0.3023897058823529,0.5418198529411765,0.125,0.019301470588235295,0.002412683823529412,6.476190476190476,0.00045955882352941176,-0.00045955882352941176,0.01323140310062408,-0.0011695018571329997,0.0011695018571329997,-0.0023390037142659993,-0.0070170111427979975,0.005847509285664998,-0.015203524142728995,0.004678007428531999,-0.014034022285595995,0.0035085055713989987,-0.012864520428462995,0.0023390037142659993,-0.011695018571329995,0.0011695018571329997,-0.010525516714196997,0.009356014857063997,-0.018712029714127994
ef831336ccc30c6f,6fde253657,images/train/ef831336ccc30c6f.jpg,USV,0.64609375,0.6166666666666667,0.05677083333333333,0.06111111111111111,0.0034693287037037036,1.6515151515151516,0.0078125,-0.004166666666666667,0.1846372364689991,0.0014737533193383394,0.0007368766596691697,0.0029475066386766787,0.0014737533193383394,0.004421259958015018,0.002210629979007509,0.0058950132773533575,0.0029475066386766787,0.0014737533193383394,-0.002210629979007509,0.0029475066386766787,-0.007368766596691697,0.004421259958015018,-0.012526903214375884,-0.0058950132773533575,-0.011790026554706715
efaa281c61b2181c,b0fe05f41b,images/train/efaa281c61b2181c.jpg,USV,0.42161458333333335,0.4375,0.0765625,0.07352941176470588,0.005629595588235294,1.8375,0.0,0.0,0.0,-0.013832083379312203,-0.00922138891954147,-0.013832083379312203,-0.004610694459770735,-0.013832083379312203,0.0,-0.00922138891954147,0.00922138891954147,0.0,0.01844277783908294,0.004610694459770735,0.023053472298853673,0.00922138891954147,0.027664166758624407,0.013832083379312203,0.03688555567816588
eff647000e2150e6,c230f95bbd,images/train/eff647000e2150e6.jpg,USV,0.39401041666666664,0.5333333333333333,0.13072916666666667,0.13518518518518519,0.017672646604938273,1.7191780821917808,-0.0015625,-0.001851851851851852,0.01883468613897849,0.001958925768212245,0.0013059505121414967,0.0013059505121414967,0.0,0.005876777304636735,-0.00391785153642449,0.00783570307284898,-0.005223802048565987,0.009794628841061224,-0.009141653584990476,0.01175355460927347,-0.010447604097131974,0.016324381401768708,-0.01175355460927347,0.020895208194263947,-0.013059505121414966
f0444855ef928789,1cec08390c,images/train/f0444855ef928789.jpg,Boat,0.17317708333333334,0.4411764705882353,0.021354166666666667,0.012867647058823529,0.0002747778799019608,2.9285714285714284,0.00026041666666666666,-0.00045955882352941176,0.029514066805047767,-0.002608699597280257,0.002608699597280257,-0.005217399194560514,0.005217399194560514,0.013043497986401285,0.007826098791840772,0.010434798389121027,-0.010434798389121027,0.007826098791840772,-0.007826098791840772,0.005217399194560514,-0.005217399194560514,0.023478296375522314,-0.002608699597280257,0.020869596778242055,0.0
f048dc39b76c764c,c230f95bbd,images/train/f048dc39b76c764c.jpg,USV,0.4484375,0.5199074074074074,0.109375,0.09351851851851851,0.010228587962962964,2.0792079207920793,0.0020833333333333333,0.0023148148148148147,0.03238878625043008,0.0,-0.0021457527975896895,0.0,-0.004291505595179379,-0.003433204476143503,-0.0064372583927690685,-0.003433204476143503,-0.0051498067142152545,-0.003433204476143503,-0.007295559511804944,-0.003433204476143503,-0.009441312309394633,-0.006866408952287006,-0.011587065106984323,-0.010299613428430509,-0.013732817904574013
f050ce20517c267b,b9351a7480,images/train/f050ce20517c267b.jpg,Boat,0.52890625,0.45740740740740743,0.1421875,0.07592592592592592,0.010795717592592593,3.3292682926829267,-0.0033854166666666668,0.013425925925925926,0.10620438331570217,-0.0012531787510336855,-0.0020886312517228093,-0.002506357502067371,-0.004177262503445619,0.002924083752411933,-0.006265893755168428,0.0016709050013782474,-0.008354525006891237,0.0037595362531010566,-0.010443156258614047,0.009189977507580362,-0.012531787510336855,0.01127860875930317,-0.01796222876481616,0.01336724001102598,-0.02005086001653897
f0d513e21016809a,72d433a56e,images/train/f0d513e21016809a.jpg,Boat,0.3958333333333333,0.2803308823529412,0.13958333333333334,0.06985294117647059,0.00975030637254902,3.526315789473684,0.0046875,-0.003216911764705882,0.06766284073042544,-0.0008758622729237664,-0.0004379311364618832,-0.005255173637542599,-0.004379311364618832,-0.006131035910466365,-0.011824140684470847,-0.007006898183390131,-0.01226207182093273,-0.007882760456313897,-0.019706901140784744,-0.008758622729237664,-0.023648281368941693,-0.00963448500216143,-0.031093110688793706,-0.010510347275085197,-0.035034490916950656
f109b1831bafec42,b9351a7480,images/train/f109b1831bafec42.jpg,Boat,0.40078125,0.4449074074074074,0.0859375,0.0824074074074074,0.007081886574074074,1.853932584269663,-0.0015625,-0.0023148148148148147,0.03222537251887481,-0.001031509037998005,-0.0015472635569970074,-0.00206301807599601,0.001031509037998005,-0.003094527113994015,0.0036102816329930173,-0.00412603615199202,0.00618905422798803,-0.005157545189990025,0.008767826822983042,-0.01031509037998005,0.011346599417978056,-0.007220563265986035,0.013925372012973067,-0.01237810845597606,0.01237810845597606
f158e63a45c27e70,b6cf3a91b7,images/train/f158e63a45c27e70.jpg,Boat,0.40859375,0.5560661764705882,0.08489583333333334,0.10845588235294118,0.009207452512254901,1.38135593220339,-0.0005208333333333333,0.0055147058823529415,0.04385974033545861,0.0009013121118281659,-0.0018026242236563318,-0.005407872670968995,-0.01081574534193799,-0.015322305901078819,-0.012618369565594322,-0.02163149068387598,-0.018026242236563315,-0.027940675466673143,-0.023434114907532312,-0.03785510869678296,-0.02884198757850131,-0.044164293479580126,-0.034249860249470306,-0.05047347826237729,-0.039657732920439295
f17820fb3dd90d93,b6cf3a91b7,images/train/f17820fb3dd90d93.jpg,Boat,0.40703125,0.5620404411764706,0.0765625,0.09834558823529412,0.007529584099264706,1.3738317757009346,-0.004427083333333333,0.0078125,0.09584806889561137,0.0004983442608803104,-0.0004983442608803104,-0.002990065565281862,-0.0009966885217606207,-0.002491721304401552,0.002491721304401552,-0.009966885217606207,-0.0019933770435212415,-0.009468540956725897,-0.010465229478486517,-0.01694370486993055,-0.018937081913451795,-0.016445360609050243,-0.023422180261374586,-0.019933770435212415,-0.031894032696339863
f1852e0452051e82,f126b8aae2,images/train/f1852e0452051e82.jpg,USV,0.50625,0.4842592592592593,0.05416666666666667,0.053703703703703705,0.0029089506172839505,1.793103448275862,-0.005729166666666666,-0.006944444444444444,0.17142038078828936,0.017704025715220787,-0.0008047284416009449,0.028970223897634016,-0.0016094568832018899,0.04023642208004725,-0.015289840390417952,0.05794044779526803,-0.0160945688320189,0.06920664597768127,-0.02977495233923496,0.09978632675851716,-0.030579680780835904,0.13036600753935307,-0.044260064288051966,0.160945688320189,-0.045064792729652914
f1d8c0d49477cc91,b9351a7480,images/train/f1d8c0d49477cc91.jpg,Boat,0.35182291666666665,0.43657407407407406,0.09947916666666666,0.10648148148148148,0.010592689043209877,1.6608695652173913,-0.014583333333333334,-0.0060185185185185185,0.19395015563992749,-0.01686841996389426,-0.0012651314972920694,-0.030363155935009666,-0.0025302629945841387,-0.043857891906125074,-0.0037953944918762083,-0.05735262787724048,-0.005060525989168277,-0.07084736384835588,-0.006325657486460347,-0.08096841582669244,-0.004217104990973565,-0.09446315179780784,-0.005482236488265634,-0.1045842037761444,-0.0033736839927788515
f222d7bb150847df,b9351a7480,images/train/f222d7bb150847df.jpg,Boat,0.39348958333333334,0.4773148148148148,0.0890625,0.0824074074074074,0.007339409722222222,1.9213483146067416,0.00625,-0.014351851851851852,0.15889633478041457,-0.004053003192381646,-0.0005066253990477057,-0.008106006384763291,0.00709275558666788,-0.008106006384763291,0.01063913338000182,-0.012159009577144938,0.01418551117333576,-0.008106006384763291,0.02178489215905135,-0.012159009577144938,0.02533126995238529,-0.016212012769526583,0.032930650938100874,-0.02026501596190823,0.04053003192381646
f231b238b57f812b,b9351a7480,images/train/f231b238b57f812b.jpg,Boat,0.38307291666666665,0.4689814814814815,0.08072916666666667,0.08796296296296297,0.0071011766975308645,1.631578947368421,-0.005208333333333333,-0.002777777777777778,0.08603706707005405,0.010301070542879116,-0.0010301070542879116,0.02060214108575823,0.002060214108575823,0.026782783411485697,0.0010301070542879116,0.037083853954364816,0.0,0.04738492449724393,0.0030903211628637343,0.053565566822971394,0.0061806423257274685,0.0638666373658505,0.005150535271439558,0.07416770790872963,0.004120428217151646
f2b65648debe6b39,3c1c8b0c56,images/train/f2b65648debe6b39.jpg,Boat,0.19806985294117646,0.5243566176470589,0.15165441176470587,0.03400735294117647,0.005157365105968858,4.45945945945946,-0.001838235294117647,-0.002297794117647059,0.04097501286090925,0.0031996109509611066,0.003999513688701383,0.0,0.0015998054754805533,-0.0031996109509611066,0.0055993191641819364,0.0,0.0031996109509611066,0.0031996109509611066,0.00719912463966249,0.006399221901922213,0.011198638328363873,0.0031996109509611066,0.015198152017065257,0.006399221901922213,0.012798443803844426
f2bebbe4437968fb,ace8fc6a18,images/train/f2bebbe4437968fb.jpg,Boat,0.2830729166666667,0.38005514705882354,0.05572916666666667,0.10018382352941177,0.0055831609987745095,0.981651376146789,0.007291666666666667,0.002297794117647059,0.13168585484380463,-0.0023149140502258655,-0.002893642562782332,-0.004629828100451731,0.0034723710753387983,-0.0069447421506775965,0.0005787285125564664,-0.013889484301355193,0.0023149140502258655,-0.030093882652936253,-0.0005787285125564664,-0.03703862480361385,0.0011574570251129328,-0.04398336695429145,0.002893642562782332,-0.050928109104969047,0.0
f30ad2447a1874ba,b6cf3a91b7,images/train/f30ad2447a1874ba.jpg,Boat,0.3223958333333333,0.5615808823529411,0.07708333333333334,0.06985294117647059,0.005384497549019608,1.9473684210526316,0.002864583333333333,-0.00045955882352941176,0.05207296008601286,0.002946540181268415,0.000589308036253683,0.00589308036253683,0.001178616072507366,0.008839620543805245,0.001767924108761049,0.01178616072507366,0.002357232145014732,0.014732700906342076,0.002946540181268415,0.03182263395769888,-0.001178616072507366,0.03948363842899676,-0.000589308036253683,0.051859107190324105,-0.009428928580058928
f32fe41d393afba7,1d2277871a,images/train/f32fe41d393afba7.jpg,USV,0.409375,0.4351851851851852,0.019791666666666666,0.025925925925925925,0.0005131172839506173,1.3571428571428572,-0.00390625,-0.002777777777777778,0.24763922946480996,-0.0019160604358905182,0.01149636261534311,-0.0038321208717810363,0.02299272523068622,-0.005748181307671555,0.0038321208717810363,0.02299272523068622,0.015328483487124145,0.0210766647947957,0.026824846102467256,0.01916060435890518,0.03832120871781036,0.03257302741013881,0.03448908784602933,0.04598545046137244,0.03065696697424829
f41cbfa3ad7a6a60,c230f95bbd,images/train/f41cbfa3ad7a6a60.jpg,USV,0.3963541666666667,0.5472222222222223,0.12604166666666666,0.09814814814814815,0.012370756172839507,2.2830188679245285,0.020052083333333335,-0.011111111111111112,0.2517868468531384,-0.01756029936844036,0.006243661997667683,-0.03512059873688072,0.012487323995335366,-0.052680898105321075,0.02185281699183689,-0.07024119747376144,0.028096478989504573,-0.08467966584336796,0.0374619719860061,-0.10223996521180831,0.04682746498250762,-0.11980026458024867,0.049949295981341464,-0.13736056394868904,0.059314788977842994
f432779a8242d8c8,c230f95bbd,images/train/f432779a8242d8c8.jpg,USV,0.40078125,0.5148148148148148,0.11822916666666666,0.12777777777777777,0.015107060185185185,1.644927536231884,0.0033854166666666668,-0.005092592592592593,0.048107914615340745,0.0038843667748620627,-0.0017656212613009377,0.0077687335497241255,-0.0035312425226018754,0.008828106306504688,-0.002471869765821313,0.01271247308136675,-0.00423749102712225,0.013771845838147313,-0.0031781182703416876,0.017656212613009377,-0.004943739531642626,0.02154057938787144,-0.0067093607929435625,0.0254249461627335,-0.005649988036163
f464bdad8820c33e,b0fe05f41b,images/train/f464bdad8820c33e.jpg,USV,0.61953125,0.5376838235294118,0.06614583333333333,0.06066176470588235,0.004012522977941176,1.9242424242424243,-0.021354166666666667,-0.015165441176470588,0.48273088776005824,-0.02047988170767108,0.000682662723589036,-0.030037159837917583,-0.009557278130246503,-0.05051704154558866,-0.019797218984082043,-0.07099692325325974,-0.019114556260493007,-0.09147680496093082,-0.029354497114328547,-0.10103408309117733,-0.03959443796816409,-0.1215139647988484,-0.03891177524457505,-0.14199384650651947,-0.04915171609841059
f4b8806df1ae850b,b9351a7480,images/train/f4b8806df1ae850b.jpg,Boat,0.41354166666666664,0.4078703703703704,0.07395833333333333,0.09166666666666666,0.006779513888888889,1.4343434343434343,0.00026041666666666666,0.0060185185185185185,0.054983539745163304,-0.0005271306243429765,0.005798436867772742,-0.001054261248685953,0.0073798287408016715,-0.0015813918730289297,0.017395310603318226,-0.002108522497371906,0.018976702476347154,-0.006852698116458695,0.02899218433886371,-0.0073798287408016715,0.03057357621189264,-0.007906959365144649,0.04058905807440919,-0.008434089989487624,0.04217044994743812
f54c4ae6921498e6,b6cf3a91b7,images/train/f54c4ae6921498e6.jpg,Boat,0.5934895833333333,0.5390625,0.21614583333333334,0.13511029411764705,0.02920352711397059,2.82312925170068,-0.009895833333333333,-0.014705882352941176,0.10056801225095151,0.0015182683962458993,0.002024357861661199,0.0030365367924917986,0.0,0.004554805188737698,0.0,0.006073073584983597,-0.002024357861661199,0.007591341981229497,0.0,0.009109610377475395,0.0,0.010627878773721296,0.0,0.012146147169967194,0.004048715723322398
f5aa2b1b74022b1f,72d433a56e,images/train/f5aa2b1b74022b1f.jpg,Boat,0.4036458333333333,0.23253676470588236,0.140625,0.06985294117647059,0.009823069852941176,3.5526315789473686,0.00546875,-0.0055147058823529415,0.08442270418824631,0.0013089184634115486,0.0017452246178820646,0.002617836926823097,0.0,0.007417204625998775,0.005235673853646194,0.008726123089410323,0.003490449235764129,0.010035041552821871,0.005235673853646194,0.011343960016233421,0.006980898471528258,0.0161433277154091,0.008726123089410323,0.017452246178820647,0.006980898471528258
f66aa0f37b1ccb5e,b9351a7480,images/train/f66aa0f37b1ccb5e.jpg,Boat,0.5541666666666667,0.38657407407407407,0.13854166666666667,0.08796296296296297,0.01218653549382716,2.8,-0.004166666666666667,0.011111111111111112,0.09072543235487733,0.0031453384456168253,0.0,0.0062906768912336505,0.0,0.0062906768912336505,0.0031453384456168253,0.009436015336850475,0.0031453384456168253,0.009436015336850475,0.0031453384456168253,0.009436015336850475,0.0031453384456168253,0.009436015336850475,0.0062906768912336505,0.012581353782467301,0.0062906768912336505
f6b975ade3d1a2c2,b6cf3a91b7,images/train/f6b975ade3d1a2c2.jpg,Boat,0.37265625,0.4476102941176471,0.0859375,0.0900735294117647,0.00774069393382353,1.683673469387755,-0.00234375,-0.0059742647058823525,0.06217059141274923,-0.0034405117660198767,-0.0014745050425799473,-0.0029490100851598945,0.0009830033617199648,-0.002457508404299912,-0.0004915016808599824,-0.005898020170319789,0.0019660067234399297,-0.009338531936339666,0.008355528574619702,-0.012779043702359542,0.014745050425799473,-0.012287542021499561,0.017202558830099385,-0.015728053787519437,0.019660067234399295
f7124aa5c1bcdea0,b9351a7480,images/train/f7124aa5c1bcdea0.jpg,Boat,0.39088541666666665,0.5296296296296297,0.1390625,0.09074074074074075,0.01261863425925926,2.7244897959183674,-0.008854166666666666,-0.037037037037037035,0.26868740594353374,-0.002318262441470976,0.0,-0.001545508294313984,0.003091016588627968,-0.0038637707357849597,0.006182033177255936,-0.006182033177255936,0.009273049765883903,-0.005409279030098944,0.015455082943139839,-0.0077275414715699195,0.021637116120395775,-0.010045803913040895,0.024728132709023742,-0.009273049765883903,0.02781914929765171
f727c8ca6aad32b8,b6cf3a91b7,images/train/f727c8ca6aad32b8.jpg,Boat,0.3619791666666667,0.4384191176470588,0.09270833333333334,0.0974264705882353,0.009032245710784313,1.679245283018868,-0.007291666666666667,-0.0055147058823529415,0.1108871084310378,-0.020020262155037154,-0.001820023832276105,-0.04368057197462652,-0.00364004766455221,-0.06370083412966368,-0.005460071496828315,-0.08372109628470083,-0.00728009532910442,-0.11102145376884241,-0.005460071496828315,-0.14196185891753618,-0.00728009532910442,-0.16926221640167777,-0.012740166825932734,-0.20020262155037155,-0.01092014299365663
f7ef7340b498a776,6fde253657,images/train/f7ef7340b498a776.jpg,USV,0.671875,0.6064814814814815,0.07291666666666667,0.07222222222222222,0.0052662037037037035,1.794871794871795,0.00026041666666666666,0.004166666666666667,0.043327697576600786,-0.0005980929705866818,0.004186650794106773,-0.0011961859411733636,0.003588557823520091,-0.0065790226764535,-0.0017942789117600456,-0.011961859411733637,0.0023923718823467273,-0.017344696147013772,-0.002990464852933409,-0.02272753288229391,0.0011961859411733636,-0.028110369617574047,-0.004186650794106773,-0.03349320635285418,0.0
f7facb5833c56dd2,055abdf17e,images/train/f7facb5833c56dd2.jpg,USV,0.5153645833333333,0.37824074074074077,0.03802083333333333,0.032407407407407406,0.0012321566358024691,2.085714285714286,0.0033854166666666668,0.0,0.12859317059045125,0.003709418382416863,0.0,0.007418836764833726,0.0,0.011128255147250589,0.0,0.004945891176555817,0.0,-0.0012364727941389542,0.0,0.0024729455882779084,0.0,0.006182363970694771,0.0,0.009891782353111634,0.0
f837ca2b2876aa11,1cec08390c,images/train/f837ca2b2876aa11.jpg,Boat,0.1453125,0.4306066176470588,0.0375,0.021139705882352942,0.0007927389705882353,3.130434782608696,0.0020833333333333333,-0.00045955882352941176,0.0990595877861762,0.012286829679574762,0.0015358537099468452,0.0,0.0030717074198936905,-0.012286829679574762,0.0046075611298405355,0.0,0.006143414839787381,-0.012286829679574762,-0.0046075611298405355,-0.012286829679574762,-0.0030717074198936905,-0.012286829679574762,-0.0015358537099468452,-0.024573659359149524,0.0
f956d1ced401049b,6fde253657,images/train/f956d1ced401049b.jpg,USV,0.62109375,0.662962962962963,0.08697916666666666,0.09074074074074075,0.00789255401234568,1.7040816326530612,0.00234375,0.000925925925925926,0.036033644848130236,-0.0004885496921112347,0.002931298152667408,-0.004885496921112347,0.0019541987684449386,-0.005374046613223581,0.004885496921112347,-0.005862596305334816,0.003908397536889877,-0.010259543534335927,0.006839695689557285,-0.010748093226447162,0.005862596305334816,-0.011236642918558396,0.004885496921112347,-0.011725192610669632,0.007816795073779755
f9d2503addf3996a,b9351a7480,images/train/f9d2503addf3996a.jpg,Boat,0.4036458333333333,0.45,0.0875,0.08148148148148149,0.00712962962962963,1.9090909090909092,0.00026041666666666666,-0.004629629629629629,0.04132707936907094,-0.004626222855185875,0.0051402476168731955,-0.00925244571037175,0.002056099046749278,-0.00976647047205907,0.007196346663622473,-0.010280495233746391,0.004112198093498556,-0.01079451999543371,0.00925244571037175,-0.015420742850619585,0.006168297140247834,-0.020046965705805463,0.01130854475712103,-0.024673188560991335,0.016448792373994225
f9db85e6e2502d74,b9351a7480,images/train/f9db85e6e2502d74.jpg,Boat,0.44088541666666664,0.48564814814814816,0.04635416666666667,0.05277777777777778,0.0024464699074074076,1.5614035087719298,0.0010416666666666667,0.0060185185185185185,0.09548242433551829,-0.010530011178665801,0.0026325027946664504,-0.021060022357331603,-0.008775009315554834,-0.024570026083553537,-0.006142506520888384,-0.02808002980977547,-0.0035100037262219335,-0.0315900335359974,-0.014917515836443218,-0.03510003726221934,-0.012285013041776769,-0.03861004098844127,-0.009652510247110318,-0.05616005961955094,-0.021060022357331603
fa0952db8345067c,b9351a7480,images/train/fa0952db8345067c.jpg,Boat,0.38958333333333334,0.5222222222222223,0.07916666666666666,0.1037037037037037,0.008209876543209876,1.3571428571428572,-0.00234375,-0.005092592592592593,0.054464670897195824,0.00047901510897262954,-0.0023950755448631476,0.004790151089726295,0.0028740906538357773,0.009101287070479962,0.00047901510897262954,0.013412423051233628,0.005748181307671555,0.017723559031987295,0.003353105762808407,0.014370453269178888,0.008622271961507333,0.018681589249932552,0.006227196416644184,0.02299272523068622,0.01149636261534311
fa0af2ec6cbaf247,b9351a7480,images/train/fa0af2ec6cbaf247.jpg,Boat,0.37526041666666665,0.4,0.09947916666666666,0.11296296296296296,0.011237461419753087,1.5655737704918034,0.0018229166666666667,-0.009722222222222222,0.07250558240489467,-0.002866034793456199,0.005322636044990084,0.0008188670838446283,0.010645272089980168,-0.002047167709611571,0.019243376470348766,-0.0016377341676892566,0.027841480850717363,-0.0012283006257669425,0.029888648560328933,-0.0008188670838446283,0.03848675294069753,-0.00040943354192231416,0.047084857321066126,0.0,0.055682961701434726
fa2886541b6cabcf,f91b246954,images/train/fa2886541b6cabcf.jpg,USV,0.23671875,0.4722222222222222,0.0765625,0.07407407407407407,0.005671296296296297,1.8375,-0.005989583333333334,0.0,0.1060459725747269,0.004034357652299393,0.0,0.008068715304598786,0.0,0.002881684037356709,0.004610694459770735,0.006916041689656102,0.004610694459770735,0.010950399341955495,0.00922138891954147,0.005763368074713418,0.00922138891954147,0.009797725727012811,0.00922138891954147,0.013832083379312203,0.00922138891954147
fa2988ad76d6f3ed,3c1c8b0c56,images/train/fa2988ad76d6f3ed.jpg,Boat,0.19439338235294118,0.5220588235294118,0.15165441176470587,0.03308823529411765,0.005017976859861592,4.583333333333333,-0.002297794117647059,-0.0009191176470588235,0.03493620930408336,0.010542173202187291,-0.011353109602355544,0.014596855203028556,-0.009731236802019037,0.012164046002523797,-0.008109364001682532,0.016218728003365063,-0.0064874912013460255,0.02027341000420633,-0.0048656184010095185,0.024328092005047593,-0.016218728003365063,0.028382774005888862,-0.014596855203028556,0.03243745600673013,-0.012974982402692051
fa5c1fa8d68189ed,2b50dc5ca4,images/train/fa5c1fa8d68189ed.jpg,USV,0.25442708333333336,0.537962962962963,0.06614583333333333,0.044444444444444446,0.002939814814814815,2.6458333333333335,0.007552083333333333,0.0,0.18571437584722797,-0.042426128965099494,0.0064039439947319995,-0.09125620192493099,0.019211831984195998,-0.13368233089003048,0.019211831984195998,-0.17610845985513,0.025615775978927998,-0.22493853281496148,0.032019719973659995,-0.26736466178006096,0.044827607963123996,-0.3033868467504285,0.051231551957855996,-0.34581297571552794,0.051231551957855996
fa6afb244c8d8ada,2b50dc5ca4,images/train/fa6afb244c8d8ada.jpg,USV,0.46848958333333335,0.5305555555555556,0.06197916666666667,0.05,0.0030989583333333333,2.2037037037037037,0.0018229166666666667,0.0,0.04366140266629865,0.0007796679047553331,0.0,-0.004678007428531999,0.0,0.0023390037142659993,0.0,-0.0031186716190213324,0.0,-0.0023390037142659993,0.006237343238042665,-0.007796679047553331,0.006237343238042665,-0.013254354380840662,0.01247468647608533,-0.018712029714127994,0.01247468647608533
fb300ca3f324aab4,6fde253657,images/train/fb300ca3f324aab4.jpg,USV,0.7109375,0.39444444444444443,0.052083333333333336,0.05555555555555555,0.0028935185185185184,1.6666666666666667,-0.0010416666666666667,-0.009722222222222222,0.13799154563474772,0.04195731958391368,0.01048932989597842,0.07100469468046931,0.02743363203563587,0.11296201426438299,0.03146798968793526,0.1613743060919757,0.04841229182759271,0.2097865979195684,0.058901621723571135,0.25819888974716115,0.06939095161954956,0.30661118157475387,0.07342530927184894,0.3485685011586675,0.09682458365518543
fb5c8475f00ac43f,b0fe05f41b,images/train/fb5c8475f00ac43f.jpg,USV,0.31744791666666666,0.5082720588235294,0.06927083333333334,0.05698529411764706,0.00394741881127451,2.1451612903225805,-0.0036458333333333334,-0.0027573529411764708,0.08386723624602715,-0.0013765384531586819,-0.006882692265793409,0.0027530769063173637,-0.0027530769063173637,0.006882692265793409,-0.009635769172110772,0.0055061538126347275,-0.011012307625269455,0.004129615359476046,-0.012388846078428137,0.008259230718952092,-0.019271538344221545,0.012388846078428137,-0.0151419229847455,0.011012307625269455,-0.011012307625269455
fbc53eb8e17b1233,b6cf3a91b7,images/train/fbc53eb8e17b1233.jpg,Boat,0.5489583333333333,0.40441176470588236,0.14270833333333333,0.08455882352941177,0.012067248774509804,2.9782608695652173,-0.004166666666666667,0.011488970588235295,0.09347355571103712,-0.003149204107741882,-0.00039365051346773524,-0.006298408215483764,-0.0007873010269354705,-0.006298408215483764,-0.0043301556481450875,-0.006298408215483764,-0.001574602053870941,-0.009447612323225645,-0.005117456675080558,-0.009447612323225645,-0.0023619030808064113,-0.006298408215483764,-0.005904757702016029,-0.003149204107741882,-0.003149204107741882
fc059488bd1fd54f,b6cf3a91b7,images/train/fc059488bd1fd54f.jpg,Boat,0.1953125,0.5133272058823529,0.16770833333333332,0.17003676470588236,0.028516582414215685,1.7405405405405405,-0.011197916666666667,0.015625,0.11229966027629033,0.0007682232946119389,-0.0005121488630746259,0.003585042041522381,-0.0010242977261492518,0.00435326533613432,-0.0015364465892238777,0.01126727498764177,-0.006145786356895511,0.020229880091447723,-0.010755126124567143,0.02714388974295517,-0.013315870439940272,0.03405789939446262,-0.017925210207611907,0.04302050449826857,-0.02253454997528354
fc095b666002c0f9,f21beac8ce,images/train/fc095b666002c0f9.jpg,USV,0.4734375,0.43796296296296294,0.027083333333333334,0.027777777777777776,0.0007523148148148148,1.7333333333333334,0.0020833333333333333,0.000462962962962963,0.10206207261596575,0.012659242088545833,-0.0015824052610682292,0.025318484177091666,-0.0031648105221364583,0.0379777262656375,-0.017406457871750523,0.05063696835418333,-0.01898886313281875,0.06329621044272916,-0.02057126839388698,0.08861469461982084,-0.02215367365495521,0.1139331787969125,-0.02373607891602344,0.1139331787969125,-0.025318484177091666
fc4f7f5f1b55fa55,6fde253657,images/train/fc4f7f5f1b55fa55.jpg,USV,0.68203125,0.5981481481481481,0.0578125,0.05925925925925926,0.003425925925925926,1.734375,0.0010416666666666667,0.0023148148148148147,0.03798485354847507,-0.0029661187367265593,0.0022245890525449197,0.0,-0.0014830593683632797,-0.0029661187367265593,-0.005190707789271479,-0.011864474946906237,-0.0029661187367265593,-0.014830593683632797,-0.0007415296841816398,-0.017796712420359358,0.0014830593683632797,-0.026695068630539037,0.0037076484209081994,-0.029661187367265595,0.005932237473453119
fc57e9528fdb8205,f21beac8ce,images/train/fc57e9528fdb8205.jpg,USV,0.49322916666666666,0.4962962962962963,0.06145833333333333,0.06666666666666667,0.004097222222222223,1.6388888888888888,-0.0020833333333333333,0.004166666666666667,0.06532008686189839,-0.005424537957534327,-0.006102605202226118,-0.005424537957534327,-0.0013561344893835818,-0.010849075915068654,-0.0074587396916097,-0.005424537957534327,-0.0027122689787671636,-0.010849075915068654,-0.008814874180993281,-0.016273613872602982,-0.009492941425685074,-0.016273613872602982,-0.004746470712842537,-0.02169815183013731,-0.010849075915068654
fc58f274b9b32bbe,6fde253657,images/train/fc58f274b9b32bbe.jpg,USV,0.7463541666666667,0.5138888888888888,0.051041666666666666,0.05740740740740741,0.00293016975308642,1.5806451612903225,-0.00390625,-0.0032407407407407406,0.10617845536860791,0.005612665688336716,0.012027140760721533,0.004810856304288613,0.01763980644905825,0.016837997065010147,0.023252472137394963,0.016036187680962044,0.02886513782573168,0.02164885336929876,0.03447780351406839,0.027261519057635478,0.04009046920240511,0.032874184745972194,0.04570313489074183,0.03207237536192409,0.05773027565146336
fc87716975013250,3c1c8b0c56,images/train/fc87716975013250.jpg,Boat,0.3037683823529412,0.5399816176470589,0.12224264705882353,0.019301470588235295,0.00235946285683391,6.333333333333333,0.00045955882352941176,-0.00045955882352941176,0.013379797308309915,-0.001182618175950932,-0.008278327231656524,-0.002365236351901864,-0.0070957090557055924,-0.0035478545278527962,-0.00591309087975466,-0.004730472703803728,-0.004730472703803728,-0.00591309087975466,-0.0035478545278527962,-0.0070957090557055924,-0.01182618175950932,-0.008278327231656524,-0.020104508991165844,-0.018921890815214913,-0.018921890815214913
fc9eef2f4d2629b9,2b50dc5ca4,images/train/fc9eef2f4d2629b9.jpg,USV,0.6736979166666667,0.5064814814814815,0.050520833333333334,0.06296296296296296,0.0031809413580246916,1.4264705882352942,-0.00234375,-0.002777777777777778,0.0665920848229526,0.0007695550524653939,-0.0015391101049307878,-0.004617330314792363,0.0030782202098615756,0.0023086651573961817,-0.004617330314792363,-0.0030782202098615756,0.0,-0.014621545996842485,0.004617330314792363,-0.026164871783823394,-0.0030782202098615756,-0.0377081975708043,0.0015391101049307878,-0.05540796377750836,0.0
fd4671bef7006e6c,f91b246954,images/train/fd4671bef7006e6c.jpg,USV,0.10442708333333334,0.5217592592592593,0.11302083333333333,0.11018518518518519,0.012453221450617284,1.8235294117647058,0.009375,-0.0023148148148148147,0.1130884015377655,0.004667216162882487,0.0019446734012010364,0.003111477441921658,0.0007778693604804146,0.007778693604804146,-0.0003889346802402073,0.012445909767686633,0.001555738720960829,0.01711312593056912,0.0035004121221618653,0.028003296977294923,0.005445085523362902,0.03578199058209907,0.00427828148264228,0.04356068418690322,0.006222954883843316
fd76c68728f54a48,b0fe05f41b,images/train/fd76c68728f54a48.jpg,USV,0.5776041666666667,0.43244485294117646,0.0625,0.05974264705882353,0.0037339154411764708,1.8461538461538463,0.0078125,0.0009191176470588235,0.1702185623672077,-0.009907424048765214,0.009907424048765214,-0.008492077756084468,0.008492077756084468,-0.018399501804849682,0.0070767314634037235,-0.016984155512168937,0.005661385170722979,-0.026891579560934152,0.004246038878042234,-0.025476233268253407,0.014153462926807447,-0.03538365731701862,0.012738116634126703,-0.03396831102433787,0.011322770341445958
fdc8b6bb27840397,3c1c8b0c56,images/train/fdc8b6bb27840397.jpg,Boat,0.32628676470588236,0.6107536764705882,0.13051470588235295,0.02665441176470588,0.0034787927119377163,4.896551724137931,-0.0027573529411764708,0.012408088235294117,0.21550509922085234,-0.009739504132548838,0.004869752066274419,-0.019479008265097675,0.009739504132548838,-0.021426909091607445,0.014609256198823257,-0.031166413224156284,0.011687404959058605,-0.009739504132548838,-0.006817652892784187,0.011687404959058605,-0.01753110743858791,0.040905917356705124,-0.0360361652904307,0.07012442975435164,-0.04674961983623442
fe8ac7caed799801,b0fe05f41b,images/train/fe8ac7caed799801.jpg,USV,0.3143229166666667,0.4710477941176471,0.06927083333333334,0.057904411764705885,0.004011086856617647,2.111111111111111,0.0010416666666666667,-0.001838235294117647,0.03089931831062144,0.008193419066805778,-0.008193419066805778,0.005462279377870518,-0.005462279377870518,0.002731139688935259,-0.002731139688935259,0.0,0.0,0.008193419066805778,0.002731139688935259,0.005462279377870518,0.005462279377870518,0.002731139688935259,0.008193419066805778,0.005462279377870518,0.010924558755741037
feeb89b566b7f6f0,b6cf3a91b7,images/train/feeb89b566b7f6f0.jpg,Boat,0.37473958333333335,0.4811580882352941,0.09427083333333333,0.11121323529411764,0.01048416436887255,1.4958677685950412,-0.0036458333333333334,-0.02389705882352941,0.18194370353269668,0.0025339573167517033,0.001689304877834469,0.001689304877834469,0.0,0.004223262194586172,0.001689304877834469,0.003378609755668938,0.0,0.005912567072420641,0.001689304877834469,0.008446524389172344,0.0,0.00760187195025511,0.001689304877834469,0.010135829267006813,0.0
fef0f6c6345879ce,b6cf3a91b7,images/train/fef0f6c6345879ce.jpg,Boat,0.38645833333333335,0.4494485294117647,0.08333333333333333,0.08639705882352941,0.007199754901960784,1.702127659574468,0.0046875,0.0013786764705882354,0.07439918925433346,0.00305778784243801,0.0025481565353650086,0.002038525228292007,0.005096313070730017,0.0010192626141460035,0.003567419149511012,0.0,0.00611557568487602,-0.0010192626141460035,0.004586681763657016,-0.002038525228292007,0.007134838299022024,-0.00305778784243801,0.009682994834387032,-0.008154100913168028,0.01223115136975204
ff86fa4faa9b4a8c,b6cf3a91b7,images/train/ff86fa4faa9b4a8c.jpg,Boat,0.35494791666666664,0.5615808823529411,0.08385416666666666,0.07352941176470588,0.006165747549019608,2.0125,0.00026041666666666666,0.004136029411764706,0.03989504865058192,-0.009362051098792267,-0.004956379993478259,-0.014318431092270528,-0.001101417776328502,-0.019274811085748786,0.0027535444408212555,-0.024231191079227048,0.002202835552657004,-0.03359324217801932,0.006057797769806762,-0.03854962217149757,0.005507088881642511,-0.043506002164975834,0.004956379993478259,-0.05727372436908211,0.008811342210628017
ffc74d862336f8d7,c230f95bbd,images/train/ffc74d862336f8d7.jpg,USV,0.008333333333333333,0.8342592592592593,0.016666666666666666,0.03888888888888889,0.0006481481481481481,0.7619047619047619,-0.005208333333333333,0.041666666666666664,1.2574184627546197,0.06137378162887286,-0.071602745233685,0.12274756325774572,-0.10228963604812143,0.18412134488661858,-0.13297652686255787,0.24549512651549144,-0.1636634176769943,0.3068689081443643,-0.19435030849143073,0.36824268977323715,-0.22503719930586716,0.4568937076816091,-0.29663994453955217,0.545544725589981,-0.36824268977323715
ffd1e30b83a88d12,b9351a7480,images/train/ffd1e30b83a88d12.jpg,Boat,0.5278645833333333,0.6962962962962963,0.2869791666666667,0.13333333333333333,0.03826388888888889,3.826388888888889,0.01328125,0.00787037037037037,0.09542493663588197,0.0011094122990685025,-0.00022188245981370053,0.00044376491962740106,-0.00399388427664661,0.0015531772186959036,-0.0042157667364603095,0.0008875298392548021,-0.006212708874783614,-0.0015531772186959036,-0.011759770370126127,-0.002218824598137005,-0.019081891543978245,-0.004659531656087711,-0.026404012717830362,-0.005325179035528813,-0.033726133891682476
